Id,BIRTHDATE,DEATHDATE,SSN,DRIVERS,PASSPORT,PREFIX,FIRST,LAST,SUFFIX,MAIDEN,MARITAL,RACE,ETHNICITY,GENDER,BIRTHPLACE,ADDRESS,CITY,STATE,COUNTY,ZIP,LAT,LON,HEALTHCARE_EXPENSES,HEALTHCARE_COVERAGE
40b06798-5087-8892-85bd-85ef154cafc1,2001-02-06,,999-36-8889,S99952479,X69616444X,Mr.,Lucio648,Williamson769,,,,white,nonhispanic,M,Weston  Massachusetts  US,178 Ruecker View,Attleboro,Massachusetts,Bristol County,02861,41.95479066685227,-71.32310175676565,615814.6950000001,2156.955
7d9326b2-a9cc-5478-51cd-6b5fd909b8e0,2025-02-23,,999-44-8252,,,,Dwain139,Kassulke119,,,,white,hispanic,M,Springfield  Massachusetts  US,240 Strosin Run Unit 17,Boston,Massachusetts,Suffolk County,02114,42.36080317802934,-71.08159952916489,4678.316500000001,8138.013499999999
91f5c184-71fc-d08d-fd05-fe91d03d703f,1977-06-06,,999-73-2478,S99967634,X77756619X,Mrs.,Cristin88,Auer97,,Price929,M,white,nonhispanic,F,Rochester  Massachusetts  US,895 Swaniawski Ville Unit 14,Westport,Massachusetts,Bristol County,,41.556382628391326,-71.06466472956126,626921.274,340434.556
3bb787a4-e83c-b781-2f54-b095c83156e8,2021-02-08,,999-58-3354,,,,Garfield38,Cummings51,,,,white,nonhispanic,M,Framingham  Massachusetts  US,1069 Lubowitz Neck,Rutland,Massachusetts,Worcester County,,42.36342364140217,-71.93899364169293,149767.45,56.21999999999992
0b426bde-b3e8-e491-2ac1-1beeeeee6aab,1970-06-14,,999-31-3362,S99981896,X33428511X,Mr.,Cletus494,Franecki195,,,M,white,nonhispanic,M,Weston  Massachusetts  US,603 Hermiston Crossroad Apt 9,Shrewsbury,Massachusetts,Worcester County,,42.29651644793447,-71.68469230926706,1419216.9275000005,18838.2225
4f868712-517e-ca2e-1e4a-a15a88e9560c,1984-09-20,,999-32-5247,S99951979,X64113130X,Mr.,Rodolfo763,Kessler503,,,S,white,nonhispanic,M,Billerica  Massachusetts  US,119 Gaylord Common Apt 81,Boylston,Massachusetts,Worcester County,,42.365831035210974,-71.7345769047935,160273.33600000004,181576.84400000004
62fcb236-59d1-6980-eb0d-7eb2bd007856,1948-10-09,,999-54-1424,S99991268,X39422425X,Mr.,Brant303,Beer512,,,M,black,nonhispanic,M,Braintree  Massachusetts  US,817 Hagenes Flat,Boston,Massachusetts,Suffolk County,02113,42.33367498443309,-71.00035592056042,189698.33750000002,26448.712499999998
c61db254-bfb1-da53-d34e-e19a6699008c,1990-09-01,,999-91-6087,S99943937,X63985039X,Mrs.,Rosalia943,McGlynn426,,Bogan287,M,white,nonhispanic,F,Lawrence  Massachusetts  US,642 Smith Dam Apt 48,Shirley,Massachusetts,Middlesex County,,42.614570463417905,-71.68622804296379,1502603.3000000003,25560.06
a4086906-6154-82f3-80e2-7d830e3a96a3,1977-12-17,1979-06-16,999-49-8260,,,,Rima243,Botsford977,,,,white,hispanic,F,Great Barrington  Massachusetts  US,1088 Aufderhar Ranch,Methuen,Massachusetts,Essex County,,42.73335281931622,-71.169492985194,52757.600000000006,0.0
b3b38d06-2b75-3137-b63a-e3d744946ec0,2009-03-10,,999-51-4611,S99998762,,,Cornelius968,Marvin195,,,,white,nonhispanic,M,Methuen  Massachusetts  US,791 Bernhard Underpass,Norwood,Massachusetts,Norfolk County,02062,42.16878968137798,-71.18448360571293,407966.18499999994,4765.785000000001
34161fb0-c3ba-8956-8ebe-448e2e02ef3b,2010-08-24,,999-57-6313,,,,Suzette512,Flatley871,,,,white,nonhispanic,F,Mansfield  Massachusetts  US,148 Deckow Boulevard Apt 5,Canton,Massachusetts,Norfolk County,,42.16197348996821,-71.12810251642064,401014.27999999997,206.21999999999997
6572bae5-22f2-f18a-c8d6-61beb8400f24,1966-06-07,1975-03-25,999-90-8927,,,,Fredric73,Gerhold939,,,,white,nonhispanic,M,Methuen  Massachusetts  US,404 Stanton Bypass,Sudbury,Massachusetts,Middlesex County,,42.414873578137126,-71.46513169567493,283059.99,0.0
bc871554-c933-95c6-3f78-b39610cceeff,1962-06-23,,999-19-3778,S99915817,X63358561X,Mr.,Rogelio17,Terry864,,,M,white,nonhispanic,M,Beverly  Massachusetts  US,504 Prosacco Walk Apt 89,Williamstown,Massachusetts,Berkshire County,01267,42.681611418697045,-73.24243571219901,2044291.2600000007,66350.25
400fed6e-c4e7-9bdd-0090-03a526dbfed0,1989-04-16,,999-27-9450,S99912221,X77553298X,Mrs.,Augusta206,Schiller186,,Morissette863,M,white,nonhispanic,F,Taunton  Massachusetts  US,201 Pfannerstill Vale Unit 60,Boston,Massachusetts,Suffolk County,02131,42.289674463836484,-71.14962874124718,1305181.9374999998,397.13249999999994
fb0ab3fe-251a-684f-e230-fb04da788867,1980-01-02,,999-44-7401,S99987978,X27925814X,Mrs.,Teisha100,Wiza601,,Conn188,M,white,nonhispanic,F,Fitchburg  Massachusetts  US,558 Medhurst Club Apt 34,Agawam,Massachusetts,Hampden County,01030,42.018380955276946,-72.65648886411003,1576866.0100000002,34023.06
6748b003-02c4-ec90-7a85-e59de1058b9a,1987-12-26,,999-48-3263,S99910105,X40489586X,Mr.,Francesco636,Cassin499,,,M,white,nonhispanic,M,Beverly  Massachusetts  US,872 Emmerich Ville,Malden,Massachusetts,Middlesex County,,42.46781278807463,-71.0346779012112,1372983.8325000003,3121.9875
aebf3527-f354-fc79-5192-ebf1a320aa1b,2007-09-30,,999-45-7838,S99919270,,Ms.,Xenia801,Hoeger474,,,,white,nonhispanic,F,Nizhny Novgorod  Nizhny Novgorod Oblast  RU,454 Kiehn Landing Apt 78,Lynn,Massachusetts,Essex County,01906,42.41898450745066,-70.95836541040353,63581.625499999995,86670.88449999999
d805b40d-1d10-3147-3e38-eec47cce2f6b,1966-06-07,,999-36-1107,S99990888,X32499549X,Mr.,Bryant814,Wisoky380,,,M,white,nonhispanic,M,Chicopee  Massachusetts  US,555 Abshire Underpass,Sudbury,Massachusetts,Middlesex County,,42.40704512322126,-71.44143813452936,1583800.1300000006,11219.849999999999
056474d2-9be0-b281-5f00-8ddf666b99a6,1977-12-17,,999-31-2622,S99956022,X75208760X,Ms.,Lekisha909,Dicki44,,,S,white,hispanic,F,Kingston  Massachusetts  US,213 Harris Overpass,Methuen,Massachusetts,Essex County,01844,42.70852252098621,-71.17671141266354,1767976.1099999999,2530.4699999999993
6535eacc-f470-b4e5-7142-e20ffa8ea78a,1927-08-14,2021-02-16,999-16-5379,S99928812,X51034641X,Ms.,Jovan870,Harris789,,,S,white,nonhispanic,F,Boston  Massachusetts  US,811 Prosacco Throughway,Andover,Massachusetts,Essex County,01810,42.60197341711059,-71.16977869680562,3077721.3480000007,1268990.4719999998
a58ddb67-dfdd-c9dd-f705-d57bfabe686e,2015-03-14,,999-58-4666,,,,Danny396,Bauch723,,,,black,nonhispanic,M,Falmouth  Massachusetts  US,1008 Kautzer Trace,Plymouth,Massachusetts,Plymouth County,,41.94391067733484,-70.65377944474011,553461.9049999999,307.42499999999995
510f0d01-055b-94f1-3e0f-6d119accfd2c,2015-08-31,,999-23-7621,,,,Sidney996,O'Kon634,,,,white,nonhispanic,M,Waltham  Massachusetts  US,512 Rohan Knoll Unit 9,Norton,Massachusetts,Bristol County,,41.95572704914224,-71.1675795985768,348525.7324999999,1013.1075000000001
ef880d7d-d8ee-ecbe-d4ff-851d5de8d1c4,1978-08-21,,999-59-7947,S99919936,X32048511X,Mr.,Porfirio146,Goodwin327,,,M,asian,nonhispanic,M,Macau  Macao Special Administrative Region of the People's Republic of China  CN,314 Runte Gardens Suite 86,Newton,Massachusetts,Middlesex County,02458,42.38052851299409,-71.17960907447502,1228078.3900000001,12726.869999999999
9c2cd9e0-4232-a96c-7e86-ebf793ef1b8f,1974-03-25,,999-26-9520,S99961394,X88160114X,Mrs.,Katheryn92,Ryan260,,Okuneva707,M,white,nonhispanic,F,Norfolk  Massachusetts  US,888 Mante Bypass,West Springfield,Massachusetts,Hampden County,01089,42.13880892523488,-72.66880094327296,1982866.4140000003,839637.1660000001
032b1a24-4659-6c03-053d-4f62a5bd17e3,2012-11-30,,999-69-1207,,,,Lavern240,Miller503,,,,white,nonhispanic,F,Cambridge  Massachusetts  US,229 Beahan Estate,Melrose,Massachusetts,Middlesex County,02176,42.46228759357281,-71.01629611206069,325651.55,0.0
4e8e142e-5d36-b13c-15e5-c0dd092b4407,1977-02-28,2014-04-19,999-49-2619,S99941468,X4365507X,Mrs.,Tama137,Davis923,,Hintz995,M,asian,nonhispanic,F,Rockland  Massachusetts  US,977 Hayes Grove Suite 22,Walpole,Massachusetts,Norfolk County,02081,42.15080808867077,-71.30180476053094,1612339.102,188734.928
ccb41b76-5383-2e94-de23-16670f1c421a,1979-03-21,,999-59-1243,S99972019,X27524782X,Mr.,Frankie174,Reynolds644,,,M,white,nonhispanic,M,Pittsfield  Massachusetts  US,582 Pacocha Well Suite 73,Brockton,Massachusetts,Plymouth County,02302,42.06987630151241,-71.03489332522277,1910203.8125000005,5243.797500000001
53c27c57-16fd-9806-1dd7-b33d249e9f83,2021-03-15,,999-67-1585,,,,Sang383,Borer986,,,,white,nonhispanic,M,Dennis Port  Massachusetts  US,882 Stracke Quay,Shrewsbury,Massachusetts,Worcester County,,42.25317273323195,-71.68566036650536,137209.41749999998,861.0524999999999
0e3ff44b-ca10-fd2f-bd59-c1416e3e38ff,1965-08-07,,999-30-7299,S99927996,X1497112X,Mr.,Rudy520,Yundt842,,,M,white,nonhispanic,M,Boston  Massachusetts  US,994 Klocko Esplanade,Westfield,Massachusetts,Hampden County,01085,42.10027148858908,-72.70873051615624,192524.75999999998,93190.44
4260d5aa-06da-98a4-aa0f-33f66da5fc34,1960-08-28,,999-53-8266,S99956888,X37685409X,Mr.,Elvin140,Koelpin146,,,M,white,hispanic,M,Boston  Massachusetts  US,472 Zboncak Avenue Unit 61,Plymouth,Massachusetts,Plymouth County,02360,41.84666958099022,-70.63932758740216,1657017.4000000008,1957.58
b667fcbe-c808-bf7f-8c46-3efc635cfdf2,1927-08-14,,999-17-8168,S99947809,X2786805X,Mrs.,Anneliese170,Toy286,,Vandervort697,M,white,nonhispanic,F,Belchertown  Massachusetts  US,1021 Frami Meadow,Andover,Massachusetts,Essex County,,42.66114663440314,-71.15763207371809,2434108.8245000006,178324.89550000007
2dbafc61-17c6-2359-52f8-b7b6c73c34e5,2015-01-31,,999-75-2007,,,,Laurena366,Marks830,,,,white,nonhispanic,F,Somerville  Massachusetts  US,729 Kautzer Fork,Plymouth,Massachusetts,Plymouth County,,41.86873010710232,-70.58310162753676,289167.5575,2407.2525
800de778-edba-440a-4dc6-6e3ba7afa534,1995-09-09,,999-52-8254,S99947655,X7085954X,Mrs.,Treva754,Harber290,,Cormier289,M,white,nonhispanic,F,Marlborough  Massachusetts  US,1046 Herzog Village Apt 44,Boston,Massachusetts,Suffolk County,02109,42.39318083902824,-71.09088820752963,986575.358,185352.75199999998
c2fbb4a2-dc8b-b514-1d7e-b575e413717d,1999-01-24,,999-55-8370,S99917264,X73623391X,Mr.,Matthew562,Wunsch504,,,M,white,nonhispanic,M,Quincy  Massachusetts  US,362 Schmidt Corner,Lowell,Massachusetts,Middlesex County,01852,42.669433043871564,-71.30116527718114,689231.13,2658.42
72514e12-3c43-f6aa-ce85-69c2e4d1f860,1977-02-28,,999-52-9744,S99930143,X4632063X,Mrs.,Krissy321,Wintheiser220,,Bruen238,M,asian,nonhispanic,F,Hudson  Massachusetts  US,911 Kilback Way,Walpole,Massachusetts,Norfolk County,,42.16093005144937,-71.29021445986459,1874705.8215,149675.3485
b2494939-f46b-2c67-7e34-849e38227103,1968-10-27,2022-06-05,999-33-4067,S99969114,X8475717X,Mrs.,Idalia306,Schmidt332,,Leannon79,M,white,nonhispanic,F,Nice  Provence-Alpes-Cote d'Azur  FR,826 Hoeger Junction Apt 74,Bourne,Massachusetts,Barnstable County,02532,41.68013404971177,-70.56525902175837,1706363.8325000003,19085.977499999997
66a01a13-02da-fcff-ea5a-6fdd83ca4c2d,2004-04-05,,999-25-9003,S99917053,X88372388X,Ms.,Twanna669,Kling921,,,,asian,nonhispanic,F,Macau  Macao Special Administrative Region of the People's Republic of China  CN,323 Heller Underpass,Amherst,Massachusetts,Hampshire County,,42.39370904022238,-72.47176331103613,87760.17550000001,304383.3345
89dee881-67b1-94bb-6a64-372f064c1388,1971-02-24,,999-11-8059,S99962478,X10426157X,Mr.,Rupert654,Lynch190,,,M,white,nonhispanic,M,Needham  Massachusetts  US,1065 Lehner Course Unit 4,Walpole,Massachusetts,Norfolk County,,42.16499172056994,-71.2980269069792,1629458.1849999998,43550.594999999994
06b74d0a-ea41-dafd-7517-b36ab8c7899f,2017-09-22,,999-44-7520,,,,Rhett759,Okuneva707,,,,white,nonhispanic,M,Wellesley  Massachusetts  US,597 Crooks Trace,Peru,Massachusetts,Berkshire County,,42.44325513308083,-73.07226107074763,216620.19999999998,2828.6400000000003
ee0a7cda-3fed-b99f-b506-6cf3283c0aab,1973-02-07,,999-47-9164,S99978800,X86645140X,Mr.,Nolan344,Kling921,,,S,white,nonhispanic,M,Grafton  Massachusetts  US,104 Deckow Trail,Norwood,Massachusetts,Norfolk County,,42.2017490909447,-71.20931280285696,1331078.355,3645.435
d4e31aba-74e4-a454-02d5-9a923c670976,1997-08-14,,999-20-9054,S99922181,X42386835X,Ms.,Margarite168,Sanford861,,,S,white,nonhispanic,F,Taunton  Massachusetts  US,919 Bartell Run Apt 92,Quincy,Massachusetts,Norfolk County,02170,42.24298029846869,-70.96863056978434,889839.4280000001,148404.602
87445a26-4697-721f-8491-c8aa4bba3ca2,1951-03-31,,999-20-8029,S99939239,X28257725X,Mrs.,Jewel43,Schmeler639,,Corwin846,M,white,nonhispanic,F,Dartmouth  Massachusetts  US,784 Schumm Drive,Bolton,Massachusetts,Worcester County,,42.485243355758556,-71.56451415199025,2570714.595,43182.37499999999
31b55cf4-365d-b615-3e3c-0a66a0e80322,1965-01-06,,999-64-6020,S99938093,X34622774X,Mr.,Tristan353,Funk324,,,M,white,nonhispanic,M,Yarmouth  Massachusetts  US,521 Borer Fort Unit 51,Watertown,Massachusetts,Middlesex County,02472,42.418730550276116,-71.19023163797071,1572483.8374999992,2430.3224999999998
bbe24bbc-c54f-7561-078a-b1a354ca43d8,2002-07-30,,999-11-7727,S99954249,X84047845X,Ms.,Piedad413,Terry864,,,,white,nonhispanic,F,Ipswich  Massachusetts  US,619 Schaefer Park,Carver,Massachusetts,Plymouth County,,41.89518955442765,-70.72419168582182,646780.5769999999,157705.37299999996
3239a487-356f-3b1f-6bf3-1a0335cbb850,2007-02-22,,999-72-2446,S99934893,,Mr.,Shad704,Pacocha935,,,,white,nonhispanic,M,Woburn  Massachusetts  US,777 Rempel Common,Amherst,Massachusetts,Hampshire County,,42.39045806863005,-72.46309747661684,79462.19150000002,327601.63849999994
b71da21a-d423-bff8-0cf2-8619c0a88741,1993-11-14,,999-77-9318,S99969623,X68824034X,Mrs.,Marlin805,DuBuque211,,Tillman293,M,white,nonhispanic,F,Ipswich  Massachusetts  US,208 Hills Annex Apt 63,Westford,Massachusetts,Middlesex County,,42.612907394296435,-71.39389334521364,1414315.1275,33938.60249999999
4cd598b5-a3aa-a32b-8da2-e82d57f1f4be,1968-10-27,,999-23-2778,S99929693,X45557600X,Ms.,Evie333,Connelly992,,,S,white,nonhispanic,F,Paris  Ile-de-France  FR,998 Schneider Lane Suite 65,Bourne,Massachusetts,Barnstable County,02532,41.7329620221333,-70.61715942912168,2137084.7925,211194.96749999994
2abf00ca-09b2-ba6f-49ad-209111f3cb89,2004-02-16,,999-19-7347,S99959568,X9012141X,Mr.,Dong972,Armstrong51,,,,white,nonhispanic,M,Chicopee  Massachusetts  US,1033 Hamill Spur Apt 71,Shrewsbury,Massachusetts,Worcester County,,42.24338646552083,-71.70118642305648,600268.9500000001,1035.12
a1ba7937-70d8-72cc-08c7-2eb51c2964c4,1977-08-26,,999-39-3394,S99918804,X72214323X,Mr.,Brenton674,Becker968,,,S,white,nonhispanic,M,Woburn  Massachusetts  US,529 Pacocha Green Apt 99,Pembroke,Massachusetts,Plymouth County,,42.111316005994304,-70.8521421342731,1205812.9625000001,1920.7575
f69c2457-979c-57a7-3902-36e39b85be72,1959-07-11,,999-27-6230,S99942425,X68892031X,Mrs.,Oscar384,West559,,Goldner995,M,asian,nonhispanic,F,Incheon  Incheon  KR,869 Windler Stravenue Suite 76,Reading,Massachusetts,Middlesex County,,42.520826818688285,-71.15810642263246,1913788.2285000007,86960.60149999999
3c143086-99e3-5206-a056-4033ab2ad29b,2002-02-20,,999-60-8058,S99954821,X74477681X,Mr.,Antwan357,Gerlach374,,,,white,nonhispanic,M,Medford  Massachusetts  US,758 Botsford Rue Suite 51,Brookline,Massachusetts,Norfolk County,02445,42.31229970749925,-71.18766861114267,608684.4199999999,3666.5999999999995
d0601aea-58de-aefe-dda7-b1405a0033a2,2014-05-22,,999-66-5033,,,,Rolando809,Ryan260,,,,white,nonhispanic,M,Agawam  Massachusetts  US,620 Bahringer Trafficway,Attleboro,Massachusetts,Bristol County,02861,41.92026319139171,-71.30847868704483,319518.3825,400.9274999999999
3b5a56c2-0fa1-92c5-9c77-5599bb115bc1,1921-04-28,1983-12-27,999-47-3977,S99942409,X59847366X,Mr.,Mitchell808,Borer986,,,M,white,nonhispanic,M,Oxford  Massachusetts  US,124 Emmerich Quay Apt 37,Barre,Massachusetts,Worcester County,,42.388953690778145,-72.15766102312604,1531520.2900000005,1278.7499999999995
e2c7dc63-711e-e3b7-36be-ca3c62f70f36,1965-06-02,1990-06-21,999-39-6219,S99925623,X64097309X,Mr.,Sang383,Collier206,,,,white,nonhispanic,M,Brockton  Massachusetts  US,332 Kulas Track Suite 4,Falmouth,Massachusetts,Barnstable County,02540,41.5457642974087,-70.58688181681006,706951.1425000001,578.3175
b086b509-0be5-a230-d330-06e6074f18c6,2005-06-02,,999-25-4981,S99991007,X54837803X,Ms.,Leticia253,Nieves278,,,,native,hispanic,F,Marigot  Saint Andrew Parish  DM,167 Hammes Ramp,Boston,Massachusetts,Suffolk County,02203,42.410138411868964,-71.01472131056825,68516.661,48576.55899999999
2ff0ab1f-5cd6-a25b-72c3-6ed2c0e4750f,1996-08-18,,999-12-1625,S99941236,X86150077X,Mrs.,Rosette746,Sporer811,,Tromp100,M,black,nonhispanic,F,Lancaster  Massachusetts  US,283 Hudson Underpass,Winthrop,Massachusetts,Suffolk County,,42.38708358717307,-70.95084397545888,840086.2775000001,260880.3025
9135de8d-e56a-56d0-4fc6-f72c92a65267,1967-07-15,,999-60-4078,S99949805,X53346149X,Ms.,Tommye961,Lang846,,,S,white,nonhispanic,F,Walpole  Massachusetts  US,890 Cartwright Ranch,Easton,Massachusetts,Bristol County,,42.06677994752244,-71.1054287395095,233809.4125,861448.8375000003
1062dfac-b9b8-0482-25a1-6e67a3a2b1ba,1979-01-26,,999-88-4854,S99994837,X45739286X,Mr.,Christoper325,Daugherty69,,,M,white,nonhispanic,M,Holden  Massachusetts  US,582 Luettgen Ferry,Brookfield,Massachusetts,Worcester County,,42.2300288776059,-72.10207518878462,150218.51750000002,57731.83250000001
d386732b-16fd-1307-e17c-5f6c8686f104,1995-08-13,,999-21-3314,S99950561,X40302576X,Mr.,Vernon254,Hoeger474,,,M,white,nonhispanic,M,Methuen  Massachusetts  US,763 D'Amore Ferry Apt 3,Lawrence,Massachusetts,Essex County,01841,42.678859260824666,-71.14975241603197,97066.71800000001,38507.64199999999
fdac83ac-d78e-70b2-4b84-d802018463f1,2016-05-23,,999-78-5458,,,,Cliff504,Predovic534,,,,white,nonhispanic,M,Salem  Massachusetts  US,323 Simonis Bridge Unit 79,Weston,Massachusetts,Middlesex County,,42.35527494443137,-71.30204650137634,32101.883500000004,13145.7865
04c1d5fa-a485-3b50-5a5d-510d1ec2e7c9,1986-01-23,,999-96-4667,S99939168,X28032107X,Mr.,Lucio648,Koelpin146,,,S,white,nonhispanic,M,Fall River  Massachusetts  US,1014 Wintheiser Gate,Amherst,Massachusetts,Hampshire County,,42.39895000288339,-72.53107974181934,1027445.4500000002,0.0
52b37fa1-7f42-8a84-9c74-af12bb97444b,2006-06-10,,999-81-3764,S99936654,X76199857X,Mr.,Rocky100,Jerde200,,,,white,nonhispanic,M,Newton  Massachusetts  US,944 Lebsack Rue,Newbury,Massachusetts,Essex County,,42.721460485574916,-70.88210179855712,479636.255,3005.354999999999
93b7388f-122c-bbbf-39f1-37232326af7b,1965-06-02,,999-55-3223,S99948564,X60565813X,Mr.,Isiah14,Jacobs452,,,M,white,nonhispanic,M,Dennis  Massachusetts  US,736 Hilpert Haven,Falmouth,Massachusetts,Barnstable County,02540,41.546809623926535,-70.61611185190881,1532691.6750000007,35157.105
349be002-0bad-bc68-78c6-111a92719a1a,1921-04-28,1973-09-06,999-48-3661,S99968826,X49752801X,Mr.,David908,Kreiger457,,,M,white,nonhispanic,M,Haverhill  Massachusetts  US,110 Eichmann Alley,Barre,Massachusetts,Worcester County,01005,42.4054918713544,-72.08026389257041,1356270.45,1060.89
3439b3f5-51fe-34fa-a194-8c928b94e719,2000-08-16,,999-13-2778,S99927883,X35985131X,Ms.,Hortensia953,Cummings51,,,,white,nonhispanic,F,Holliston  Massachusetts  US,422 Donnelly Vista,Boston,Massachusetts,Suffolk County,02108,42.39575932182149,-71.07283687929518,1404614.9799999997,0.0
d6024a89-0cc0-6921-dcea-34eab9131951,1941-11-23,,999-38-7943,S99933673,X43263222X,Mrs.,Jennette837,Pagac496,,Wehner319,M,white,nonhispanic,F,Lowell  Massachusetts  US,681 Doyle Harbor,Westminster,Massachusetts,Worcester County,,42.578535247717774,-71.92509631879786,2362245.07,410886.20999999996
caa7db69-2eb6-2566-3b36-035f4c31755d,2001-05-02,,999-76-4655,S99941014,X46905348X,Mr.,Alton320,West559,,,,white,nonhispanic,M,Athol  Massachusetts  US,244 Willms Wynd Suite 44,Boston,Massachusetts,Suffolk County,02131,42.33733457150849,-70.96913807727294,82313.40300000002,77964.657
4b09b57f-f377-828e-eba2-9dffd77d54ae,2014-04-13,,999-54-3278,,,,Mike230,Terry864,,,,white,nonhispanic,M,Acushnet  Massachusetts  US,1083 Gulgowski Skyway,Acton,Massachusetts,Middlesex County,,42.52923824781024,-71.45198345539514,305550.73,0.0
a8232502-f0a6-37f3-c67a-27e6d0c92d0e,2014-04-05,,999-22-8465,,,,Chelsie189,Lakin515,,,,white,nonhispanic,F,Waltham  Massachusetts  US,206 Fahey Harbor,Boston,Massachusetts,Suffolk County,02121,42.29996903058795,-71.00927538446778,317968.03,0.0
bf456ad4-dd06-c014-b976-7448e5df59eb,1966-09-04,2024-08-21,999-27-8572,S99972750,X31569021X,Mrs.,Fredia307,Stroman228,,Reilly981,M,white,nonhispanic,F,Waltham  Massachusetts  US,118 Donnelly Gate Unit 15,Taunton,Massachusetts,Bristol County,,41.88485304951916,-71.15374532441908,2270661.3725000005,8163.127499999999
8aac98ef-9c5c-3856-6cad-28e91db34ff4,2006-05-05,,999-13-6260,S99939432,X48484666X,Ms.,Roma9,Beahan375,,,,white,nonhispanic,F,Lynn  Massachusetts  US,146 Kassulke Way Unit 22,North Amherst,Massachusetts,Hampshire County,01059,42.43924046653967,-72.54720574907508,516031.4324999999,6936.637500000001
6934d3da-bc80-811f-046f-235d7e656932,1965-10-21,,999-15-9923,S99967466,X6246362X,Mr.,Floyd420,Walsh511,,,S,white,nonhispanic,M,Needham  Massachusetts  US,1097 Crona Street,Boston,Massachusetts,Suffolk County,02136,42.3821104522702,-71.05853418896547,293804.89,0.0
c981b588-edbd-bb91-d280-218527a6d4d1,2001-07-27,,999-44-1435,S99999342,X28902868X,Mr.,Porter490,Pacocha935,,,,native,nonhispanic,M,Andover  Massachusetts  US,221 Kautzer Lodge,Amesbury,Massachusetts,Essex County,,42.87427868871277,-70.91663350934652,599690.645,4779.945
6bb0389a-049e-86de-2669-b63250440659,1972-11-20,,999-36-9940,S99952401,X53545270X,Mr.,Carmen818,Senger904,,,M,white,nonhispanic,M,Woburn  Massachusetts  US,944 Roob Passage Suite 3,Barnstable,Massachusetts,Barnstable County,02668,41.57906282859608,-70.36251475909634,1171184.6475,307.3124999999998
ad11fb5b-7d02-7472-9475-f1716e722c9a,1921-04-28,2005-10-17,999-50-5551,S99913207,X46781387X,Mr.,Wm806,Klocko335,,,M,white,nonhispanic,M,Boston  Massachusetts  US,831 Torphy Forge Apt 83,Barre,Massachusetts,Worcester County,,42.44009275781532,-72.12471546627602,2159564.1424999996,591440.9075000001
65db4470-6389-4256-8415-6f16ced37d46,1920-08-20,,999-72-7468,S99990272,X30072928X,Mrs.,Soraya693,Luettgen772,,Goyette777,M,white,nonhispanic,F,Brookline  Massachusetts  US,321 Larkin Avenue Unit 83,Worcester,Massachusetts,Worcester County,01545,42.29163011581951,-71.81139934717197,3481786.538499999,171545.19150000004
78ec5cab-b7e9-b38a-65b4-cc27ceed50c4,1941-06-16,1944-06-28,999-67-9277,,,,Adena533,Hartmann983,,,,white,nonhispanic,F,Malden  Massachusetts  US,983 Kris Road,Southampton,Massachusetts,Hampshire County,,42.25762972488179,-72.77015176501969,74762.19750000001,10203.472499999998
3815b109-b59d-4b70-2309-410a934af4b0,2003-02-16,,999-56-1768,S99932456,X48616888X,Ms.,Karissa612,Boyle917,,,,white,nonhispanic,F,Northampton  Massachusetts  US,1029 Donnelly Burg Suite 61,Boston,Massachusetts,Suffolk County,02126,42.34815689233075,-71.03585719692146,652177.1950000001,27747.795000000002
73bde7fd-c4f8-e959-f11a-77208953a7f1,1962-08-11,,999-91-1553,S99917871,X15188841X,Ms.,Elisa944,Guerrero997,,,S,white,hispanic,F,Roseau  Saint George  DM,846 Yundt Harbor,Hinsdale,Massachusetts,Berkshire County,,42.446376765782,-73.10495973663696,1878564.901,431573.279
900618d6-d8f4-9275-0c2e-905aac31642f,1990-11-30,,999-94-9485,S99957019,X3865242X,Mr.,Shaun461,Stracke611,,,M,white,nonhispanic,M,Natick  Massachusetts  US,1002 Auer Well Apt 51,Mansfield,Massachusetts,Bristol County,,42.00757861912974,-71.183991306132,910414.1250000001,15453.434999999998
08af9d9c-3a2b-86e1-625d-184f48db9c86,2011-03-20,,999-79-7229,,,,Cyril535,Mertz280,,,,white,nonhispanic,M,Holyoke  Massachusetts  US,934 Pfannerstill Dale,Wayland,Massachusetts,Middlesex County,,42.36204120066903,-71.35683129341142,377362.135,732.3149999999999
5d6941b1-9934-da1c-1e58-2587d3de1767,1966-09-04,,999-21-4343,S99991320,X11528796X,Mrs.,Gertha313,Effertz744,,Parisian75,M,white,nonhispanic,F,Concord  Massachusetts  US,830 Gleason Drive,Taunton,Massachusetts,Bristol County,02718,41.89982885147545,-71.06330233161404,1900803.6515000002,251741.1985
7b8de5f5-1d50-7cd8-7c02-b26987a10e19,2023-06-02,,999-28-4849,,,,Stanton715,Bartoletti50,,,,white,nonhispanic,M,Bridgewater  Massachusetts  US,1020 Fadel Approach Apt 38,Plainville,Massachusetts,Norfolk County,,42.04277255880951,-71.35473858470003,85740.85,206.21999999999997
20324078-9c3b-e184-4b81-6d2a3ef4c63d,1953-12-20,,999-20-1136,S99962552,X72584044X,Mr.,Vance413,Robel940,,,M,asian,nonhispanic,M,Canton  Massachusetts  US,588 Conroy Green,Wakefield,Massachusetts,Middlesex County,01940,42.531001629461386,-71.04161314253824,1748419.5135000006,10956.2865
7af1c790-8b33-7be2-e6b2-7051bc9aded2,1921-04-28,2005-09-30,999-66-1069,S99942995,X2620248X,Mr.,Alexander630,Schuppe920,,,S,white,nonhispanic,M,Worcester  Massachusetts  US,179 Marvin Camp,Barre,Massachusetts,Worcester County,01005,42.402312151134154,-72.05725869804063,2608253.508000001,386185.3119999999
3163a228-13fd-2bfa-5031-2783a5f9c878,1971-11-28,,999-30-3693,S99958676,X67948569X,Mrs.,Lanelle105,Bosco882,,Strosin214,M,white,nonhispanic,F,Tewksbury  Massachusetts  US,347 Bartell Arcade,Cambridge,Massachusetts,Middlesex County,,42.32001251476067,-71.06620375704556,1751127.1594999998,463152.8605
d2cc5900-e0f5-73b5-8217-8cd94b222c3b,1941-06-16,1995-07-13,999-71-4400,S99914904,X60649160X,Mrs.,Marianna323,Tillman293,,Grant908,M,white,nonhispanic,F,Cambridge  Massachusetts  US,862 Hintz Plaza,Southampton,Massachusetts,Hampshire County,,42.24551836679776,-72.71617947448821,1758046.2845000005,593123.1554999999
fb5ebefe-5683-e633-b457-16eef82ed761,1990-07-28,,999-95-4715,S99991625,X34666983X,Mr.,Chang901,Schimmel440,,,S,white,nonhispanic,M,Wellesley  Massachusetts  US,223 Little Crossroad,Newton,Massachusetts,Middlesex County,02465,42.36183664941549,-71.15912408590833,1709394.7525000002,1064.2875
5bc584a6-071e-e31c-debe-048fcc9e9ea3,1968-11-27,,999-94-2670,S99976085,X13616101X,Ms.,Lashawnda573,Schmidt332,,,S,asian,nonhispanic,F,Chongqing  Chongqing Municipality  CN,787 Paucek Light Suite 14,Hudson,Massachusetts,Middlesex County,,42.41442965520851,-71.54697921588664,1795884.7430000002,924705.6269999999
0586b6f5-8ced-a4ed-3609-0cf208b7b68b,1979-05-22,,999-48-3915,S99950988,X72532144X,Mrs.,Roxanna261,Pollich983,,Cruickshank494,M,white,nonhispanic,F,West Springfield  Massachusetts  US,612 Kassulke Mall Suite 43,Longmeadow,Massachusetts,Hampden County,,42.04966539612152,-72.62012172899487,2919178.979,205261.041
74517fff-e0e7-40aa-4d29-0ae60f5d7004,1948-07-08,1989-03-02,999-76-8614,S99931968,X61376907X,Mr.,Bobbie849,Cremin516,,,M,white,nonhispanic,M,Fiskdale  Massachusetts  US,672 Shields Lodge,Rockland,Massachusetts,Plymouth County,,42.15102083623776,-70.86432684831537,1152123.0075,2125.0125
cf369023-079f-b8d1-34e1-550090ee03a4,2009-02-28,,999-48-4563,S99933721,,,Guillermina633,Dooley940,,,,white,nonhispanic,F,Westfield  Massachusetts  US,430 Powlowski Way,Medford,Massachusetts,Middlesex County,02145,42.42724049811216,-71.06553922645023,496584.84500000003,257.68499999999995
88d57215-a3d3-64ee-da3d-02a8a2587399,1964-02-13,,999-14-8407,S99922911,X16877679X,Mrs.,Cinderella355,Keeling57,,Schoen8,M,white,nonhispanic,F,Newton  Massachusetts  US,464 Shields Byway,Boston,Massachusetts,Suffolk County,02132,42.381570328557714,-71.13522427158934,2118513.5785000003,578707.7415
ee58aa98-63f5-84b4-5ffe-a4bc8a46886d,1965-12-05,2019-12-03,999-86-4015,S99927933,X44108210X,Mrs.,Yolando662,Runolfsdottir785,,Spencer878,M,white,nonhispanic,F,Franklin  Massachusetts  US,409 Welch Alley Unit 83,Worcester,Massachusetts,Worcester County,01608,42.24733574860403,-71.87359036128058,2395566.5324999997,304220.6674999999
d11448d6-bfc0-803b-db11-49594d400fb8,1981-12-28,,999-47-7188,S99949684,X16439186X,Mr.,Brenton674,Runolfsdottir785,,,M,white,nonhispanic,M,Revere  Massachusetts  US,232 Rogahn Dale,Plymouth,Massachusetts,Plymouth County,02360,41.885191493031556,-70.6261627708829,1110574.93,0.0
a5529cd3-79df-520d-b3f1-f1d8a2e3db6f,1972-02-19,,999-30-7432,S99948339,X33025448X,Mr.,Darrel772,Wiza601,,,M,white,nonhispanic,M,Pittsfield  Massachusetts  US,322 Gusikowski Way,Burlington,Massachusetts,Middlesex County,01730,42.4959543050956,-71.16853122728944,1822985.3200000008,769.1999999999998
e27e2075-f16e-02b0-23ad-12d3e0a1e1cc,1941-06-16,,999-59-9592,S99963677,X77125033X,Mrs.,Ludivina884,McDermott739,,Schuppe920,M,white,nonhispanic,F,Amherst  Massachusetts  US,1087 Durgan Ranch,Southampton,Massachusetts,Hampshire County,,42.20138798167825,-72.71095184219052,1862910.0935000002,460099.0865
5b68c837-9f97-c15c-e69d-a1583dff6a8b,1921-04-28,,999-35-3611,S99986319,X75731041X,Mr.,Rolf983,Wilderman619,,,M,white,nonhispanic,M,New Bedford  Massachusetts  US,166 Jakubowski Esplanade,Barre,Massachusetts,Worcester County,,42.41597603607477,-72.10710261281412,2411898.1825,660821.7675
3b9a5873-12b0-c97c-6dcd-aadc8e84347b,1965-09-06,,999-88-1494,S99958951,X35781098X,Mrs.,Gisele901,Heidenreich818,,Auer97,M,white,nonhispanic,F,Canton  Massachusetts  US,313 Price Heights Suite 46,Danvers,Massachusetts,Essex County,01937,42.606326755584,-70.91198975389538,1644700.9950000003,143834.11500000002
a2bc395b-0709-4d47-f093-5d16191c0f1f,1987-11-29,,999-48-6065,S99987340,X45583682X,Mrs.,Dorothea248,Metz686,,Lockman863,M,white,nonhispanic,F,Ayer  Massachusetts  US,381 Marks Frontage road Apt 2,Stoneham,Massachusetts,Middlesex County,,42.50376649901726,-71.13099957865109,2010097.8755,37011.70449999999
72a5f8dc-83da-a118-497f-adfc2cd28c6d,2021-03-16,,999-45-5570,,,,Jose871,McCullough561,,,,white,nonhispanic,M,West Springfield  Massachusetts  US,1067 Veum Path,Duxbury,Massachusetts,Plymouth County,02332,42.06999787957205,-70.68439303766208,140613.61000000002,0.0
13da306e-056b-bd20-67d0-ccad4e6254c6,1978-11-30,,999-69-1312,S99997138,X13447195X,Mr.,Wilbur107,White193,,,M,white,nonhispanic,M,Fitchburg  Massachusetts  US,895 Schmeler Harbor Apt 59,Yarmouth,Massachusetts,Barnstable County,,41.62866274843182,-70.27183673834215,1185815.4375,30249.142499999998
755ee962-47dd-3d0e-09b3-daf794424541,1975-09-12,1986-01-03,999-51-6699,,,,Maxwell782,Padberg411,,,,white,nonhispanic,M,Clinton  Massachusetts  US,415 Yost Ville Apt 24,Canton,Massachusetts,Norfolk County,,42.2013295099552,-71.1278072301489,346528.3275,1555.5225
817538fc-b08c-d8ac-16e7-224859f76db1,2003-03-25,,999-53-2871,S99983506,X87002419X,Mr.,Ervin886,Huels583,,,,white,nonhispanic,M,Rockland  Massachusetts  US,815 Stracke Walk,Boston,Massachusetts,Suffolk County,02126,42.324353874879954,-71.05506740267484,660619.9974999999,9243.8925
d0c67161-76d9-3967-671b-db409f5d5b39,2008-06-15,,999-38-1114,S99935414,,Mr.,Judson999,Donnelly343,,,,white,nonhispanic,M,Stoughton  Massachusetts  US,1079 Green Branch,Avon,Massachusetts,Norfolk County,,42.09049996697373,-71.05888383178754,450161.365,1636.0049999999997
0dcce0f2-8064-5bf1-939f-9025f433f4f5,1976-02-05,1999-01-05,999-17-5972,S99994315,X4343053X,Mr.,Joesph309,Barrows492,,,,white,nonhispanic,M,Foxborough  Massachusetts  US,762 Altenwerth Overpass,Hudson,Massachusetts,Middlesex County,01749,42.43436515397779,-71.57131175946802,555463.4925,897.6674999999999
112fb044-3a88-507f-ea2c-d6295263dabd,1948-07-08,,999-53-8075,S99944203,X56177051X,Mr.,Melvin857,O'Reilly797,,,S,white,nonhispanic,M,Boston  Massachusetts  US,694 Bergstrom Walk,Rockland,Massachusetts,Plymouth County,,42.1174807536004,-70.94888853370767,2012860.3675000002,159190.31249999997
54fd4ed6-c5f8-f4ac-5209-e63cee2d53db,1965-12-05,,999-47-2801,S99930261,X2650316X,Ms.,Kathy623,VonRueden376,,,S,white,nonhispanic,F,Medfield  Massachusetts  US,274 Champlin Arcade Unit 86,Worcester,Massachusetts,Worcester County,01604,42.271821740961286,-71.76201119719666,1815835.6605000005,55726.68949999999
107231a9-a153-e569-a8c4-843bbc663102,2001-03-11,,999-39-9035,S99934722,X71003684X,Mr.,Tommy814,Weissnat378,,,,white,nonhispanic,M,Lynn  Massachusetts  US,657 Moen Bay,Lowell,Massachusetts,Middlesex County,01851,42.61028527458554,-71.27827817958007,618921.4349999999,6726.285000000002
5c9d8956-0216-6a67-72e9-043d23564829,1975-09-12,,999-73-2430,S99911470,X36460719X,Mr.,Jordan900,Hermiston71,,,M,white,nonhispanic,M,Boston  Massachusetts  US,855 Lueilwitz Common,Canton,Massachusetts,Norfolk County,,42.20463213931579,-71.13612723771283,1290618.3600000003,0.0
169bb19e-90f5-b4db-42ce-c7c666478e3b,2003-09-11,,999-18-9418,S99930601,X25352628X,Mr.,Kelvin159,Windler79,,,,white,nonhispanic,M,Weymouth  Massachusetts  US,271 Kilback Trafficway,Norwood,Massachusetts,Norfolk County,02062,42.25228859892053,-71.2454884577852,574602.2375,3504.8325
5a370981-29a4-ff50-2e3a-39da86075410,1986-07-17,,999-47-9455,S99968543,X13696258X,Mrs.,Hortense60,Kiehn525,,Moore224,M,white,nonhispanic,F,Webster  Massachusetts  US,363 Medhurst Gate,Salem,Massachusetts,Essex County,01907,42.52155833440922,-70.91495976187574,1470553.7799999993,183109.83000000002
f2a90726-98e5-8418-5dbf-a1f8c6f28102,1970-03-15,,999-49-2875,S99924891,X70179013X,Mr.,Eugene421,Thiel172,,,M,white,nonhispanic,M,Wellesley  Massachusetts  US,670 Stanton Promenade Unit 91,Falmouth,Massachusetts,Barnstable County,,41.61385223301306,-70.56520333959213,1429473.9900000005,10788.24
240c80cd-8f56-3ba2-ab12-2d1779f46d45,1971-03-23,,999-13-6681,S99932710,X76332397X,Mrs.,Julienne688,Botsford977,,Satterfield305,M,white,nonhispanic,F,Westfield  Massachusetts  US,841 Hilpert Ranch,Worcester,Massachusetts,Worcester County,01602,42.244164441336125,-71.77767188453375,1934032.017500001,92975.90250000001
00ecbb8e-4fa1-51ba-9e83-84d6fdf1d4ef,1955-12-02,,999-81-2816,S99924497,X28585104X,Mrs.,Georgeann302,Conroy74,,Johnston597,M,white,nonhispanic,F,Lanesborough  Massachusetts  US,679 Huels Well Unit 93,Needham,Massachusetts,Norfolk County,,42.30331110110347,-71.18409619987771,1885287.8375000008,96919.25250000002
77614e57-b307-c96c-29e5-4b2f7a88312f,1976-02-05,,999-17-3530,S99928690,X32767654X,Mr.,Johnathon489,Jakubowski832,,,S,white,nonhispanic,M,Waltham  Massachusetts  US,925 Nolan Forge,Hudson,Massachusetts,Middlesex County,,42.36008488102949,-71.50899943630547,1924772.99,2247.1199999999994
9893ddfa-1a88-89c4-520f-a95d4e153ffe,2011-04-11,,999-84-9249,,,,Lenard338,Schneider199,,,,white,nonhispanic,M,Lancaster  Massachusetts  US,466 Hagenes Ramp Unit 28,Taunton,Massachusetts,Bristol County,02718,41.894754645526206,-71.0463081369412,397855.8225,397.68749999999983
081788f8-7221-d6cb-1589-20abdc3fe278,2001-09-16,,999-55-2027,S99970913,X21770384X,Ms.,Monnie762,Rodriguez71,,,,white,nonhispanic,F,Dedham  Massachusetts  US,315 Johnston Way,Boston,Massachusetts,Suffolk County,02124,42.38455953242287,-71.05297543841326,699067.2274999999,20434.3125
addbb848-1478-17ff-99cb-8f222cb6017e,2001-08-07,,999-98-5612,S99939588,X40941318X,Mr.,Ahmad985,Runolfsson901,,,,white,nonhispanic,M,Salem  Massachusetts  US,978 Hills Throughway Unit 31,Boston,Massachusetts,Suffolk County,02127,42.40276134169966,-71.10825440565077,1026868.9199999999,165.56999999999988
314011cf-f0a9-9243-baf9-0c9ef0324ac9,1965-01-29,,999-10-3684,S99967461,X48462913X,Mrs.,Vannesa928,Cassin499,,Harris789,M,white,nonhispanic,F,Canton  Massachusetts  US,1062 Konopelski Haven,Brewster,Massachusetts,Barnstable County,,41.731450092326156,-70.04199814757125,2386024.815,16716.105000000003
94e5e616-2676-93ba-d5b6-b9ba1d4c0c6c,2015-06-11,,999-95-5517,,,,Eduardo902,Streich926,,,,white,nonhispanic,M,Beverly  Massachusetts  US,420 Wilkinson Row Apt 28,Rehoboth,Massachusetts,Bristol County,,41.88377754785761,-71.2137189515426,289678.075,36.824999999999875
74aeb8a7-dcda-36f3-72b2-125e2f5967cc,2000-01-09,,999-56-2396,S99998824,X89701984X,Ms.,Jenae263,Kuphal363,,,,white,nonhispanic,F,Milton  Massachusetts  US,382 Berge Passage,Boston,Massachusetts,Suffolk County,02135,42.28419717272855,-71.05839124029147,911388.6615,427877.3085
1f01ee88-bc5e-c470-b41c-5c08e6e3cf15,1983-07-08,2021-12-24,999-85-5786,S99992466,X84701450X,Mr.,Kent912,Kohler843,,,M,white,nonhispanic,M,Bridgewater  Massachusetts  US,896 Bergstrom Green,Wilmington,Massachusetts,Middlesex County,,42.55357426740634,-71.1386945141503,1138016.3975,13523.122500000001
f8be0de0-2890-dd53-7d25-59743301ebf1,1995-06-20,,999-15-2763,S99948532,X22593647X,Mr.,Jesus702,O'Keefe54,,,M,white,nonhispanic,M,Fall River  Massachusetts  US,813 Medhurst Heights Unit 36,Taunton,Massachusetts,Bristol County,02780,41.89981396745791,-70.96880860299402,1592830.0925000005,3241.7474999999995
f4353ba2-04a2-1e0e-97ae-f39b8afb0680,1963-10-17,,999-23-1754,S99964353,X71059494X,Mr.,Chadwick722,Davis923,,,M,white,nonhispanic,M,Westminster  Massachusetts  US,288 Simonis Terrace,Eastham,Massachusetts,Barnstable County,,41.86235477339817,-70.00757608956701,2423006.915,96676.39499999999
0e02b377-1dc2-10dc-8e37-64008a987efe,1982-11-08,,999-71-3598,S99917191,X25782384X,Ms.,Cheryll577,D'Amore443,,,S,white,nonhispanic,F,Dover  Massachusetts  US,563 Zieme Highlands,Attleboro,Massachusetts,Bristol County,,41.943415389658206,-71.31152529930253,1197746.2750000001,2072.265
03ed136b-0ee7-a89b-efd7-874da312db0e,1991-10-03,,999-82-7606,S99940545,X64380407X,Mr.,Kent912,Williamson769,MD,,M,white,hispanic,M,Fall River  Massachusetts  US,163 Renner Track,Woburn,Massachusetts,Middlesex County,01890,42.504797582434016,-71.16409544269348,864729.9324999999,2068.4775
634f630d-9c2c-cde3-896a-ca1ff40fa5d7,1983-07-08,,999-58-1134,S99930782,X70977554X,Mr.,Rex53,Okuneva707,,,M,white,nonhispanic,M,Westfield  Massachusetts  US,594 Kozey Trail,Wilmington,Massachusetts,Middlesex County,,42.561760677751394,-71.19728271830557,1073089.6125,11096.377499999999
8815859e-73e8-d0f2-2459-bc89ba66562c,1993-02-11,,999-66-3589,S99939257,X17885489X,Mrs.,Mikaela760,Ward668,,Weimann465,M,white,nonhispanic,F,Clarksburg  Massachusetts  US,732 Cronin Camp Apt 14,Worcester,Massachusetts,Worcester County,01608,42.28655818180494,-71.81915464186456,1813411.2805,503127.40949999995
ab6c563b-ef9b-3baa-87e7-8d2e58322552,1978-08-13,,999-89-1535,S99959240,X51838874X,Ms.,Alexandra16,Erdman779,,,S,white,nonhispanic,F,Quincy  Massachusetts  US,476 Heller Common,Pittsfield,Massachusetts,Berkshire County,,42.42566145978435,-73.24388220420701,1409531.5300000003,48931.2
5998adce-a05c-c354-d635-b21b880ff9dd,1977-10-29,,999-65-2938,S99991288,X75051687X,Mrs.,Marquitta546,Lind531,,Grady603,M,white,nonhispanic,F,Plymouth  Massachusetts  US,608 Mayer Bridge,Freetown,Massachusetts,Bristol County,,41.744174117346894,-71.00663498692732,1423833.525,148756.78500000003
cb74fa36-58e9-ee0d-4920-c4b4988d748b,2020-12-06,,999-13-1709,,,,Adrian111,Parisian75,,,,black,nonhispanic,M,Abington  Massachusetts  US,669 Treutel Boulevard,Lawrence,Massachusetts,Essex County,,42.731139554464185,-71.19555452854631,149224.01,7331.25
81fe5b65-7d93-84d1-b935-e2ad4fe5c983,2012-08-13,,999-62-1648,,,,Lucio648,Hahn503,,,,white,hispanic,M,Dighton  Massachusetts  US,374 Osinski Tunnel Suite 52,Springfield,Massachusetts,Hampden County,01020,42.1394154993937,-72.64819519147828,358989.07499999995,1106.025
2bd28678-12d7-3807-739c-3a1b635dabd6,1982-01-30,,999-78-8024,S99933363,X20896818X,Mrs.,Isabell86,Abbott774,,Lockman863,M,white,nonhispanic,F,Berlin  Massachusetts  US,640 Dickinson Manor,Framingham,Massachusetts,Middlesex County,01702,42.30261928770446,-71.42092071641414,1471438.2324999995,436000.6475
497723cd-6104-cc43-f1cb-a100707b1562,1966-06-06,,999-43-6704,S99954179,X62784235X,Mr.,Fidel864,Will178,,,M,white,nonhispanic,M,Lowell  Massachusetts  US,688 Reinger Divide,Holyoke,Massachusetts,Hampden County,01040,42.22921325882806,-72.59470703158219,1539997.5899999999,6336.029999999999
0c6b025f-3b65-e73e-f01f-ba808fe9bf72,1968-08-06,,999-92-4812,S99984794,X85079484X,Mrs.,Joleen561,Botsford977,MD,Gorczany269,M,white,nonhispanic,F,Tewksbury  Massachusetts  US,1068 Gorczany Flat,Braintree,Massachusetts,Norfolk County,02184,42.175738920672785,-70.96677863035399,1948521.9405000005,397511.14950000006
e02732a8-9c3c-4818-6093-093995cdbcb7,1949-10-03,,999-22-3454,S99996128,X81605093X,Mr.,Ricardo560,Fay398,,,M,white,nonhispanic,M,Taunton  Massachusetts  US,432 Corkery Ville Apt 2,Danvers,Massachusetts,Essex County,,42.56622997822882,-70.99653353284364,2598653.422499999,40276.94750000001
dbed66b1-d56a-755d-5885-62db3e2a2025,1964-07-05,,999-38-2761,S99922306,X2209086X,Ms.,Cleopatra935,Volkman526,,,S,white,nonhispanic,F,Leverett  Massachusetts  US,410 Daugherty Promenade Apt 66,Springfield,Massachusetts,Hampden County,01020,42.13350812967585,-72.53188991288229,1930076.5350000001,3608.805
e84117de-6550-917c-35bf-8c8d4148b5ec,2012-12-11,,999-62-3343,,,,Argelia29,Sipes176,,,,white,nonhispanic,F,Fitchburg  Massachusetts  US,968 Kshlerin Orchard,Fall River,Massachusetts,Bristol County,02720,41.71391075123387,-71.10816748151315,385585.17250000004,443.3774999999998
a2f572d7-d62e-deea-77e6-4d10ca674d4a,1966-03-30,,999-57-4103,S99913451,X80277008X,Mrs.,Jenifer459,Collier206,,Schneider199,M,white,nonhispanic,F,Tewksbury  Massachusetts  US,704 Haley Wall,Brockton,Massachusetts,Plymouth County,02301,42.06767042757096,-70.98017970962196,2411985.5820000004,373690.4079999999
3809f0f4-45f5-e2de-93c9-46dfa7369eca,1987-09-09,,999-70-5316,S99984209,X13279176X,Mr.,Bo157,Spinka232,,,M,white,nonhispanic,M,Walpole  Massachusetts  US,628 Lind Track Apt 45,Stoneham,Massachusetts,Middlesex County,,42.46989226792239,-71.11771970289345,1025993.0099999998,418.31999999999994
4c347c44-36f7-7cfe-64b4-7050de6b1783,1953-12-14,,999-72-1941,S99998960,X67042688X,Mr.,Adrian111,Witting912,,,S,white,nonhispanic,M,Sudbury  Massachusetts  US,503 Green Way Suite 82,Boston,Massachusetts,Suffolk County,02121,42.29503049343024,-71.04161781117365,421834.00000000006,12010.890000000001
55db80ef-cf02-8417-efce-265362540c7c,1993-05-10,,999-27-9297,S99953133,X67618131X,Mr.,Mariano761,Gamboa193,,,M,white,hispanic,M,Carolina  Puerto Rico  PR,187 Harber Gateway Apt 33,Marlborough,Massachusetts,Middlesex County,01752,42.35360352326549,-71.51975633691393,854091.9599999998,0.0
fed427f2-b579-5253-33d9-bc5da8c84368,1990-09-20,,999-16-7089,S99959446,X36686753X,Mrs.,Loise968,Bradtke547,,Satterfield305,M,white,nonhispanic,F,Springfield  Massachusetts  US,1009 Johns Wynd Apt 72,Norton,Massachusetts,Bristol County,,42.00008652157177,-71.20909120395815,1532045.3185,538805.2615
0d8e8141-b92c-3995-a7fe-a4d4560b3d47,2025-01-24,,999-58-7340,,,,Dee580,Beer512,,,,white,nonhispanic,M,Weweantic  Massachusetts  US,898 Bernhard Station,Haverhill,Massachusetts,Essex County,,42.708683162207535,-71.10773580551229,44622.9225,694.1775
e459c90c-4961-38ce-ee2a-20deaf408c48,1989-06-20,,999-71-8974,S99980462,X11094804X,Ms.,Eda506,Wehner319,,,S,white,nonhispanic,F,Whitman  Massachusetts  US,152 Dietrich Rest Apt 95,Falmouth,Massachusetts,Barnstable County,02540,41.58886260583549,-70.58624681893775,1215001.1074999997,599189.3125
3aca157f-e03e-64ba-683e-fe7fbff3a1dd,1973-03-08,,999-80-2561,S99965961,X9625315X,Mrs.,Leigh689,Huel628,,Gusikowski974,M,black,nonhispanic,F,Attleboro  Massachusetts  US,667 Gaylord Port,Waltham,Massachusetts,Middlesex County,02453,42.36344863774196,-71.23624658827542,1748649.5030000005,456662.937
b0fc8385-2164-1bf2-494d-decb49719c95,1995-08-06,,999-86-9929,S99994904,X47893689X,Mrs.,Lorrine765,Homenick806,,Parker433,M,white,nonhispanic,F,Sao Paulo  Sao Paulo  BR,132 Mann Port Suite 71,Burlington,Massachusetts,Middlesex County,01730,42.50427534325596,-71.32082928162434,1949804.316,332489.004
d047bae9-7690-b58d-e170-f9c98d495100,2002-03-08,,999-65-2125,S99970519,X29604452X,Mr.,Elvis145,Brakus656,,,,white,nonhispanic,M,Burlington  Massachusetts  US,1032 Gleason Street Suite 12,Boston,Massachusetts,Suffolk County,02114,42.31156164643178,-70.9745537372029,466786.34249999997,924.9675
dc1d720e-d5db-3d32-598a-589163fb05ce,1967-07-13,,999-54-3768,S99988945,X54568599X,Mr.,Nathan164,Bechtelar572,,,M,white,nonhispanic,M,Shrewsbury  Massachusetts  US,788 Steuber Orchard Apt 80,Boston,Massachusetts,Suffolk County,02203,42.34343321904227,-71.12893322399972,2200922.8475,483.9224999999997
6506bc18-b326-5a68-6ec2-f6d4f58b152c,2002-06-21,,999-26-8423,S99985037,X59821848X,Mr.,Ahmad985,Hackett68,,,,white,nonhispanic,M,Lawrence  Massachusetts  US,786 Purdy Mews,Lexington,Massachusetts,Middlesex County,02420,42.420588295984416,-71.2684543003774,624742.1699999999,907.0499999999998
b6cc99be-18ba-3aec-bbae-7f1ac3c774d0,1949-03-24,2021-01-21,999-36-3133,S99913419,X7620763X,Mr.,Norman647,Hane680,,,M,white,nonhispanic,M,Hingham  Massachusetts  US,1000 Schneider Ville,Medford,Massachusetts,Middlesex County,02155,42.39553183898813,-71.12053758008544,308847.2135,54793.9765
7fcae563-3a16-199c-33b5-68676d5fef24,1976-04-07,,999-56-3098,S99926845,X74608729X,Mrs.,Norah104,Toy286,,Hauck852,M,white,nonhispanic,F,Mansfield Center  Massachusetts  US,484 Friesen Forge,Billerica,Massachusetts,Middlesex County,,42.588002112281615,-71.28395941259674,1664625.0085000005,295410.2815
db8c4100-af12-ebe8-d02d-b8ab0b773acf,1923-02-02,1987-11-30,999-80-6414,S99990081,X68786954X,Mr.,Martin117,Durgan499,,,M,white,nonhispanic,M,Whitinsville  Massachusetts  US,793 Abbott Tunnel Unit 86,West Yarmouth,Massachusetts,Barnstable County,02673,41.64613184964799,-70.23190418909417,1673128.2499999995,14908.680000000004
bde22f55-00ea-e4fe-7212-9a16c8e1425a,2021-06-17,,999-99-4160,,,,Stanton715,Emmerich580,,,,white,nonhispanic,M,Peabody  Massachusetts  US,155 Gibson Mill Apt 9,East Longmeadow,Massachusetts,Hampden County,,42.10393840880446,-72.54769334096669,30382.164500000006,2650.0154999999995
600527b4-a7ad-74ab-bfec-aaed7f2a47a0,1974-01-23,,999-42-5517,S99997905,X28394872X,Mr.,Walter473,Moen819,,,M,asian,hispanic,M,Green Harbor-Cedar Crest  Massachusetts  US,365 Donnelly Stravenue,Chelsea,Massachusetts,Suffolk County,,42.37596483513721,-71.07800504623097,396770.51600000006,242258.85400000002
abffb767-34be-29dc-ba8d-51d805b6c6c1,1960-10-14,,999-84-1799,S99925796,X19710017X,Mr.,Ollie731,Veum823,,,M,white,nonhispanic,M,Boston  Massachusetts  US,316 Gerhold Center Apt 24,Westwood,Massachusetts,Norfolk County,,42.26222232265756,-71.26539184969752,1730628.6199999999,49982.56000000001
1622e58a-29f5-abeb-e473-321e2a3c1c2a,2014-10-13,,999-98-8273,,,,Tracey100,Schamberger479,,,,white,nonhispanic,M,Paxton  Massachusetts  US,548 Leannon Trailer,Waltham,Massachusetts,Middlesex County,02451,42.37905735309944,-71.20675643876724,315892.5025,285.00749999999994
26a16c21-9c88-1608-2836-e7bc473e7a86,1962-08-27,,999-72-5756,S99942566,X89101986X,Mr.,Omar359,Rodriguez71,,,M,white,nonhispanic,M,Northwest Harwich  Massachusetts  US,938 Daugherty Divide Unit 55,Swansea,Massachusetts,Bristol County,,41.75238983629449,-71.22668125165147,1603590.5850000004,8015.715
b3d2e5e4-7d59-f33b-f1e4-dce6cd09457e,1971-01-06,,999-40-1133,S99951405,X74594807X,Mrs.,Velda682,Schmidt332,,O'Reilly797,M,white,nonhispanic,F,Waltham  Massachusetts  US,1016 Fadel Dale,Pittsfield,Massachusetts,Berkshire County,,42.46572870587466,-73.2350115290927,2315066.7574999994,25012.6425
bc65c734-5345-34e9-c523-4a7b4e949b2f,1981-01-30,,999-64-6996,S99959711,X75613145X,Ms.,Consuelo468,Will178,,,S,white,nonhispanic,F,Worcester  Massachusetts  US,292 Barrows Lock Suite 10,Barnstable,Massachusetts,Barnstable County,02632,41.73722850640318,-70.26422403653541,1412886.0635,340971.9265
cd6ac788-785d-64c9-c95a-88b36d08fa60,1965-07-16,,999-76-3772,S99975709,X68110689X,Mrs.,Alberta625,Konopelski743,,Armstrong51,M,asian,nonhispanic,F,Wilmington  Massachusetts  US,965 Stroman Ferry,Walpole,Massachusetts,Norfolk County,02081,42.1428797321116,-71.24588018274476,993175.8969999998,47999.64299999999
ad61a8d9-7c6e-d6c0-10a1-38a083133f67,2019-04-08,,999-12-3736,,,,Antione404,McGlynn426,,,,white,nonhispanic,M,Somerville  Massachusetts  US,830 Willms Green,Hull,Massachusetts,Plymouth County,,42.29942741996071,-70.92028954565338,200285.44999999998,3359.5499999999997
36663abb-e144-8d54-e9df-297027d71138,1949-03-24,,999-16-7005,S99956303,X49530483X,Mr.,Pedro316,Gutmann970,,,M,white,nonhispanic,M,Woburn  Massachusetts  US,940 Franecki Gateway,Medford,Massachusetts,Middlesex County,02155,42.39818883697176,-71.11128221733597,122791.00600000005,15544.393999999998
ce52d616-f61f-665d-9b5e-354eaec9cc9b,1994-04-16,,999-36-9853,S99928943,X26378370X,Mr.,Arnold338,Stroman228,,,M,white,hispanic,M,Watertown  Massachusetts  US,1080 Kub Terrace,East Longmeadow,Massachusetts,Hampden County,,42.04062752539848,-72.50810558008904,758283.5125,403.0274999999999
28d17088-a516-2c57-e2c3-74dd5f0f8274,2021-08-26,,999-90-9654,,,,Chin306,White193,,,,white,nonhispanic,F,Southbridge  Massachusetts  US,226 O'Connell Fork Apt 57,Weston,Massachusetts,Middlesex County,,42.32485707214788,-71.34238889129186,125285.1125,2100.4575
4baf2e37-09af-ce21-5068-17e68c105b57,1982-09-04,,999-20-4672,S99957367,X13489946X,Mr.,Lonnie913,Powlowski563,,,M,white,hispanic,M,Woburn  Massachusetts  US,1064 Towne Trailer Unit 20,Belmont,Massachusetts,Middlesex County,02478,42.357327157115776,-71.19061514295196,1065073.5924999998,6496.357499999999
45d5b879-d139-bfde-5487-0d4776e2417f,1951-01-12,2020-05-05,999-46-9686,S99914253,X53423460X,Mrs.,Majorie11,Hyatt152,,Treutel973,M,white,nonhispanic,F,Milford  Massachusetts  US,762 Bradtke Rest Suite 98,Warren,Massachusetts,Worcester County,01083,42.18284589635907,-72.19016659851701,3561044.584999998,148939.695
80a11445-70af-9c01-c5a4-fe4fd5ab7a0f,1963-10-16,,999-68-3870,S99966465,X85165686X,Mrs.,Faviola526,Maggio310,,Towne435,M,white,nonhispanic,F,Tewksbury  Massachusetts  US,1078 Rippin Bridge,Hinsdale,Massachusetts,Berkshire County,,42.430391240522376,-73.09438915144155,2189321.4600000004,85759.14000000001
b83e9c55-1083-e8e3-d7c2-06956959f605,1993-03-02,,999-59-2985,S99998204,X75949826X,Mr.,Darell496,Klein929,,,M,white,nonhispanic,M,Boston  Massachusetts  US,510 Effertz Dale,Framingham,Massachusetts,Middlesex County,01701,42.27005687278513,-71.42851000834645,890185.2175000001,93402.5925
37b19f93-5efe-e007-ce05-01d54e19d037,1983-08-12,,999-44-1284,S99974549,X68762232X,Mrs.,Alicia629,Uribe503,,Casanova632,M,white,hispanic,F,Juarez  Chihuahua  MX,114 Schulist Passage,Ashburnham,Massachusetts,Worcester County,,42.662009678134375,-71.94511901102844,1279982.8675,244046.20250000004
55012656-67d5-44e0-3797-7f4a7c67764e,1999-06-07,,999-62-5091,S99962215,X73427971X,Mr.,Chester802,Collins926,,,M,asian,nonhispanic,M,Gloucester  Massachusetts  US,306 Prohaska Trace Apt 88,Natick,Massachusetts,Middlesex County,,42.297491499747274,-71.32356234812481,678261.5675,3384.6825
d476abd9-95eb-57fc-ee4c-dfb22fefbb48,2001-04-13,,999-96-8015,S99924854,X53454445X,Ms.,Haydee844,Boyer713,,,,asian,nonhispanic,F,Winthrop  Massachusetts  US,279 Dickens Boulevard Unit 97,Boston,Massachusetts,Suffolk County,02135,42.43248639829139,-71.03832799658761,408794.601,315028.759
31610fc2-eca5-5c61-aca4-28e280b8190e,1965-02-10,,999-36-3991,S99956505,X3401288X,Mr.,Carmine137,Okuneva707,,,M,white,nonhispanic,M,Norfolk  Massachusetts  US,689 O'Connell Grove,Dedham,Massachusetts,Norfolk County,02090,42.210708151217986,-71.23852280516849,1586025.8300000008,3618.3
9b7eccaa-4d36-94ef-19a8-52bb900f1a30,2008-01-09,,999-43-2573,S99928780,,Ms.,Delicia67,Stroman228,,,,white,nonhispanic,F,Wareham  Massachusetts  US,475 Padberg Hollow Unit 33,Natick,Massachusetts,Middlesex County,,42.33453190156638,-71.3328921055697,456709.84999999986,0.0
3d0bf632-5e0f-0095-860a-a5a6f013d219,1968-05-10,,999-25-4687,S99911322,X46817045X,Mrs.,Mariela993,Turner526,,Frami345,M,white,nonhispanic,F,West Brookfield  Massachusetts  US,699 Nicolas Village,Greenfield,Massachusetts,Franklin County,,42.64167454116054,-72.5685718825377,2892725.389499999,219205.79049999997
48f304e9-3d0b-97d9-ad9b-270bbbed5305,1951-05-28,,999-89-7677,S99930869,X16649292X,Mr.,Eugene421,Gutkowski940,,,M,white,nonhispanic,M,Spencer  Massachusetts  US,387 Abbott Estate Unit 29,Marshfield,Massachusetts,Plymouth County,02050,42.068387842061625,-70.69577053458246,1944405.9085000006,69473.17150000001
a1704d4b-2d79-149d-707f-2e083964e26b,1951-01-12,,999-98-5434,S99970906,X13991131X,Mrs.,Caroline183,Grant908,,Kuhn96,M,white,nonhispanic,F,Newton  Massachusetts  US,889 Stamm Parade,Warren,Massachusetts,Worcester County,01585,42.24036092916094,-72.20508803425861,1553615.1150000005,413531.4050000001
b32a67b6-8fb5-8c2a-544e-a88762e7074d,1999-08-31,,999-54-4673,S99928302,X59347102X,Mr.,Rick943,Lowe577,,,,hawaiian,nonhispanic,M,Boston  Massachusetts  US,590 Hoppe Underpass Apt 16,Malden,Massachusetts,Middlesex County,,42.386832508860785,-71.07649469045153,779284.2074999998,1233.9225
4c17d430-275a-ad6f-002f-ff15cce959c0,2006-07-18,,999-88-1753,S99956171,X6943468X,Mr.,Jessie665,Kohler843,,,,white,nonhispanic,M,Becket  Massachusetts  US,430 Hermiston Spur Suite 49,Pittsfield,Massachusetts,Berkshire County,01201,42.44320005456928,-73.3076281255954,498823.13999999996,1106.5199999999998
415b716b-0707-05ee-0c30-e7d95e2f8397,2014-10-29,,999-85-2081,,,,Brenton674,Jaskolski867,,,,hawaiian,hispanic,M,Medford  Massachusetts  US,499 Dibbert Glen,Chicopee,Massachusetts,Hampden County,01020,42.210606760022685,-72.61917197689698,283234.83499999996,2342.595
37da3391-11cf-9a37-7c24-041de1b26689,1952-11-07,,999-36-1888,S99931938,X33637592X,Mr.,Adalberto916,Raynor401,,,M,white,nonhispanic,M,Woburn  Massachusetts  US,992 Harris Common Apt 55,Chicopee,Massachusetts,Hampden County,01022,42.13286259586408,-72.59172826531457,1784329.4420000014,12660.707999999999
b3ec0661-cae1-1a07-4b35-af42b2d5bf2c,1957-08-04,2014-08-03,999-34-4670,S99980452,X17439780X,Mrs.,Ayako221,Will178,,Zieme486,M,white,nonhispanic,F,Westport  Massachusetts  US,291 Ondricka Avenue,Stoughton,Massachusetts,Norfolk County,,42.08124769166304,-71.07608072354425,2724755.0069999993,967822.783
a341f96a-b888-2119-9164-95c8b0f09990,1974-12-04,,999-57-1997,S99994047,X79310818X,Mrs.,Yuonne878,Weissnat378,,McGlynn426,M,black,nonhispanic,F,Woburn  Massachusetts  US,1062 Lockman Arcade Suite 63,Braintree,Massachusetts,Norfolk County,,42.252944416308296,-70.99169236208633,1821315.1495000005,465833.56049999996
954d66bd-b19b-e7b1-2627-c88987d2bead,2009-02-25,,999-27-8073,S99951268,,,Kenton313,Yost751,,,,white,hispanic,M,East Longmeadow  Massachusetts  US,314 Frami Row,Middleborough,Massachusetts,Plymouth County,,41.84810910224873,-70.86465732215625,437304.405,11599.724999999997
f2d89f89-ee33-e16f-6f19-ed02a3923886,1991-11-25,,999-18-2525,S99986766,X47341077X,Mrs.,Isabel214,Mertz280,,Upton904,M,black,nonhispanic,F,Rehoboth  Massachusetts  US,116 Gutkowski Spur,Boston,Massachusetts,Suffolk County,02113,42.363816908147314,-71.03008253952667,1302597.7734999997,253717.56650000002
e1b747b2-35df-6b25-34d5-3bdb6c51f41b,1949-06-01,,999-23-5735,S99918363,X12629516X,Mr.,Silas208,Krajcik437,,,M,white,nonhispanic,M,New Bedford  Massachusetts  US,437 Spencer Track Unit 57,Brookline,Massachusetts,Norfolk County,02215,42.30070501159386,-71.14762082183667,1904623.149,71526.02100000002
83eb5b91-db81-e577-3edf-e1143643b31a,1968-09-18,,999-86-1937,S99954851,X64937627X,Mr.,Bryant814,Kunde533,,,M,white,nonhispanic,M,Holyoke  Massachusetts  US,301 Braun Haven,Bedford,Massachusetts,Middlesex County,01730,42.46477580202273,-71.25742681723018,1462949.7925000002,2561.0475
532ca168-baec-84cb-f1e9-85637e3aee52,1964-01-21,,999-47-3057,S99941623,X67049025X,Mrs.,Noelle559,Sipes176,,Becker968,M,black,nonhispanic,F,Sterling  Massachusetts  US,668 Leffler Union Apt 46,Walpole,Massachusetts,Norfolk County,02081,42.1915227495805,-71.29939269251597,2071579.3800000008,503592.81999999995
8cac49f6-c6d1-8096-74a3-be49fd346b9f,1994-12-10,,999-95-8537,S99939525,X15664713X,Mr.,Riley817,McClure239,,,M,white,nonhispanic,M,Sudbury  Massachusetts  US,387 Boehm Trailer,Attleboro,Massachusetts,Bristol County,,41.89963773389793,-71.31670239210337,773972.5824999999,592.5074999999998
383edc0d-7aa2-108e-cd85-f2f71e84eb65,1969-10-19,,999-81-5733,S99918983,X29631904X,Mrs.,Maryam561,O'Hara248,,O'Kon634,M,white,nonhispanic,F,Spencer  Massachusetts  US,642 Quigley Ramp,Hanson,Massachusetts,Plymouth County,02341,42.078499924949924,-70.8502226561488,1522524.3160000003,266582.31399999995
3bad9f19-8e02-1440-cdc6-667970b88977,1944-02-18,2000-06-18,999-80-3136,S99994537,X77576642X,Mr.,Enrique929,Harvey63,,,M,white,nonhispanic,M,Springfield  Massachusetts  US,588 Hane Bay Apt 95,Groveland,Massachusetts,Essex County,,42.72317830899299,-71.02007681595637,1600409.2449999996,141400.065
20b85fc6-20c7-e393-fe71-f24b65250755,1968-05-26,,999-91-3189,S99931611,X24502898X,Mr.,Clair921,Mohr916,MD,,M,white,nonhispanic,M,Revere  Massachusetts  US,142 Becker Arcade,Swampscott,Massachusetts,Essex County,,42.48803576834661,-70.94206605996223,1495536.905,1205.3549999999998
a5043855-7f32-881f-55a9-6982df34c455,1957-08-04,2018-01-19,999-47-1111,S99934183,X64167645X,Ms.,Suzann567,Lesch175,,,S,white,nonhispanic,F,Ayer  Massachusetts  US,1026 Bogan Station,Stoughton,Massachusetts,Norfolk County,,42.15545026804975,-71.09748051201116,2929631.241000001,380782.42899999995
1198776f-f451-caf9-ba1d-858e8e4e5b99,1970-10-24,2010-02-19,999-36-7330,S99947872,X16176464X,Mrs.,Brittaney358,Reilly981,,Murazik203,M,white,nonhispanic,F,Chelmsford  Massachusetts  US,714 Senger Plaza,Cambridge,Massachusetts,Middlesex County,,42.393755835387395,-71.10075252949676,1595154.5580000004,966771.1420000001
46b8ada7-b57f-0c7e-67fb-581370082277,1947-09-19,2021-12-13,999-38-4375,S99944309,X70112564X,Mr.,Andreas188,Durgan499,,,M,white,nonhispanic,M,Millbury  Massachusetts  US,664 Jacobi Extension,Sherborn,Massachusetts,Middlesex County,,42.2639640168099,-71.38760732182041,2175725.7320000003,223469.138
93e09a36-8b2b-ccb7-d713-104ca984b48c,1990-08-01,,999-37-7778,S99966252,X56222719X,Mrs.,Cira533,Pfeffer420,,Tromp100,M,white,nonhispanic,F,Somerville  Massachusetts  US,687 Powlowski Trace Unit 56,Lawrence,Massachusetts,Essex County,01843,42.70649871166667,-71.14907136382244,357957.1905000001,1195408.9494999999
9fd6e55a-5144-2752-bfbc-bb0619801c6a,1976-10-15,,999-49-5137,S99953467,X35640405X,Mrs.,Kazuko67,Hodkiewicz467,,Hamill307,M,asian,hispanic,F,Brookline  Massachusetts  US,1089 Gusikowski Approach,Dracut,Massachusetts,Middlesex County,,42.67562041708616,-71.31426953431647,1758614.6125,388696.1074999999
1cc5c5b7-51e3-e33b-2d1f-61f37fc8f6d6,1973-03-06,,999-33-4965,S99984430,X40902017X,Ms.,Lissa828,Lang846,,,S,white,nonhispanic,F,Springfield  Massachusetts  US,1058 Gaylord Alley Apt 19,Everett,Massachusetts,Middlesex County,02148,42.378225721080085,-71.07559081474312,1600286.1645000004,225326.99549999996
59a578f1-af96-f96d-4809-0286a5aec476,1923-02-02,,999-76-5722,S99961652,X88341083X,Mr.,Isidro558,Schinner682,,,S,white,nonhispanic,M,Bellingham  Massachusetts  US,156 Hilll Junction,West Yarmouth,Massachusetts,Barnstable County,02673,41.66937545224401,-70.27283295735145,2657243.508500001,359630.7514999999
94b6254c-a0e2-c2e9-6733-f633325cc72f,1997-05-22,,999-51-1755,S99965743,X24637426X,Mr.,Federico589,Toro760,,,M,white,hispanic,M,San Jose  San Jose  CR,906 Rutherford Station Unit 5,Marblehead,Massachusetts,Essex County,01945,42.54349855940739,-70.83023979988839,715972.8875,983.9624999999999
5a839af8-2a27-85d5-5b1a-66969ae2ef92,1970-10-24,,999-69-8510,S99979673,X42394165X,Mrs.,Fonda178,Kohler843,,Koepp521,M,white,nonhispanic,F,East Dennis  Massachusetts  US,494 Haley Divide,Cambridge,Massachusetts,Middlesex County,02140,42.389049567675656,-71.07300901576413,1753327.3850000007,18730.245
35e3562c-acc8-6c4c-6ec6-211abc05f54a,2006-03-04,,999-87-9773,S99966116,X45000030X,Mr.,Jospeh459,Johnston597,,,,black,nonhispanic,M,North Attleborough  Massachusetts  US,587 Kirlin Manor Suite 44,Holyoke,Massachusetts,Hampden County,,42.24935530736647,-72.66299736357134,497165.69750000007,5717.812499999999
13231775-138d-9657-d3de-84f946f55802,1957-08-04,,999-35-7889,S99985193,X36681489X,Mrs.,Candi549,Brakus656,,Farrell962,M,white,nonhispanic,F,North Attleborough  Massachusetts  US,603 Abbott Ville,Stoughton,Massachusetts,Norfolk County,,42.103164218199225,-71.11369977157378,2055991.7135000003,453891.18650000007
0416f3e4-d186-4697-fb5e-09befe2f6141,1972-02-08,,999-15-3776,S99939152,X61060747X,Mrs.,Myrtis608,Paucek755,MD,Mante251,M,white,nonhispanic,F,Stow  Massachusetts  US,343 Mueller Dam Unit 52,Springfield,Massachusetts,Hampden County,01199,42.155284272236884,-72.58483894139242,2381784.702,520478.928
d5cde69a-fddd-be4a-b1b1-924208a5124c,1947-09-19,,999-53-8633,S99933111,X33333042X,Mr.,Rueben647,Wilderman619,,,S,white,nonhispanic,M,Revere  Massachusetts  US,275 Reilly Way,Sherborn,Massachusetts,Middlesex County,,42.18262601663673,-71.37452744968031,1631378.4025,13187.1175
79afca7c-af39-9842-ae0e-febbfa3fbc49,1997-07-23,,999-96-4320,S99997237,X77379820X,Mr.,Drew592,Kuvalis369,,,S,white,nonhispanic,M,Lawrence  Massachusetts  US,548 Luettgen Estate,Boxford,Massachusetts,Essex County,,42.67067545590841,-70.98404743317917,1259559.1175,311803.7325
fadc5848-dfa7-308c-9ba9-b08115ceeb5e,1952-07-17,2019-10-10,999-71-8632,S99961356,X44509462X,Mr.,Normand813,Trantow673,,,S,white,nonhispanic,M,Halifax  Massachusetts  US,985 Haley Spur,Paxton,Massachusetts,Worcester County,,42.33598985848436,-71.92468298115679,2142906.811,166464.479
4539747e-add0-2bb0-0a78-7d23a9b89674,1963-02-07,,999-34-3267,S99978448,X68132057X,Mr.,Damian46,Dibbert990,,,M,white,nonhispanic,M,Worcester  Massachusetts  US,376 Murphy Trace Apt 81,Worcester,Massachusetts,Worcester County,01605,42.26903112949302,-71.8559390518715,1631850.3500000008,3794.0699999999997
ad0841e0-3c1e-a845-4af1-06a479cad1b1,1989-01-08,,999-45-9125,S99993534,X62262305X,Mr.,Alden634,Larkin917,,,M,asian,nonhispanic,M,Medfield  Massachusetts  US,652 Kuhn Knoll Suite 52,Needham,Massachusetts,Norfolk County,02494,42.248312936699946,-71.25439722873192,935825.6299999999,1638.8399999999997
cd88cc39-a5f2-46b8-38e8-acafadc1a3ca,1965-04-10,,999-21-2376,S99951433,X53318736X,Mr.,Nathanial472,Nikolaus26,,,M,white,nonhispanic,M,Naples  Campania  IT,439 Schmitt Green Unit 93,Blackstone,Massachusetts,Worcester County,,42.073276000873285,-71.54506020222811,1278423.5949999997,108111.075
688383e3-2e51-8084-ee60-8b3c4a098a50,1975-09-22,,999-86-7267,S99948344,X81624161X,Mrs.,Dawn804,Rau926,,Collier206,M,white,hispanic,F,Ashland  Massachusetts  US,378 Reinger Corner Suite 83,Nantucket,Massachusetts,Nantucket County,,41.26834572862434,-70.08595325026555,1507580.7575000003,40489.7625
00cc0b9e-9518-2293-93e7-2f10108c6e93,1996-08-08,,999-59-4007,S99989454,X69812739X,Mrs.,Micah422,Bailey598,,Schaefer657,M,white,nonhispanic,F,Paxton  Massachusetts  US,486 Dicki Rapid Apt 99,Monson,Massachusetts,Hampden County,,42.11521644082007,-72.31455464484185,927575.1065000001,234528.3235
87209f37-779e-6648-b026-8cff0934b481,1970-06-17,,999-38-9643,S99949629,X64330633X,Mrs.,Yun266,Spinka232,,Kshlerin58,M,white,nonhispanic,F,Southbridge  Massachusetts  US,863 Lebsack Village,Warren,Massachusetts,Worcester County,01585,42.18055844375804,-72.14537775701754,437923.0139999999,733534.4059999997
83afba02-02a4-6234-0616-e6e822a6dfe3,2012-08-20,,999-55-3281,,,,Epifania219,Mills423,,,,white,nonhispanic,F,Springfield  Massachusetts  US,876 Ratke Divide,Medford,Massachusetts,Middlesex County,02155,42.41246670185502,-71.10486122971541,369967.0825,572.0774999999999
c8843fef-8161-6e40-5e7a-aa0b9755db68,1941-11-16,2006-09-09,999-93-9742,S99939725,X32625299X,Mr.,Jules135,Parker433,,,M,white,hispanic,M,Natick  Massachusetts  US,172 Waelchi Trailer,Andover,Massachusetts,Essex County,01810,42.676538186873415,-71.12202459956062,1607531.1824999999,17975.4975
e287ad01-4634-1a72-a503-8125551ad914,1952-07-17,2012-05-03,999-67-6705,S99921635,X6103703X,Mr.,Wade235,Lubowitz58,,,S,white,nonhispanic,M,Rockland  Massachusetts  US,568 Harris Well Suite 82,Paxton,Massachusetts,Worcester County,,42.281469523277664,-71.90495184552226,1735063.2949999997,30901.394999999997
b3f8067a-69ac-5605-79cc-0d566257477e,2004-01-20,,999-55-9416,S99951789,X76492246X,Mr.,Thad495,Abernathy524,,,,white,nonhispanic,M,West Springfield  Massachusetts  US,964 Orn Parade Unit 40,North Adams,Massachusetts,Berkshire County,01247,42.681693887071575,-73.14396642648528,442261.08999999997,2666.6099999999997
87dea79b-4907-b787-2b78-17ba9250ef1d,1980-01-23,,999-65-8213,S99990705,X40216638X,Mr.,Rupert654,Hilll811,,,S,white,nonhispanic,M,South Lancaster  Massachusetts  US,407 Kshlerin Landing,Easthampton,Massachusetts,Hampshire County,01027,42.322912123648216,-72.74910744178133,880930.9149999997,513.0749999999998
b7644b49-82a4-d6a2-d198-6282ecd13c90,1978-12-29,,999-46-6694,S99927632,X6408269X,Mrs.,Shavonda114,Beer512,,Rippin620,M,white,nonhispanic,F,Methuen  Massachusetts  US,403 Jast Wynd Suite 77,New Bedford,Massachusetts,Bristol County,02746,41.74366433592858,-70.97139534130218,375936.0405,252854.85949999996
06293f4e-0da1-3735-e4b4-29f3945a0c3a,2001-09-04,,999-91-7708,S99943232,X41934120X,Ms.,Eda506,Rippin620,,,,white,nonhispanic,F,Dighton  Massachusetts  US,1061 Pacocha Drive,Boston,Massachusetts,Suffolk County,02125,42.36285022298616,-71.0733605889058,630373.0205000002,164813.8795
2455f7b8-a076-7f47-a346-a3bcf45771c1,1973-01-10,,999-69-1311,S99984309,X83460870X,Mr.,Derick144,Schimmel440,,,M,white,nonhispanic,M,Leominster  Massachusetts  US,116 Konopelski Vale Suite 32,North Scituate,Massachusetts,Plymouth County,02060,42.25351464658604,-70.74132716698973,1348213.1450000003,396.3149999999997
47909e7c-3969-3b78-829c-0c4afae3da64,1949-11-30,1953-08-21,999-97-4778,,,,Jaime666,Ziemann98,,,,white,nonhispanic,M,Boston  Massachusetts  US,949 Funk Village Apt 47,Chelmsford,Massachusetts,Middlesex County,,42.603842878858394,-71.37340845250053,105755.6025,3672.7575
e40d3b44-6971-f9b1-1514-541cc35e9e98,1983-03-19,,999-87-6036,S99947266,X36956200X,Mr.,Dick869,Conroy74,,,M,white,nonhispanic,M,Lexington  Massachusetts  US,305 Kiehn Throughway Unit 84,Plainville,Massachusetts,Norfolk County,,42.018753879214636,-71.29378323355382,1052798.0325,20.137499999999932
e188ac77-3be8-0c75-f7a2-b46153d175c0,1949-11-30,1954-01-07,999-81-3773,,,,Alexis664,Cole117,,,,white,nonhispanic,M,Boston  Massachusetts  US,1000 Kunze Light Suite 5,Chelmsford,Massachusetts,Middlesex County,,42.602282761915255,-71.39509511013013,123864.3925,269.46750000000003
80fdbf8d-5f2a-4240-40a2-07ff6f36db9c,2023-10-26,,999-41-7478,,,,Tamela350,Cremin516,,,,white,nonhispanic,F,Winchester  Massachusetts  US,130 McLaughlin Overpass Unit 28,Mansfield,Massachusetts,Bristol County,,42.05750583108104,-71.22021002372175,72189.79000000001,206.21999999999997
f2a3ef2d-a3c9-162e-5720-79685f0576ef,1994-07-27,,999-33-1216,S99923234,X53860433X,Mr.,Ramiro608,Adorno791,,,M,white,hispanic,M,San Jose  San Jose  CR,360 Nolan Camp Apt 23,Peabody,Massachusetts,Essex County,,42.565783972933104,-71.08628435388121,798139.5799999998,1335.5699999999997
171e841a-c207-4b07-d52d-9bd45612eac2,1952-07-17,,999-59-1544,S99994618,X17021409X,Mr.,Erick204,Koelpin146,,,M,white,nonhispanic,M,North Attleborough  Massachusetts  US,434 Koepp Crossroad,Paxton,Massachusetts,Worcester County,,42.26493828430864,-71.97665533154843,1970578.4875,30725.322500000002
9a54385e-6b3e-b441-7dea-4fdafdafce0e,1949-11-30,1961-12-30,999-10-4403,,,,Jonas187,Weimann465,,,,white,nonhispanic,M,Milton  Massachusetts  US,541 Jacobson Crossing,Chelmsford,Massachusetts,Middlesex County,,42.563744631594275,-71.3861735465864,322663.4425,8348.7975
99d2baef-ce7e-26f1-ab08-89a43f208511,1953-07-07,,999-99-9491,S99964225,X64809019X,Mrs.,Annmarie79,Botsford977,,Collins926,M,white,nonhispanic,F,Brockton  Massachusetts  US,135 Wintheiser Gateway,Amherst,Massachusetts,Hampshire County,,42.359435526411026,-72.50860049978517,812627.9349999998,1001798.655
b2ee84c9-eacd-6bab-57e6-50c8d54dac7b,1941-11-16,2016-01-10,999-35-3387,S99911653,X85838754X,Mr.,Coleman27,Wilderman619,,,M,white,hispanic,M,East Bridgewater  Massachusetts  US,371 Nolan Rapid,Andover,Massachusetts,Essex County,01810,42.624641294115314,-71.14205046373176,1803489.9550000008,97076.985
5654a1b5-8a23-f271-c8dc-55483efb7ba9,1977-12-16,,999-54-2185,S99932129,X69233057X,Mr.,Elvis145,Pacocha935,,,M,white,nonhispanic,M,Pembroke  Massachusetts  US,571 Koepp Tunnel Apt 47,Pittsfield,Massachusetts,Berkshire County,,42.43736261304626,-73.2856234390456,159435.324,71731.15600000002
744ed149-9803-a6a1-78a3-303d18330362,1985-08-05,,999-35-9632,S99943411,X51197176X,Mr.,Juan Carlos348,Montañez267,,,M,white,hispanic,M,Havana  Havana  CU,870 Wehner Walk Apt 8,Lowell,Massachusetts,Middlesex County,,42.61083927638223,-71.3171743323454,2102197.3899999997,0.0
00af61a9-367e-6184-bae8-2b5fa1db6461,1974-05-18,,999-29-2039,S99967090,X38133136X,Mrs.,Gia583,Jenkins714,,Brakus656,M,white,nonhispanic,F,Waltham  Massachusetts  US,109 Will Byway,Weymouth,Massachusetts,Norfolk County,02188,42.19400646171596,-70.93345946754344,1635729.3875000002,387148.4825
0240d634-7283-4446-cc17-2184adb4b833,1983-08-08,,999-74-8248,S99945139,X56148521X,Mrs.,Ellen406,Veum823,,Hickle134,M,white,nonhispanic,F,Ludlow  Massachusetts  US,165 Schumm Club,Northborough,Massachusetts,Worcester County,,42.326116132667714,-71.66520683343559,1145562.3025000002,32218.867499999993
a5188a3a-a1c1-a576-2b51-87730cfd4242,1977-05-27,,999-51-1811,S99930876,X21191465X,Mr.,Cordell41,Harber290,,,M,white,nonhispanic,M,Boston  Massachusetts  US,332 Purdy Mill Unit 4,Boston,Massachusetts,Suffolk County,02124,42.35160409609166,-71.02963733676204,1031128.855,1133.5649999999998
9cd73242-a023-804d-5897-3b6814868cf0,1949-11-30,,999-86-9050,S99913836,X87114721X,Mr.,Saul605,Mante251,,,M,white,nonhispanic,M,Westfield  Massachusetts  US,733 Walter Park,Chelmsford,Massachusetts,Middlesex County,,42.64637981160611,-71.34961227663814,1893464.9565000003,64565.95350000001
ed787d89-735b-8120-e65c-4178783c0863,1944-02-18,,999-14-5692,S99925556,X54808539X,Mr.,Daron260,Wiza601,,,M,white,nonhispanic,M,Brockton  Massachusetts  US,477 Botsford Drive Unit 75,Groveland,Massachusetts,Essex County,,42.70509986592657,-71.01775741748037,2158110.7585,149024.52149999997
b2a532f8-0e8a-d6e2-dab4-202a4bdc674b,1989-11-07,,999-40-5200,S99965799,X14644522X,Mrs.,Claudette391,Hayes766,,Gorczany269,M,white,nonhispanic,F,Taunton  Massachusetts  US,117 Jones Dam Unit 76,Westport,Massachusetts,Bristol County,,41.535803944437376,-71.03428466672543,1206280.5405,227830.31949999998
e0c6b311-42ac-42e3-519b-3034ecd24348,2021-06-10,,999-49-7286,,,,Jeff859,Crooks415,,,,white,nonhispanic,M,Hudson  Massachusetts  US,447 Tillman Station,Greenfield,Massachusetts,Franklin County,,42.64397735257082,-72.56973167751254,137304.33500000002,3082.335
db138b8b-efef-97fd-880e-6bceae994ba0,1941-11-16,,999-64-1723,S99942516,X43377126X,Mr.,Erick204,Stark857,,,M,white,hispanic,M,Sudbury  Massachusetts  US,196 Hoppe Club Apt 4,Andover,Massachusetts,Essex County,,42.67826218807279,-71.1529846863804,2204606.9130000006,51841.367000000006
ed3f0b31-f6a9-8794-4954-7c0b92c7135b,2024-04-17,,999-60-4900,,,,Nellie325,Lynch190,,,,white,nonhispanic,F,Methuen  Massachusetts  US,319 Wyman Divide,Falmouth,Massachusetts,Barnstable County,02540,41.6151715588106,-70.59870667446269,64033.86,206.21999999999997
59d54bbf-6a45-9fb6-ec65-13455da122f5,1952-03-22,,999-56-9490,S99971676,X43454390X,Mr.,Jackie93,Hills818,JD,,M,white,nonhispanic,M,North Attleborough  Massachusetts  US,941 Bashirian Dale,South Amherst,Massachusetts,Hampshire County,,42.335632157960546,-72.54152159375954,1923841.0880000002,44149.372
107ca622-ea7d-ec8d-06b1-ed428d6ec580,1962-02-02,2003-02-07,999-39-3961,S99917739,X35101156X,Mrs.,Janee223,Tremblay80,,Hauck852,M,white,nonhispanic,F,Lynn  Massachusetts  US,1014 Bergnaum Brook Unit 58,Ashland,Massachusetts,Middlesex County,,42.234708421759514,-71.47014427811169,2143567.2814999996,206910.29849999998
657d5f84-2ed9-158e-1b5d-8e9db65ebc10,1994-01-24,,999-71-7048,S99947716,X83745984X,Mrs.,Lindsy319,Hermiston71,,Berge125,M,white,hispanic,F,Cambridge  Massachusetts  US,661 Kessler Loaf Unit 20,Westfield,Massachusetts,Hampden County,,42.18750127505727,-72.73066078016237,1167725.29,300099.69000000006
7f235ca6-b105-5227-1ff6-91b38bfa4d8a,1955-03-31,,999-99-8092,S99968898,X21155942X,Mrs.,Elenora790,Doyle959,,Denesik803,M,white,nonhispanic,F,South Hadley  Massachusetts  US,637 Johnson Frontage road,Dartmouth,Massachusetts,Bristol County,,41.548601171994,-70.95100681265534,1167078.2664999997,35416.423500000004
38d632fe-50f7-f03d-bfa3-c77be1fd58bc,2017-08-07,,999-35-7555,,,,Gerard367,Torp761,,,,white,nonhispanic,M,Marshfield  Massachusetts  US,545 Stark Highlands Suite 20,Plymouth,Massachusetts,Plymouth County,02360,41.92693508975256,-70.64123894382914,17739.003,7452.806999999999
8cabe5ba-4e03-8b94-e928-62d96c9b55e6,2009-03-24,,999-48-4084,S99975239,,,Virginia437,Montenegro24,,,,white,hispanic,F,Wesley  Saint Andrew Parish  DM,686 Franecki Wall Unit 65,Boston,Massachusetts,Suffolk County,02132,42.36079549136532,-71.10179652478288,38615.206,18907.014
ed960db1-c66e-c4c6-687b-0b53bd30b876,1995-05-06,,999-62-7115,S99979569,X66614895X,Mrs.,Iliana226,Lueilwitz711,,Brown30,M,white,hispanic,F,Hadley  Massachusetts  US,891 Rempel Lodge Apt 24,Ludlow,Massachusetts,Hampden County,,42.19154347466629,-72.48227938519098,1302773.9900000002,96346.47
bddf0cbd-6513-9007-3a5b-89a0cf0a5690,1963-03-19,,999-45-3127,S99979462,X88151613X,Mr.,Freddy176,Graham902,,,S,white,nonhispanic,M,Canton  Massachusetts  US,394 Lubowitz Light,West Springfield,Massachusetts,Hampden County,01089,42.11581069357423,-72.65239856954167,1608855.0900000003,10489.139999999996
8ac48dfa-2363-ab1a-bdb4-220549744c6f,1990-12-18,,999-57-4394,S99996457,X85695371X,Mrs.,Kina737,Stanton715,,Rohan584,M,white,nonhispanic,F,Moscow  Moscow  RU,390 Cremin Forge Unit 69,Springfield,Massachusetts,Hampden County,01013,42.16615328434451,-72.54435497116961,1120612.1415,418269.1785
5de42360-2d79-160a-6e09-6547b7898037,1962-02-02,1996-06-27,999-30-1219,S99948820,X62627523X,Mrs.,Eunice461,Leffler128,,Mueller846,M,white,nonhispanic,F,Worcester  Massachusetts  US,420 Bernhard Esplanade Suite 84,Ashland,Massachusetts,Middlesex County,,42.22339448895787,-71.43031617904963,2694454.5974999997,1427.0624999999998
d568b2f1-fa57-12ef-69e3-84341a6436c4,2006-08-07,,999-46-3765,S99990553,,Ms.,Ja391,Littel644,,,,asian,nonhispanic,F,Sturbridge  Massachusetts  US,400 Runte Terrace,Boston,Massachusetts,Suffolk County,02109,42.41041383553326,-71.032660941495,273911.22699999996,79272.88299999999
555cf921-26e7-6804-d641-94b0cb760be8,1962-05-11,,999-94-9294,S99972227,X84082897X,Ms.,Chantal971,Lesch175,,,S,white,hispanic,F,Williamstown  Massachusetts  US,636 Daniel Route Unit 52,Rockport,Massachusetts,Essex County,,42.68457485187681,-70.60697083833118,2068737.8150000004,265684.2349999999
4a2d68f1-0375-d2af-3bfd-320a0b481c17,1965-08-05,,999-33-5935,S99916195,X77439266X,Mr.,Cordell41,Jerde200,,,M,white,nonhispanic,M,Fall River  Massachusetts  US,630 Swaniawski Wall Unit 90,Medford,Massachusetts,Middlesex County,02155,42.393453918783344,-71.08788598259098,2450423.5349999997,902.5649999999996
5c8968da-5487-4d13-8494-057239458651,1967-11-20,,999-37-3681,S99983274,X11186212X,Mr.,Delmar187,Toy286,,,S,white,nonhispanic,M,Chicopee  Massachusetts  US,354 Runolfsson Orchard,Charlton,Massachusetts,Worcester County,,42.13782555409817,-71.93116966551034,197144.9375,219084.39250000002
3fc1e3b3-c5e5-3f63-dc42-5c97a8696099,1971-09-22,,999-92-1869,S99915084,X49164737X,Mrs.,Vania595,Crist667,,Howell947,M,white,nonhispanic,F,Boston  Massachusetts  US,499 Dickens Junction,Turners Falls,Massachusetts,Franklin County,01376,42.603365284856054,-72.51441129641158,692886.6484999998,407459.9115
796a16cc-33fe-ae77-2f18-77346a857a9d,2000-09-04,,999-63-3310,S99919980,X64690331X,Ms.,Dominga527,Robel940,,,,white,nonhispanic,F,Boston  Massachusetts  US,486 Bailey Common Unit 40,Lynn,Massachusetts,Essex County,01901,42.503541246389304,-71.00082500810635,618277.5574999999,4360.132500000001
e10c9445-4e30-0012-5202-4afe7be36758,2013-07-03,,999-37-2573,,,,Minta575,Kshlerin58,,,,white,nonhispanic,F,Brockton  Massachusetts  US,617 Crona Burg,Boston,Massachusetts,Suffolk County,02114,42.39023083301196,-70.97464247813758,332025.24749999994,84.3224999999999
54a621a3-1547-fcd8-c0cc-c5c7d89476c1,2022-12-24,,999-74-3880,,,,Linwood526,McDermott739,,,,white,nonhispanic,M,Braintree  Massachusetts  US,178 Pouros Trailer,Oxford,Massachusetts,Worcester County,,42.09509042606883,-71.90914180963563,92738.57,0.0
a6161520-68af-57bf-8a21-c4b5bbc24801,2001-09-25,,999-57-1528,S99962922,X3445265X,Mr.,Ivory697,Lindgren255,,,,white,nonhispanic,M,Somerville  Massachusetts  US,685 Luettgen Dale,Boston,Massachusetts,Suffolk County,02136,42.341335235905895,-71.06499657961547,614084.295,139.00499999999994
65d63b06-88f1-f363-e3e7-c3b47b1d9b25,2026-02-18,,999-58-9097,,,,Glayds212,Smitham825,,,,asian,nonhispanic,F,Lawrence  Massachusetts  US,928 Schulist Junction Apt 34,Randolph,Massachusetts,Norfolk County,,42.19044196755761,-71.03076567175162,1613.061,2148.1589999999997
8eb676e0-21d6-c31b-a434-2e7ba5ff9e09,1952-10-11,,999-31-2671,S99921319,X41671227X,Mrs.,Glayds212,Reichert620,,Koch169,M,white,nonhispanic,F,Lynn  Massachusetts  US,832 Olson Bay Suite 13,Worcester,Massachusetts,Worcester County,01609,42.28724663107382,-71.85940089584702,1198319.8824999996,514642.56749999995
7d1c5b8e-9897-b05c-13d5-52b98b70a7cc,1962-02-02,,999-35-6709,S99933485,X26784193X,Mrs.,Lashay246,Luettgen772,,Weber641,M,white,nonhispanic,F,Melrose  Massachusetts  US,531 Corwin Hollow,Ashland,Massachusetts,Middlesex County,,42.277319666744894,-71.4481484933413,1979100.0575,216047.76249999998
31038ad7-a9a2-adc0-9ba0-12947b31f64c,1995-01-28,,999-23-2169,S99994041,X21791858X,Mr.,Elisha578,Leuschke194,,,M,white,nonhispanic,M,Worcester  Massachusetts  US,385 Ratke Skyway Unit 85,Greenfield,Massachusetts,Franklin County,01301,42.61111957177757,-72.6093851594467,772259.31,2057.52
f74941df-0666-3550-b557-b8203b37269b,1984-12-01,,999-24-3224,S99997259,X55905543X,Ms.,Mable471,Cronin387,,,S,white,nonhispanic,F,Salem  Massachusetts  US,618 Herzog Trafficway Apt 47,Lynn,Massachusetts,Essex County,01940,42.49114403344795,-71.04329108552733,1528409.9320000003,140891.56799999997
3c94669a-949e-b1d9-6ac3-d700cb363902,1965-10-18,,999-98-7925,S99986099,X22699627X,Mr.,Sydney660,Kuhic920,,,M,white,nonhispanic,M,Lexington  Massachusetts  US,168 Anderson Course,Eastham,Massachusetts,Barnstable County,,41.79575560429425,-69.98590161721044,1504832.7625000002,1937.9474999999998
e50f4e6f-40a8-45ca-e97d-f8ad4c8db22d,1947-05-07,,999-98-2215,S99976757,X10687350X,Mrs.,Lilia791,Colón139,,Cabán897,M,black,hispanic,F,Bogota  Bogota  CO,1084 Wehner Grove,Fitchburg,Massachusetts,Worcester County,01420,42.60783317971691,-71.79679120628083,2978425.812,1716374.0680000002
6b4c33dc-50be-12cc-b81b-089c0dfe343e,1972-12-31,,999-48-1341,S99954679,X1210075X,Mrs.,Zana914,Boyer713,,Cummings51,M,white,nonhispanic,F,East Falmouth  Massachusetts  US,251 Hudson Tunnel Apt 76,Franklin,Massachusetts,Norfolk County,,42.11006354809407,-71.39196947188155,1897684.9784999997,480719.9914999999
2b75fc5e-6691-233b-a5aa-ec6b11b65061,1969-04-02,,999-74-7758,S99957553,X29081102X,Mr.,Waylon572,Spencer878,,,M,black,nonhispanic,M,Marlborough  Massachusetts  US,538 Grant Camp Suite 38,Brimfield,Massachusetts,Hampden County,,42.14624559512902,-72.25517889872172,2115373.8925000005,93130.59750000002
dec9afd3-4af0-93d9-2199-bbfc47fd8dd8,2020-04-14,,999-31-9273,,,,Don899,Fadel536,,,,white,nonhispanic,M,Springfield  Massachusetts  US,465 Smith Dam,Worcester,Massachusetts,Worcester County,01605,42.2628868252876,-71.76145184273106,155253.495,304.905
3126600e-5795-606b-2094-d0d2aff40514,1976-01-31,2016-03-19,999-33-9825,S99911239,X45568356X,Mr.,Lance203,Mante251,,,S,white,nonhispanic,M,Sharon  Massachusetts  US,742 Hyatt Branch Apt 53,Hingham,Massachusetts,Plymouth County,02043,42.251267392315135,-70.85105014674983,1089222.5025,574.4474999999999
562bdec1-55dc-7d8f-f7cf-547f4a510548,1957-07-21,1989-05-15,999-73-8014,S99983236,X51696910X,Mrs.,Marcia467,Harvey63,,Kuvalis369,M,white,nonhispanic,F,Braintree  Massachusetts  US,281 Wolf Parade,Haverhill,Massachusetts,Essex County,01835,42.79657478828614,-71.1000074261448,972108.5825,208336.33749999997
adb7acb9-6d80-5284-e83a-aefdbc9e121e,1961-08-12,,999-10-4098,S99930904,X33189559X,Mrs.,Julieta402,Boyer713,,Wilderman619,M,white,nonhispanic,F,Billerica  Massachusetts  US,940 Goyette Wynd Apt 52,Lynn,Massachusetts,Essex County,01902,42.483222987921486,-70.96898893819655,916213.6879999994,23663.132
d011d944-8d98-579f-fe04-bf2ed5f6efe6,2022-03-11,,999-72-8892,,,,Weldon459,Donnelly343,,,,white,nonhispanic,M,Springfield  Massachusetts  US,981 Kerluke Union,Marlborough,Massachusetts,Middlesex County,,42.32248085471819,-71.51372064054897,112292.67,131.21999999999994
259ae599-49c6-55c0-0a6e-00b36862904c,1996-06-12,,999-78-3254,S99928199,X31199223X,Mr.,Hank686,McClure239,,,M,white,nonhispanic,M,Burlington  Massachusetts  US,489 Fisher Approach Suite 33,Methuen,Massachusetts,Essex County,01841,42.717483233740126,-71.19516187272632,741108.8475,1403.4524999999996
6c02c7c0-c929-3045-c383-d157b404d97f,1969-01-22,,999-49-9005,S99925124,X45851721X,Mr.,Grant908,Mohr916,,,M,white,nonhispanic,M,Boston  Massachusetts  US,685 Lubowitz Harbor,Hubbardston,Massachusetts,Worcester County,,42.473850097494235,-71.96594994667699,1448216.6950000003,18450.045000000002
8438c303-95ae-1b94-3618-fa362f30fa4a,1975-12-11,,999-93-4274,S99921891,X65628090X,Mrs.,Laurine214,Parisian75,,Stiedemann542,M,white,nonhispanic,F,Boston  Massachusetts  US,387 Feil Bridge,Wellfleet,Massachusetts,Barnstable County,,41.944980696259506,-70.03014624762159,2175547.3395000002,258005.48050000003
f95a3e13-01e9-5fe7-a7b6-9c7f3ac2e3bf,1976-01-31,,999-30-8134,S99962665,X15960213X,Mr.,Mohammed454,Stanton715,,,M,white,nonhispanic,M,Wrentham  Massachusetts  US,955 Bayer Vale Apt 16,Hingham,Massachusetts,Plymouth County,,42.21842274319281,-70.86340559008549,1235945.2125,2315.2275
faae9df1-8024-c3b9-efd5-6f729d417ddc,1999-05-23,,999-38-2274,S99978814,X53091236X,Mr.,Eli762,Kilback373,,,M,white,nonhispanic,M,Boston  Massachusetts  US,222 Rempel Dale,Walpole,Massachusetts,Norfolk County,,42.117261450780966,-71.23399205749433,1047342.6,0.0
8d3460a2-f196-a0dc-8e38-2e025cddccb8,1948-07-07,,999-97-6205,S99911368,X87268933X,Mr.,Nathaniel596,Turner526,,,M,white,nonhispanic,M,Boston  Massachusetts  US,320 Shanahan Trafficway,Yarmouth,Massachusetts,Barnstable County,,41.66090710072167,-70.26863152315869,308879.998,524969.9619999999
79eb49cc-8f11-0076-a8e4-b1ee66e87970,1980-10-25,,999-97-8168,S99966918,X6309966X,Mrs.,Margaretta466,Mitchell808,,Schmidt332,M,white,nonhispanic,F,Chelmsford  Massachusetts  US,497 Dickens Terrace Suite 27,Pinehurst,Massachusetts,Middlesex County,01866,42.53269065837114,-71.27856593805421,1465024.6030000001,598124.8369999999
f9fe66c6-407e-28e4-0334-597a0bd3ef2a,1957-07-21,,999-48-4739,S99970414,X27711772X,Mrs.,Audria778,McKenzie376,,King743,M,white,nonhispanic,F,Shrewsbury  Massachusetts  US,702 Metz Harbor Apt 85,Haverhill,Massachusetts,Essex County,,42.7945383392155,-71.06289250423603,2422354.0849999995,149971.32500000004
480d651e-988e-2b8a-155a-ba2c18535992,1976-09-10,,999-19-9999,S99916542,X55390892X,Ms.,Shaunte610,Kemmer137,,,S,hawaiian,nonhispanic,F,Cambridge  Massachusetts  US,722 Littel Burg,Boston,Massachusetts,Suffolk County,02114,42.26733017866968,-71.01757628427065,1957757.4400000006,428096.74000000005
918a4d45-dcc2-9f67-4576-f05d9f703fc8,2024-01-30,,999-50-3925,,,,Eliseo499,Lang846,,,,white,nonhispanic,M,Brookline  Massachusetts  US,115 Olson Passage Apt 43,Andover,Massachusetts,Essex County,,42.675988550501174,-71.13177605063497,74655.70000000001,206.21999999999997
94993af8-f268-3040-ef7e-e1c46f2a7309,2004-09-03,,999-26-1188,S99972788,X89931324X,Mr.,Alec433,Nolan344,,,,white,hispanic,M,Marlborough  Massachusetts  US,820 Stokes Tunnel,Boston,Massachusetts,Suffolk County,02130,42.242305682703304,-71.0915030633493,559291.26,2148.24
eda7cc8a-c19c-a02c-0170-b3eff44961dc,1971-11-07,,999-92-5813,S99912220,X71351116X,Mrs.,Lucie638,Bashirian201,,Hintz995,M,white,nonhispanic,F,Baldwinville  Massachusetts  US,1098 Roberts Byway,Stoughton,Massachusetts,Norfolk County,,42.12929249992844,-71.14513455370907,2169304.4115,208498.61850000007
a441433d-4587-b51b-5eaa-0697067885a8,2004-04-29,,999-36-2222,S99972183,X34411327X,Ms.,Nannette779,Rempel203,,,,white,nonhispanic,F,Cambridge  Massachusetts  US,268 Wilkinson Drive,Woburn,Massachusetts,Middlesex County,01890,42.45371842229379,-71.14941897419395,361098.68500000006,4320.695
fc8ab4e4-dca4-f91c-36af-1ced0e0b80ac,1996-06-21,,999-61-1787,S99992687,X1327771X,Mrs.,Maribeth658,Kreiger457,,Beatty507,M,white,nonhispanic,F,Chelmsford  Massachusetts  US,339 Mills Club,Salem,Massachusetts,Essex County,01970,42.474522036348496,-70.92599895049833,1417205.8949999993,23530.215000000004
35826774-ba07-2aa6-50f4-4b2af983d3df,1983-10-20,,999-14-4490,S99988683,X17943367X,Mr.,Trey250,Heller342,,,M,white,nonhispanic,M,Brockton  Massachusetts  US,815 DuBuque Dale Apt 47,Walpole,Massachusetts,Norfolk County,,42.13715236330268,-71.28756741081759,1052357.4949999999,5514.945000000001
d9d14f9a-e51f-ee38-2a53-a579b11a7f12,1986-11-13,,999-45-1970,S99987499,X18336613X,Mr.,Bradley693,Jacobs452,,,M,white,nonhispanic,M,Plymouth  Massachusetts  US,560 Hackett Underpass,Revere,Massachusetts,Suffolk County,,42.44971344056231,-71.0152965701057,935144.5349999999,409.335
ec1a6766-7093-7ca9-6f70-4d71f98db848,1967-06-07,2024-12-25,999-74-5697,S99924907,X38669974X,Mr.,Wilford267,Kerluke267,,,M,white,nonhispanic,M,Ware  Massachusetts  US,711 Bashirian Avenue,Quincy,Massachusetts,Norfolk County,,42.27345592152394,-71.0044033625783,1524141.1025000003,15686.4375
5039da7a-38ad-b168-4899-e1792fa17f7b,2010-04-11,,999-15-8270,S99963382,,,Jason347,Tromp100,,,,white,nonhispanic,M,Dedham  Massachusetts  US,650 Casper Parade,Boxford,Massachusetts,Essex County,01921,42.63809062597899,-71.07545639139033,399308.74750000006,3800.4224999999997
7d8f52da-5bf4-9fc7-36e3-4ca2d41c64b0,1973-09-23,,999-99-2709,S99926021,X42847642X,Ms.,Marylouise236,Lynch190,,,S,white,nonhispanic,F,Longmeadow  Massachusetts  US,805 Reichert Landing Apt 91,Somerville,Massachusetts,Middlesex County,02145,42.41277995975266,-71.10364377295816,1881573.160000001,152816.00999999998
609995c0-411f-2522-e2be-dcd82ec24988,2011-08-07,,999-46-1980,,,,Jasper743,Lebsack687,,,,white,nonhispanic,M,Bolton  Massachusetts  US,1018 Lubowitz Throughway,Holyoke,Massachusetts,Hampden County,01040,42.17189077627918,-72.59415573920026,384054.0,0.0
65943574-7dfd-14fb-50cb-370ec14e0c2f,2016-06-01,,999-45-3241,,,,Silvana620,Paucek755,,,,white,nonhispanic,F,Arlington  Massachusetts  US,395 Schinner Club Unit 7,Fall River,Massachusetts,Bristol County,,41.59769831856481,-71.09717450156751,256088.89000000004,206.21999999999997
bb9e1306-d2bd-7b9a-4d1f-22642625ee13,1969-02-06,,999-31-2069,S99911141,X70026202X,Mr.,Ward668,Romaguera67,,,S,white,nonhispanic,M,Athol  Massachusetts  US,104 Hamill Knoll Apt 31,Lakeville,Massachusetts,Plymouth County,,41.797730340932226,-70.93048375361091,1445754.7700000005,10021.8
04af3edc-7c30-65e2-86a4-c189f4cb4fcc,1983-01-22,,999-99-3153,S99927753,X73291896X,Mr.,Jefferey580,Jenkins714,,,M,other,nonhispanic,M,Belmont  Massachusetts  US,241 Moen View Unit 94,Kingston,Massachusetts,Plymouth County,,41.945661458795264,-70.73799813520223,1155029.4699999997,32760.6
1f530989-17ff-4b18-96a4-4ee773210f2e,1953-04-20,,999-92-7376,S99990982,X17007411X,Mr.,Lenny728,Ernser583,,,M,white,nonhispanic,M,Northborough  Massachusetts  US,289 Wyman Arcade,Chicopee,Massachusetts,Hampden County,,42.14488173502127,-72.55486041586137,1706588.4264999998,83205.38349999998
4628b91d-ef61-dde5-87d0-80412ea2ecbf,2011-12-02,,999-56-1443,,,,Darrel772,Douglas31,,,,white,nonhispanic,M,Arlington  Massachusetts  US,232 Torp Dale Suite 86,Fitchburg,Massachusetts,Worcester County,01420,42.55383919826992,-71.79090249746983,367064.9725,1230.3975
d6624cf6-f2d3-d948-c314-0bb6bf0aae5b,2012-04-17,,999-59-3267,,,,Derek111,Pacocha935,,,,white,nonhispanic,M,Norton  Massachusetts  US,292 Reichel Haven Apt 57,Dedham,Massachusetts,Norfolk County,02090,42.20763888306768,-71.1941626453533,659067.2225,495.51749999999987
4b2fdc04-adec-91d7-08de-ca7dde1ed81a,1979-06-13,,999-82-9742,S99990039,X46090748X,Mrs.,Terrell212,Moore224,,Hessel84,M,white,nonhispanic,F,Naples  Campania  IT,798 Hermiston Esplanade Suite 83,Waltham,Massachusetts,Middlesex County,02451,42.41223527514707,-71.22088158833547,1794849.3399999996,130580.57999999999
588bb0ac-6a6b-949d-4bb6-ee004be83901,2004-03-31,,999-21-3876,S99944456,X15142519X,Ms.,Verena947,Dibbert990,,,,white,nonhispanic,F,Holliston  Massachusetts  US,658 Kub Course Apt 66,Southbridge,Massachusetts,Worcester County,01550,42.04711389526696,-72.0553592607942,428246.96999999986,12110.4
86bae6af-e216-179b-f886-1a4724dc7774,1967-06-07,,999-96-6641,S99951604,X58169046X,Mr.,Ezekiel373,Daniel959,,,M,white,nonhispanic,M,Barnstable  Massachusetts  US,665 Jacobi Byway Apt 59,Quincy,Massachusetts,Norfolk County,02170,42.273442815555065,-71.0059658366232,1722202.9050000005,12881.894999999999
9b681f58-ab05-5763-98e6-8531dce1db63,2013-12-11,,999-54-9097,,,,Malik994,Bogisich202,,,,white,nonhispanic,M,Haverhill  Massachusetts  US,182 Bogan Approach,Canton,Massachusetts,Norfolk County,,42.21720594999844,-71.15481816248368,315266.07999999996,0.0
2c1f0ef8-c6b7-459c-670f-c2af69207657,1974-08-10,,999-72-2363,S99989942,X37685108X,Mrs.,Phyliss206,Mayer370,,Price929,M,asian,nonhispanic,F,Taunton  Massachusetts  US,465 Schuppe Flat Suite 13,Hudson,Massachusetts,Middlesex County,,42.436133079203074,-71.57438179173552,2486890.71,404299.7699999999
a9a9f393-312b-5c56-e378-3e62a92f76c6,1997-04-01,,999-11-9851,S99914858,X67047827X,Mr.,Burton124,Zemlak964,,,S,black,nonhispanic,M,Cambridge  Massachusetts  US,519 Fritsch View,Boston,Massachusetts,Suffolk County,02136,42.38567116294876,-71.09638020920337,739520.7625000002,5329.537499999999
7eec3e6e-90cf-73b1-b1f8-b862f8e530ac,2010-03-22,,999-35-1794,S99980186,,,Frank378,Schinner682,,,,black,nonhispanic,F,Middleton  Massachusetts  US,1046 King Brook Unit 16,Newton,Massachusetts,Middlesex County,02459,42.29888799697455,-71.29509092647564,52807.605500000005,37954.504499999995
2e030da1-b526-73a2-943b-8d1ca42c56d9,1964-06-23,,999-87-8673,S99949307,X14653055X,Mr.,Merrill415,Kling921,,,M,white,nonhispanic,M,Revere  Massachusetts  US,231 Stamm Highlands,Auburn,Massachusetts,Worcester County,,42.19359805413661,-71.85372875588337,1630021.7225000001,17084.8875
1dba304c-84cc-d258-ee7c-b9cdb5c31e33,1993-01-04,,999-29-3501,S99934981,X33278586X,Mr.,Carrol931,Hauck852,PhD,,M,black,nonhispanic,M,Somerville  Massachusetts  US,304 Powlowski Trail,Boston,Massachusetts,Suffolk County,02114,42.299249345667484,-71.07537781495057,891158.585,759.1349999999999
8b116130-756f-1773-6dcf-121d8c622c41,1978-10-02,,999-47-3654,S99951335,X59158628X,Mr.,Anibal473,Franecki195,,,M,white,nonhispanic,M,Southbridge  Massachusetts  US,1082 Schoen Well,Springfield,Massachusetts,Hampden County,01104,42.09380534467828,-72.58173276172741,1775443.2650000001,163797.915
93a9a4ca-daf0-d6c9-c0b3-4d7dffa83a29,2006-09-18,,999-56-6341,S99910857,,Mr.,Gabriel934,Cisneros174,,,,white,hispanic,M,Salisbury  Saint Joseph Parish  DM,1057 Abbott Branch,Westhampton,Massachusetts,Hampshire County,,42.29390394177016,-72.73158139490158,435611.0925000001,2182.8675
373506ec-8723-8a00-bd99-8e452b6fd2ab,2022-02-09,,999-18-1701,,,,Richie600,Prohaska837,,,,white,nonhispanic,M,Medway  Massachusetts  US,394 Swift Club Unit 71,Pinehurst,Massachusetts,Middlesex County,01866,42.555311256177696,-71.25036099953734,110321.16249999999,1099.1175
4d91e62f-fcb3-97b3-b1d6-92b472b00535,2015-04-07,,999-88-5481,,,,Garrett899,Wyman904,,,,white,nonhispanic,M,Boston  Massachusetts  US,102 Kub Dam,Peabody,Massachusetts,Essex County,01960,42.51256617903082,-71.00170318960774,35628.2385,19536.5315
6f91531d-cc99-17f3-dfdc-35f1663ed08b,2000-02-13,,999-65-4644,S99980006,X60953425X,Mr.,Philip822,Nitzsche158,,,,white,nonhispanic,M,Worcester  Massachusetts  US,926 Considine Stravenue Unit 31,Uxbridge,Massachusetts,Worcester County,,42.10625550003687,-71.61158742177122,672865.18,0.0
8a82c9d0-a2ba-21f8-25a8-68f46e002e17,1945-02-14,,999-20-3282,S99996027,X85996531X,Mr.,Alec433,Marvin195,,,S,white,nonhispanic,M,Framingham  Massachusetts  US,938 Orn Branch Suite 63,Burlington,Massachusetts,Middlesex County,01803,42.52977132551662,-71.23289965290193,2035941.6835,140722.18649999998
37bfd864-b3e7-6a8a-a92d-576b2a35099b,1991-04-30,,999-60-6603,S99955193,X12531267X,Mr.,Milton509,Sawayn19,,,M,white,nonhispanic,M,Boston  Massachusetts  US,381 Fahey Drive,Dedham,Massachusetts,Norfolk County,02090,42.22093010562758,-71.206760967276,1689408.8300000003,10426.890000000001
0f22e1b5-ba01-9d4e-ba06-c8a3c3a1ed91,2012-08-22,,999-34-5465,,,,Carmen818,Eichmann909,,,,white,nonhispanic,M,Marblehead  Massachusetts  US,247 Bradtke Landing,Boston,Massachusetts,Suffolk County,02129,42.32891879573196,-71.15380102850561,339568.14999999997,206.21999999999997
02288e20-3eae-8391-4503-758f16391f7e,2008-03-15,,999-84-8258,S99920622,,Mr.,Stuart913,Kirlin939,,,,white,nonhispanic,M,Worcester  Massachusetts  US,320 Lindgren Ville,Holden,Massachusetts,Worcester County,,42.395750831545286,-71.83201211803886,476994.22000000003,131.21999999999994
e6a489ee-5c06-3494-5514-e90ed7d8ba98,1931-10-10,,999-11-4335,S99926888,X83260812X,Mrs.,Sharika71,Quitzon246,,Balistreri607,M,white,hispanic,F,Beverly  Massachusetts  US,414 McLaughlin Estate,Norwell,Massachusetts,Plymouth County,,42.14234046917327,-70.78964900176169,2743210.8025000007,422338.8875000002
afa2b4a2-e2b5-f708-f88a-b3291de1e476,1948-09-28,,999-91-2562,S99950184,X50303899X,Mr.,Christopher407,Rosenbaum794,,,M,asian,nonhispanic,M,Somerset  Massachusetts  US,786 Batz Union Apt 16,Boston,Massachusetts,Suffolk County,02203,42.35894922133912,-71.10331926731043,1931907.8600000008,50243.14000000001
98f7341d-1817-069a-85d9-f8c5d3a412a5,1996-03-10,,999-72-2333,S99961139,X59428495X,Mr.,Nicky270,Berge125,,,M,white,nonhispanic,M,Franklin  Massachusetts  US,349 Pfeffer Burg,Saugus,Massachusetts,Essex County,01906,42.509149935883364,-71.04142546291088,97380.7415,46944.088500000005
e17bad71-e1a8-7f73-3fce-51434115c090,2014-11-12,,999-58-5674,,,,Margaretta466,Conn188,,,,white,nonhispanic,F,Braintree  Massachusetts  US,313 Schneider Avenue,Plymouth,Massachusetts,Plymouth County,02360,41.90840854389863,-70.6441364564375,286083.56,0.0
8b3ff4ff-aadc-9955-5d51-723f370d0f2c,2020-12-01,,999-15-7051,,,,Fermin479,Cartwright189,,,,asian,nonhispanic,M,Sandwich  Massachusetts  US,181 Klocko View Apt 97,Newton,Massachusetts,Middlesex County,02458,42.38759711179072,-71.24418968562406,139831.51249999998,144.33749999999995
5efee58b-68db-d366-246e-c54905e38f7b,2014-04-04,,999-32-1414,,,,Mui729,Huel628,,,,black,nonhispanic,F,Boston  Massachusetts  US,140 Simonis Burg Apt 44,Oxford,Massachusetts,Worcester County,,42.14892670115561,-71.86602239147597,328349.07,6861.690000000001
152f1e73-ba69-3be9-ad44-b739e02cc5a8,1993-08-03,,999-45-1243,S99987827,X87505089X,Mr.,Barton704,Corwin846,,,M,white,nonhispanic,M,Great Barrington  Massachusetts  US,179 Hand Landing,Falmouth,Massachusetts,Barnstable County,,41.59924609633172,-70.62266477038108,830455.0650000002,2973.9449999999997
f798e4e3-eb03-52d9-2abf-d7edb4034e25,1982-05-30,,999-43-2449,S99938796,X5551820X,Mrs.,Yahaira79,Boehm581,,Yundt842,M,white,nonhispanic,F,Cambridge  Massachusetts  US,303 Terry Bay,East Harwich,Massachusetts,Barnstable County,02645,41.6670777886463,-70.0400516725293,2160365.2989999996,643946.7209999999
33134b40-3c54-d909-358d-932be520d65d,2025-05-13,,999-55-4203,,,,Allie437,Rutherford999,,,,white,hispanic,F,Hanover  Massachusetts  US,893 Abbott Track,Leominster,Massachusetts,Worcester County,01420,42.56708314100113,-71.77664414130439,37325.245,74.95499999999991
cd3a2110-5d02-52e6-327e-d12b30557a6f,2010-02-10,,999-62-5449,S99991847,,,Edris973,Kuvalis369,,,,black,nonhispanic,F,Northbridge  Massachusetts  US,1036 Altenwerth Mall Apt 13,Lynn,Massachusetts,Essex County,,42.44718796595233,-71.01170611178725,772155.3699999999,0.0
9873cabe-8695-b7ec-e143-2ef032b7e9dd,2002-01-02,,999-65-1237,S99985133,X57472930X,Mr.,Nickolas58,Price929,,,,white,nonhispanic,M,Walpole  Massachusetts  US,313 Schroeder Meadow Suite 19,Brookline,Massachusetts,Norfolk County,02445,42.34956038249229,-71.0938464082671,607388.0674999999,4283.242499999999
1416f07d-a11a-49ca-a2ee-66db523a605b,1987-04-29,,999-21-8236,S99944167,X17583588X,Mrs.,Antonina346,Blanda868,,Effertz744,M,black,nonhispanic,F,Winchendon  Massachusetts  US,458 Nikolaus Annex,Abington,Massachusetts,Plymouth County,02351,42.08743144678603,-70.99726318133807,2439723.9200000004,177284.61000000002
f4638abd-0c6b-781c-c0f1-4de3aded5e24,2013-01-27,,999-45-9927,,,,Rebeca548,Toy286,,,,white,nonhispanic,F,Wakefield  Massachusetts  US,800 Runolfsson Plaza,Marlborough,Massachusetts,Middlesex County,,42.3545857606394,-71.58954457911301,335159.89,131.21999999999994
0b01b3a0-79d8-fc58-e1d8-90c595d6e02a,2007-05-20,,999-96-7315,S99913793,,Ms.,Yaeko585,Lakin515,,,,white,nonhispanic,F,Quincy  Massachusetts  US,171 Borer Dam,Harvard,Massachusetts,Worcester County,,42.4629917299753,-71.57751413329125,500118.36750000005,8680.7325
0c0ff157-b01b-825b-e6f6-e9e57ea753ee,1978-07-21,,999-87-5999,S99969116,X8598111X,Mrs.,Shakia673,Lemke654,PhD,Olson653,M,white,nonhispanic,F,Westport  Massachusetts  US,1041 Willms Gardens Unit 24,Everett,Massachusetts,Middlesex County,,42.40219588756004,-71.04532594411904,2451855.8965000003,119958.5135
d707dc03-b63d-f543-52fe-37dc7934254d,2015-03-16,,999-16-7257,,,,Patricio639,Banda20,,,,white,hispanic,M,Kingston  Kingston  JM,1012 Trantow Pathway,Grafton,Massachusetts,Worcester County,,42.22779695149571,-71.70419162881197,318074.32249999995,74.31749999999991
dd07761a-9516-badf-0c2e-ad99471f1502,1991-05-04,,999-54-2482,S99973370,X19526085X,Mr.,Val761,Dickens475,,,M,white,nonhispanic,M,Stoughton  Massachusetts  US,1057 Schuster Passage Suite 26,Fitchburg,Massachusetts,Worcester County,01420,42.57194990406253,-71.82762045330847,1656006.9375000002,905.8425000000001
6c17c332-2714-134a-df67-3312b44a70a2,1994-07-21,,999-52-1518,S99970192,X9827055X,Mr.,Larry532,Crist667,,,M,white,nonhispanic,M,Tewksbury  Massachusetts  US,204 Hintz Plaza Apt 98,Marlborough,Massachusetts,Middlesex County,01752,42.31364380869813,-71.59101384714917,821852.1725,1981.8974999999998
3e1532e3-4500-bd2d-8438-e780c8e8ddc0,2002-04-23,,999-24-9808,S99988738,X75441801X,Ms.,Diane211,Mertz280,,,,white,nonhispanic,F,Boston  Massachusetts  US,997 Ernser Gardens Unit 44,West Yarmouth,Massachusetts,Barnstable County,02673,41.64919974083429,-70.29639438754229,1433789.2825000004,62923.0575
89383cb1-7ebc-ab28-7ff0-ed3219ed721f,1958-12-19,,999-60-5086,S99949716,X11669379X,Mrs.,Frank378,Prohaska837,,Kulas532,M,white,nonhispanic,F,White Island Shores  Massachusetts  US,309 Goldner Overpass,Plymouth,Massachusetts,Plymouth County,,41.84153616153293,-70.6011316925444,2522517.0165000004,489118.40349999996
f765bdc6-0ca4-06bb-3517-daa9803a65f5,1973-10-17,,999-93-7127,S99962729,X81753882X,Mr.,Harrison106,Schmitt836,,,M,white,nonhispanic,M,Plymouth  Massachusetts  US,1023 Bergstrom Club,Franklin,Massachusetts,Norfolk County,,42.04511618082554,-71.44958709788352,1333395.095,3319.035
176dc8e4-13bb-077a-8fef-e9527aaf7f44,1964-02-18,,999-47-8098,S99979277,X66781665X,Mrs.,Deane47,Vandervort697,,Kassulke119,M,black,nonhispanic,F,Lyon  Auvergne-Rhone-Alpes  FR,769 Rice Bypass,Randolph,Massachusetts,Norfolk County,,42.177258986654394,-71.00349264461765,1656983.2150000003,32906.805
25da2f91-7bcb-7de4-36ce-6d207122439e,2026-02-12,,999-92-5746,,,,Harry448,Hessel84,,,,white,nonhispanic,M,North Attleborough  Massachusetts  US,1010 Macejkovic Approach Apt 91,Grafton,Massachusetts,Worcester County,,42.21481712212677,-71.65584469298201,12439.154999999999,1542.4650000000001
2c12eae7-a1f9-d6d6-4651-ece24c32778c,1966-07-28,,999-16-6845,S99949472,X18461577X,Mrs.,Dulce933,Abbott774,,Erdman779,M,white,nonhispanic,F,Saugus  Massachusetts  US,857 Reichert Stravenue Suite 58,Boston,Massachusetts,Suffolk County,02134,42.38822055124386,-70.96086742343984,2304944.1384999994,457447.97149999987
aa9c0cad-4934-4f63-494d-3ed048add440,1976-02-12,,999-64-9263,S99942755,X7470304X,Mr.,Maurice742,Lockman863,,,M,black,nonhispanic,M,Millis-Clicquot  Massachusetts  US,545 Yost Center Suite 1,Boston,Massachusetts,Suffolk County,02152,42.39752998572456,-71.06685741777734,1248729.1699999997,1709.2200000000003
40a26c6c-6bf1-7a75-cebc-76bd56b6fe8d,2021-01-26,,999-13-9902,,,,Barney639,Casper496,,,,white,nonhispanic,M,Boston  Massachusetts  US,331 Schoen Pathway Apt 99,Holbrook,Massachusetts,Norfolk County,02368,42.10939218395504,-70.98172086374225,135499.68,0.0
5b85b9dc-3d38-7561-d58f-93644cce3ed4,2001-11-05,,999-66-8151,S99957200,X40586082X,Mr.,Johnnie679,Casper496,,,,white,nonhispanic,M,Worcester  Massachusetts  US,808 Ullrich View Suite 40,Worcester,Massachusetts,Worcester County,01608,42.31229929597173,-71.81390018729664,1205327.1024999998,9545.167500000001
54b559e2-a421-e75c-6c3f-c35d9d7ea001,1996-12-10,,999-62-5214,S99933842,X39379811X,Mrs.,Gayle448,Schneider199,,Pagac496,M,asian,nonhispanic,F,Greenfield  Massachusetts  US,967 Walter Way Apt 68,Easton,Massachusetts,Bristol County,,42.032023616263,-71.12627044104941,915077.8900000001,30811.859999999997
a1580d14-bd88-25a6-eecb-274eb9bc9c17,1946-08-10,,999-96-4296,S99998510,X77000113X,Mrs.,Cherry401,Jenkins714,,Dickinson688,M,white,nonhispanic,F,Raynham  Massachusetts  US,520 Witting Burg,Fall River,Massachusetts,Bristol County,02720,41.74433603948649,-71.10109237046312,908548.9429999999,450700.00699999987
b8d912b0-6cf0-7054-9bac-7b0caffd87a8,1987-12-22,1999-11-07,999-63-1323,,,,Dottie687,Wehner319,,,,white,nonhispanic,F,Quincy  Massachusetts  US,372 Franecki Route,Hadley,Massachusetts,Hampshire County,,42.348449372845174,-72.59594134641672,304545.19,0.0
f412f0ae-91c5-3c1d-1e18-6f28f2c1bddf,1979-05-06,2018-10-16,999-60-1938,S99946587,X4383570X,Ms.,Kaitlyn96,Kuphal363,,,S,white,nonhispanic,F,Wareham  Massachusetts  US,1017 Legros Well,Salem,Massachusetts,Essex County,,42.428815744601465,-70.93810501810877,1667675.799,692903.3910000001
ef5a31c8-e06c-4e38-0142-14aa335ab468,1991-02-05,,999-42-9130,S99941723,X67379607X,Ms.,Roberto515,Trantow673,,,S,white,nonhispanic,F,Westport  Massachusetts  US,374 Pagac Quay,Ocean Bluff-Brant Rock,Massachusetts,Plymouth County,,42.05672149465382,-70.61441056207741,130019.7375,307795.0125
7ac59dc0-e8b7-3e91-cd4f-0fe1452266bf,1961-10-20,,999-51-3771,S99910760,X26481621X,Mrs.,Adriana394,Cummerata161,,Schumm995,M,white,nonhispanic,F,Stoughton  Massachusetts  US,517 Marks Estate Unit 64,Chelsea,Massachusetts,Suffolk County,02150,42.42885163985146,-70.99701433240946,895117.9260000002,188680.374
f2c27245-1805-e5b6-c79e-49fc0724f785,1980-11-16,,999-38-7903,S99979998,X71018068X,Mr.,Xavier983,Moen819,,,M,white,nonhispanic,M,Seekonk  Massachusetts  US,402 Ledner Key Suite 90,Orange,Massachusetts,Franklin County,,42.61834026421197,-72.33725398008981,1155412.91,916.02
5a405d6c-7db2-9224-1d8a-f00e66cd3d75,1990-04-19,,999-74-5279,S99970905,X16691696X,Mr.,Mariano761,Jasso472,,,M,asian,hispanic,M,Juarez  Chihuahua  MX,606 Roberts Divide Unit 76,Winthrop,Massachusetts,Suffolk County,,42.348471231064885,-70.97189167165804,909248.0949999996,1671.9149999999997
49a50944-69c9-f917-1738-55f8e4f4b500,2026-03-13,,999-45-3084,,,,Mara755,Will178,,,,asian,hispanic,F,Worcester  Massachusetts  US,1018 Hegmann Ville,Concord,Massachusetts,Middlesex County,,42.42315000715845,-71.35874932091689,12105.510000000002,0.0
6bc54808-703c-7e58-2fc4-ce8bd2889c49,2016-12-14,,999-32-7210,,,,Rod343,Pfannerstill264,,,,black,nonhispanic,M,Westwood  Massachusetts  US,367 Bins Spur,Holden,Massachusetts,Worcester County,,42.37305074632086,-71.87461785630362,227859.0875,344.72249999999997
ae2932d6-4e68-5c70-3796-5854bffd3e80,1965-01-12,,999-79-2629,S99954272,X71569368X,Mrs.,Ebony669,Considine820,,Mitchell808,M,black,nonhispanic,F,Boston  Massachusetts  US,643 Schultz Estate Apt 48,Douglas,Massachusetts,Worcester County,,42.07215316668924,-71.7688509692821,2331875.694,197195.336
e369c76a-3424-73a6-2076-47cfa3908af6,2010-08-23,,999-50-2000,,,,Jennefer743,Cummerata161,,,,white,nonhispanic,F,Waltham  Massachusetts  US,234 Daniel Dam Apt 60,Haverhill,Massachusetts,Essex County,01832,42.81606649287915,-71.13547454683246,49672.1315,16950.498499999998
703bc267-719d-374e-7af9-82f5c960f37b,1992-07-19,,999-27-8766,S99936663,X56987792X,Mrs.,Lyndsey828,Zemlak964,,Price929,M,black,hispanic,F,East Falmouth  Massachusetts  US,401 Okuneva Station,Boston,Massachusetts,Suffolk County,02135,42.23571877384864,-71.05953137585426,1089994.7425,32373.0475
243e3d9a-845f-2f23-5ddd-74dfebe69590,2008-04-25,,999-36-2529,S99997117,,Ms.,Magda24,Keeling57,,,,white,hispanic,F,Barnstable  Massachusetts  US,431 Becker Road,Marlborough,Massachusetts,Middlesex County,,42.3508271350221,-71.58437003305903,431471.7325,6890.8875
23ee7da7-1ef7-ac79-e6ba-fb2eaf60249a,1987-12-22,,999-30-1162,S99991491,X56861070X,Mrs.,Coral377,Nader710,,Larson43,M,white,nonhispanic,F,Holyoke  Massachusetts  US,583 Hane Light Suite 82,Hadley,Massachusetts,Hampshire County,,42.406160308801766,-72.56204396584728,2249740.9999999995,25900.53
10e89c85-d940-eaeb-7fd0-f2ac11943cff,2023-05-21,,999-90-4508,,,,Catrina144,Jaskolski867,,,,white,nonhispanic,F,Dennis  Massachusetts  US,794 Hansen Bay Unit 52,Great Barrington,Massachusetts,Berkshire County,,42.173378731982574,-73.281513652288,75105.615,672.225
85d8cdf2-0922-de38-c6bb-956563ee2b76,1979-05-06,,999-46-7403,S99939245,X69701190X,Mrs.,Daniele610,Braun514,,Wiegand701,M,white,nonhispanic,F,Boston  Massachusetts  US,441 Wehner Meadow Suite 44,Salem,Massachusetts,Essex County,01907,42.53765979634733,-70.9300274435672,1412814.7925,637506.7174999999
39b8c236-8dab-4c9f-b08d-a1e39f3d6da5,1984-02-04,,999-52-5666,S99936403,X32031328X,Mr.,Rufus33,Howe413,,,M,white,nonhispanic,M,Wilmington  Massachusetts  US,759 Kuhn Loaf,Plymouth,Massachusetts,Plymouth County,,41.945982649575015,-70.6388084809777,1046281.0300000001,12495.93
27344ca6-0411-5a86-c24f-a4dd71298184,1993-05-09,,999-98-4207,S99928299,X12239851X,Mr.,Alvin56,Mann644,,,S,white,nonhispanic,M,Lynn  Massachusetts  US,391 Runolfsdottir Haven Unit 40,Attleboro,Massachusetts,Bristol County,02861,41.91187708051469,-71.32678025153749,1167670.8375000004,505.73249999999973
d93d3bf6-4d88-ffe1-fbd1-91c5db9c10bd,1967-01-04,,999-71-3445,S99996995,X70397296X,Mrs.,Yelena240,Boyer713,,Fadel536,M,black,nonhispanic,F,Mansfield Center  Massachusetts  US,1003 Hirthe Meadow Unit 54,Chicopee,Massachusetts,Hampden County,01013,42.13464061736396,-72.60547534870739,1576841.083,282863.39700000006
e486dd84-96c9-9730-da75-055b2493f075,1978-10-12,,999-28-7902,S99932008,X11689744X,Mr.,Collin529,Bins636,,,S,white,nonhispanic,M,West Newbury  Massachusetts  US,313 Dibbert Station Unit 5,Lowell,Massachusetts,Middlesex County,01854,42.63768754282816,-71.32986632107915,1177535.5224999997,4499.9775
c89dc430-f620-8fd4-5992-5f1c05216649,2020-04-22,,999-75-6881,,,,Lenard338,Borer986,,,,white,nonhispanic,M,Milton  Massachusetts  US,1010 Ortiz Row,Lowell,Massachusetts,Middlesex County,01850,42.664299859058985,-71.38507881192335,194282.18999999997,206.21999999999997
eafb3736-c2c8-8cb3-ed41-916eb5bd22f8,1964-11-25,,999-46-9874,S99942395,X64072806X,Ms.,Danelle47,Cartwright189,,,S,asian,nonhispanic,F,Brookline  Massachusetts  US,702 Ratke Hollow Apt 8,Worcester,Massachusetts,Worcester County,01609,42.273187715907405,-71.8352449380245,2686693.3575000004,15185.3625
28003ecf-3a4b-054e-3352-279325e4894f,2002-04-08,,999-69-3210,S99929165,X87561055X,Mr.,Herschel574,Hilpert278,,,,white,nonhispanic,M,Chelmsford  Massachusetts  US,623 Walker Green,North Reading,Massachusetts,Middlesex County,,42.60236030419916,-71.12052755493416,656811.7275,4649.2125
01cb7ce0-0e10-75a9-28ee-18fb214fa7e0,1946-09-07,,999-25-1395,S99948576,X16982944X,Mrs.,Masako522,Hamill307,,Dooley940,M,white,nonhispanic,F,North Reading  Massachusetts  US,299 Bauch Green Suite 62,Springfield,Massachusetts,Hampden County,01109,42.12380946158698,-72.61192177122196,1861062.5805,403668.9494999999
d83a3b5f-033b-72b4-ead6-cf93ffed4b45,1976-05-15,,999-56-8821,S99929550,X68015799X,Mr.,Xavier983,Beer512,,,M,white,nonhispanic,M,Fall River  Massachusetts  US,165 Kunde Hollow Unit 1,Arlington,Massachusetts,Middlesex County,02474,42.38730964636968,-71.17789310868199,256971.28250000003,13638.9375
5f8f019a-a73b-f0d5-9571-5d11841f1172,1997-08-29,,999-81-8571,S99934993,X48250836X,Mrs.,Carmelia328,Blanda868,,Huels583,M,black,nonhispanic,F,Shrewsbury  Massachusetts  US,364 Beier Neck Unit 31,Randolph,Massachusetts,Norfolk County,02368,42.139621402265135,-71.04613430356535,1212207.5435000001,265138.2865
8f116495-2d99-a81c-9260-26e017f8ab16,1964-06-11,2023-01-13,999-46-9898,S99991299,X27021049X,Mrs.,Telma919,Kuhlman484,,Eichmann909,M,white,nonhispanic,F,Arlington  Massachusetts  US,1036 Raynor Street,Cambridge,Massachusetts,Middlesex County,,42.36504986924883,-71.16370793841396,2393481.838,473168.322
838a50ad-748a-0074-ea77-03a403484c87,1994-08-23,,999-52-3774,S99987731,X68791812X,Ms.,Shawanna357,King743,,,S,black,nonhispanic,F,Andover  Massachusetts  US,1024 Schiller Plaza,Lawrence,Massachusetts,Essex County,01843,42.6893546282475,-71.17148571162434,1125361.805,249412.91499999998
fea043e4-49d1-3e90-2605-6c246223e8d3,1958-12-19,,999-37-8470,S99916006,X46674947X,Mrs.,Nia310,Rowe323,,Hermiston71,M,white,nonhispanic,F,Patras  Achaea  GR,181 Hintz Parade Unit 34,Taunton,Massachusetts,Bristol County,02718,41.88466198749733,-71.05154010822525,1782399.1745000007,117466.09550000001
e23c8dce-7d60-7972-b389-f63c912b87e6,1990-06-24,,999-63-4949,S99981366,X89490180X,Mrs.,Estella474,Paucek755,,Ferry570,M,white,nonhispanic,F,Marshfield  Massachusetts  US,133 Tromp Underpass Suite 51,Taunton,Massachusetts,Bristol County,02780,41.92936433331738,-71.12526233979077,1847723.5669999998,195226.57299999992
865f5323-8d89-e66a-563e-1f575ee91bb2,1953-08-21,2024-08-09,999-85-8903,S99946228,X88290825X,Mr.,Clint766,Lakin515,,,M,white,nonhispanic,M,Medford  Massachusetts  US,951 Walker Glen Apt 98,Attleboro,Massachusetts,Bristol County,02861,41.92335367262496,-71.28472368484175,1970329.7764999992,160586.23349999997
16798823-5654-0507-17f0-673db6f2725a,1975-10-29,,999-38-9211,S99913314,X64042253X,Mr.,Duane703,Champlin946,,,M,black,nonhispanic,M,Topsfield  Massachusetts  US,1067 Daniel Rest Suite 66,Randolph,Massachusetts,Norfolk County,,42.141036785149915,-71.08732831607644,2078134.6875,10285.372499999998
0c737c87-f045-ce92-085b-ee2149f83a54,1964-06-11,1976-08-30,999-51-3937,,,,Garnet389,Barton704,,,,white,nonhispanic,F,Middlefield  Massachusetts  US,1028 Jenkins Lock,Cambridge,Massachusetts,Middlesex County,02140,42.34665232145177,-71.12980528185211,305405.23,0.0
e1e569f2-2e75-cc7d-db11-2538193b2ecd,1985-01-27,,999-29-3857,S99981109,X72278033X,Mrs.,Kasha638,Glover433,,Hickle134,M,white,nonhispanic,F,Winchendon  Massachusetts  US,145 Auer Stravenue,Bourne,Massachusetts,Barnstable County,,41.681626691231536,-70.6358120992578,1147606.7269999997,515011.68299999996
9b087241-34f1-11ab-2041-f2ccbda9a94e,2022-12-08,,999-57-3964,,,,Vanna750,Moore224,,,,white,nonhispanic,F,Haverhill  Massachusetts  US,943 Halvorson Knoll Unit 91,Somerset,Massachusetts,Bristol County,02726,41.7265215947618,-71.1511643663276,80341.2625,47.467499999999944
496c53cc-9722-a9ee-f227-4aa28cff78e2,1954-11-13,,999-70-2320,S99961129,X5400146X,Mr.,Phillip440,Corkery305,,,M,white,nonhispanic,M,Palermo  Sicily  IT,702 Greenholt Corner,Holbrook,Massachusetts,Norfolk County,02343,42.116585812866354,-71.03267446170145,1791916.3075000006,63806.04249999999
bd0728ed-d15f-5dfd-66d5-b343a974381b,1989-03-01,,999-43-8560,S99931918,X88681120X,Mr.,Jose871,Will178,,,S,white,nonhispanic,M,Stoneham  Massachusetts  US,695 Hettinger Lock,Boston,Massachusetts,Suffolk County,02119,42.325582166756234,-71.11377576707781,1106375.2149999999,1184.745
702782ea-992a-05f7-f225-bd4c7582b97c,1980-01-24,,999-89-2642,S99997308,X75237508X,Mr.,Isiah14,Streich926,,,M,white,nonhispanic,M,Quincy  Massachusetts  US,247 Cormier Club,Burlington,Massachusetts,Middlesex County,01730,42.52160601689084,-71.20578858720003,1114593.7975,1677.8325
9cacb899-f9cd-763d-6d52-8b4ca7db3b6e,1976-04-26,,999-58-1366,S99924018,X74726514X,Mr.,Julio255,Dach178,,,M,white,hispanic,M,Boston  Massachusetts  US,107 Weissnat Ramp Apt 67,Easthampton,Massachusetts,Hampshire County,01027,42.288519977737145,-72.62127162892882,1248621.8850000005,104.71499999999988
526eaea0-c5cb-7fe1-7fe8-ad9f96494d38,1991-11-30,,999-19-5719,S99916842,X8986197X,Mr.,Len277,Bednar518,,,M,white,hispanic,M,Revere  Massachusetts  US,224 Ankunding Key Apt 3,Cambridge,Massachusetts,Middlesex County,02139,42.36397585517121,-71.14720750120658,891653.1575000001,3757.4024999999992
10bb0fc5-aa97-bc96-24a5-6dba3e8c81eb,1964-06-11,,999-79-6287,S99976751,X3760273X,Mrs.,Nellie325,Senger904,,McCullough561,M,white,nonhispanic,F,Boston  Massachusetts  US,1043 Mante Center Apt 94,Cambridge,Massachusetts,Middlesex County,02141,42.3470902115405,-71.11906730384318,1620446.1950000003,1269.0449999999998
0d4e97e3-9e53-692c-91d4-86b8a976e8c7,1953-04-19,,999-60-8440,S99987392,X1630869X,Mrs.,Yuko264,Romaguera67,,Abbott774,M,white,nonhispanic,F,Avon  Massachusetts  US,1042 Trantow Key,Dunstable,Massachusetts,Middlesex County,,42.72577512339458,-71.49926581429659,2270252.2210000004,865150.4189999999
7545b043-319c-c854-3c5f-a80322ec48d9,2016-04-22,,999-30-6622,,,,Scottie437,Volkman526,,,,white,nonhispanic,M,East Bridgewater  Massachusetts  US,493 Crooks Ferry Suite 35,Pittsfield,Massachusetts,Berkshire County,01201,42.44639169045903,-73.28313353788785,162563.27000000002,0.0
e02524bc-1f34-16d6-07ff-10ccf64e4f2f,1963-07-06,,999-94-8747,S99980991,X390535X,Mrs.,Shandi937,Leuschke194,,Feeney44,M,white,nonhispanic,F,Easton  Massachusetts  US,807 Tromp Frontage road,Sturbridge,Massachusetts,Worcester County,,42.10617057259661,-72.11548762861399,454258.97850000014,119012.55149999999
74148f5b-2144-abf0-07a0-ca96243ad17d,1996-07-26,,999-76-3359,S99935039,X208879X,Mrs.,Luella739,Miller503,,Prohaska837,M,white,nonhispanic,F,Boston  Massachusetts  US,930 Durgan Parade Suite 26,Templeton,Massachusetts,Worcester County,,42.607924396337765,-72.11864383634673,1004862.8779999999,85610.572
766ee1b2-bfbc-df79-bc1e-01f254ad6ef8,2000-07-30,,999-67-1089,S99990109,X52623537X,Mr.,Rod343,Jones311,,,,white,nonhispanic,M,Taunton  Massachusetts  US,809 Balistreri Walk,Ayer,Massachusetts,Middlesex County,01432,42.54766314032498,-71.55487785948263,659213.4624999999,1178.1975
683ee9c6-d91f-28e0-390d-7cd660d03afb,1967-08-08,,999-12-5523,S99970450,X18321945X,Mrs.,Zena758,Vandervort697,,Bernier607,M,white,nonhispanic,F,Moscow  Moscow  RU,607 Herman Route Suite 56,Middleborough,Massachusetts,Plymouth County,,41.902635365306324,-70.91884355949759,2420423.0350000006,62478.34500000001
628aa9d3-5ad4-5254-0bdc-06f8d54ad1d5,1975-05-21,,999-54-9516,S99972020,X84992320X,Mr.,Gerry91,Ortiz186,,,M,white,nonhispanic,M,Lexington  Massachusetts  US,414 Miller Stravenue Apt 6,Fitchburg,Massachusetts,Worcester County,,42.651646739727894,-71.77877219368246,197839.19850000006,439834.77150000003
eeeb949a-0632-dc2e-73ff-9b1e05420fe3,2008-12-19,,999-23-3327,S99998502,,,Kacey193,Ernser583,,,,white,nonhispanic,F,Somerset  Massachusetts  US,226 Satterfield Parade Apt 73,Dracut,Massachusetts,Middlesex County,,42.677645710080306,-71.34973187370763,465389.71,1448.97
e9bca7f9-b47f-cb49-19fc-d1665b5627d3,2020-04-19,,999-65-4565,,,,Taylor21,Kub800,,,,white,nonhispanic,M,Boston  Massachusetts  US,147 Kertzmann Glen,Rockland,Massachusetts,Plymouth County,,42.09147535327746,-70.88727552337168,159788.50500000003,950.0549999999998
5e8920cf-fead-1a19-b16f-e6a9a2d361a5,1951-07-15,2009-11-19,999-61-1415,S99920325,X61212862X,Mr.,Amos720,Green467,,,M,white,nonhispanic,M,Weymouth  Massachusetts  US,254 Sporer Terrace Suite 96,Watertown,Massachusetts,Middlesex County,,42.35851755082684,-71.2123154521302,1431040.1050000002,13926.795
fcc8cda1-b654-cb88-4db2-6c788e4d4503,1948-11-16,2013-03-12,999-19-7864,S99986334,X37713898X,Mr.,Lindsey52,Kling921,,,S,white,nonhispanic,M,Burlington  Massachusetts  US,941 Grady Ville Apt 15,Chicopee,Massachusetts,Hampden County,01022,42.13422803393014,-72.52934110316588,430523.8494999999,60898.41049999999
5673755f-0406-bf35-f209-8957dc6d8161,1964-02-23,,999-13-1560,S99977665,X81403856X,Mr.,Arnulfo253,O'Kon634,,,M,asian,nonhispanic,M,Chicopee  Massachusetts  US,602 Davis Parade Apt 83,Belmont,Massachusetts,Middlesex County,02472,42.43186021924679,-71.22057697838541,2388003.4925,3771.3974999999996
eaa30f80-d0f9-0874-2f80-a06956f6362c,1948-08-30,,999-39-8890,S99916175,X21343966X,Mrs.,Jene106,Lind531,,Blick895,M,white,nonhispanic,F,Florida  Massachusetts  US,883 Stamm Ranch Unit 36,New Ashford,Massachusetts,Berkshire County,,42.598326068659944,-73.20395055073999,2263108.0825000005,143409.8375
aec59d1d-534f-a8ff-4557-5e649ff45ece,1954-04-14,,999-56-3540,S99947692,X29688716X,Ms.,Caroyln232,Hintz995,,,S,white,nonhispanic,F,Brookline  Massachusetts  US,736 Reichel Terrace,Hull,Massachusetts,Plymouth County,,42.356885084541815,-70.85910302558452,2718901.2575,114490.5225
b69b2527-9049-d8f9-372a-157d1c3acc1b,1969-08-15,,999-98-6016,S99934998,X51957891X,Mr.,Britt177,Stehr398,,,M,white,nonhispanic,M,Marlborough  Massachusetts  US,518 Sanford Heights Unit 44,Lowell,Massachusetts,Middlesex County,,42.65694162866601,-71.35170312832419,1455764.6749999998,9309.825
f4cc2063-4fa7-3821-038f-d25c2da071cc,2003-01-29,,999-24-6933,S99995616,X15520689X,Mr.,Samuel331,Alvarado520,,,,white,hispanic,M,Santo Domingo  National District  DO,242 Upton Mews Apt 58,Boston,Massachusetts,Suffolk County,02116,42.322964530235836,-71.00088337390562,918453.8129999998,694.127
d5dc9de1-bd4c-f2fc-aab4-aeceea21ff31,1966-01-21,,999-77-7542,S99935018,X8748174X,Mrs.,Verdell500,Hills818,,Yost751,M,white,nonhispanic,F,Dalton  Massachusetts  US,984 Wyman Terrace Unit 64,Pittsfield,Massachusetts,Berkshire County,01201,42.45826247350809,-73.26314496319011,194184.5245,119975.9655
ba8c7451-024f-8969-f02b-54df74c5957a,2018-12-24,,999-54-6842,,,,Dwayne786,Kerluke267,,,,white,nonhispanic,M,Grafton  Massachusetts  US,179 Senger Street Unit 17,Fitchburg,Massachusetts,Worcester County,,42.626590385801045,-71.79196417829327,187557.0675,3283.8825
54964b0c-e33c-3e64-f3ca-fed58b5cd280,1986-07-02,,999-80-9896,S99994490,X60570944X,Mrs.,Lillia547,Johnston597,,Turner526,M,white,nonhispanic,F,Athol  Massachusetts  US,859 Graham Spur,Fairhaven,Massachusetts,Bristol County,,41.64945462500418,-70.8699959032297,1451924.7544999998,287654.06549999997
125432cc-b84a-ddf2-9bc0-4234b266a84a,2005-10-28,,999-89-1609,S99950120,X1370835X,Mr.,Buford910,King743,,,,white,nonhispanic,M,Wellesley  Massachusetts  US,889 Wiegand Frontage road Unit 0,Peabody,Massachusetts,Essex County,,42.53714498588214,-70.98665507396574,1369830.2150000003,374.2349999999999
0bee9c62-e83c-4fd7-5483-a01173abdb64,1951-07-15,2000-12-31,999-93-1143,S99914031,X80998231X,Mr.,Adolph80,Blanda868,,,M,white,nonhispanic,M,Acton  Massachusetts  US,1086 Boyle Trailer Apt 57,Watertown,Massachusetts,Middlesex County,02472,42.320263001456624,-71.13014352420667,1662973.9374999998,219349.67250000002
6c5239be-2cf0-d876-82d5-ea34c4c60339,1957-07-03,,999-88-9174,S99914391,X38457573X,Mr.,Morton637,Tremblay80,,,M,white,nonhispanic,M,Rockport  Massachusetts  US,612 Bauch Parade Apt 3,Westborough,Massachusetts,Worcester County,01581,42.25784691960667,-71.64663152989786,2441704.2725000004,45638.237499999996
eb418d12-221f-cbc1-a9a0-9c43144d537b,1954-05-25,,999-31-4605,S99985058,X79618290X,Mrs.,Kaila152,Mueller846,,Sanford861,M,black,nonhispanic,F,Lyon  Auvergne-Rhone-Alpes  FR,104 Johnston Club Apt 86,Rochester,Massachusetts,Plymouth County,,41.73064292272484,-70.80813337914205,2262670.2379999985,110294.052
5a454505-266e-b50e-31a9-999724f2973b,1948-11-16,2003-03-01,999-38-4199,S99992291,X86789483X,Mr.,Timmy68,Balistreri607,,,M,white,nonhispanic,M,Freetown  Massachusetts  US,369 Waters Ranch,Chicopee,Massachusetts,Hampden County,01013,42.18777596488926,-72.56611751222913,309769.1565,13785.003499999997
15aa5abd-a0b1-5851-159c-f12e43dd962f,1982-03-15,,999-44-4987,S99915854,X26591292X,Mr.,Refugio197,Wilderman619,,,M,white,nonhispanic,M,Worcester  Massachusetts  US,911 Hodkiewicz Flat Apt 13,Boston,Massachusetts,Suffolk County,02125,42.34312787682068,-71.06723980289185,98819.417,18592.963
c5faa6fd-cc09-27cc-fb53-90ebfc8afab4,1972-01-22,,999-21-5954,S99986846,X43806068X,Mr.,Rolando809,Willms744,,,M,white,nonhispanic,M,Grafton  Massachusetts  US,549 Rippin Light,Bellingham,Massachusetts,Norfolk County,,42.0659712043656,-71.48457484669615,1341962.1350000005,2838.8849999999993
6d69654a-bccb-9e91-3c19-edc09d3bc6e8,1994-04-21,,999-90-1377,S99920196,X47206975X,Mr.,Ismael683,Berge125,,,M,white,hispanic,M,Chatham  Massachusetts  US,972 Kemmer Rest,Fitchburg,Massachusetts,Worcester County,01420,42.5576873852771,-71.79873500861234,889538.8299999996,0.0
6db8aa62-deac-9cbe-ca6f-20dd7f5473e2,1980-03-07,,999-50-4193,S99977818,X12310755X,Ms.,Magdalena964,Gislason620,,,S,white,nonhispanic,F,Cambridge  Massachusetts  US,920 Roberts Dale Apt 98,Brookline,Massachusetts,Norfolk County,02467,42.32376031125493,-71.12869580393716,1411178.57,435537.81
2f9e76ca-9b29-b2d0-a343-f1fbaf7cfaca,1974-03-17,,999-75-1270,S99922245,X78121607X,Mr.,Jacobo456,Figueroa648,,,M,white,hispanic,M,Wesley  Saint Andrew Parish  DM,866 Bosco Frontage road Apt 75,Beverly,Massachusetts,Essex County,,42.601600399282304,-70.80923463744436,1313426.185,8579.145
6d462d7f-0659-2177-31a0-29b3cb489fdb,1989-07-01,,999-20-1645,S99972768,X12822586X,Mr.,Chang901,Fritsch593,,,M,white,nonhispanic,M,Malden  Massachusetts  US,955 O'Connell Camp Unit 95,Chicopee,Massachusetts,Hampden County,,42.197842200365564,-72.55928094549701,905924.7724999997,1847.6475
38f05f0b-000c-b8fa-7f8e-2f2486ce48e6,1959-04-05,2022-02-25,999-58-8997,S99996653,X47834699X,Mr.,Filiberto722,Walker122,,,S,white,nonhispanic,M,North Andover  Massachusetts  US,609 Mills Camp Apt 53,Brookline,Massachusetts,Norfolk County,,42.307536968213384,-71.13572242123497,1629859.4350000008,885.1349999999998
9955cd54-e72a-e6eb-3977-63051754b3c6,1953-08-21,,999-18-7176,S99923103,X43445119X,Mr.,Melvin857,Turner526,,,M,white,nonhispanic,M,Watertown  Massachusetts  US,647 Skiles Orchard Unit 4,Attleboro,Massachusetts,Bristol County,02703,41.929385728465085,-71.33329470551317,2070291.6315000004,176502.6985
dbb68b6c-52d6-61d6-3e22-3d5a18b3f1be,1948-11-16,,999-86-6215,S99926022,X71266214X,Mr.,Gaston250,Conroy74,,,S,white,nonhispanic,M,Springfield  Massachusetts  US,1084 Lubowitz Branch Unit 77,Chicopee,Massachusetts,Hampden County,01020,42.23040080004475,-72.51050182898713,1511890.7909999997,103294.84899999999
ce930de5-c490-cb09-6017-e9ab57a06136,1951-07-15,,999-53-7430,S99942280,X85007507X,Mr.,Reid278,Murray856,,,M,white,nonhispanic,M,Waltham  Massachusetts  US,496 Denesik Viaduct,Watertown,Massachusetts,Middlesex County,,42.39972133683991,-71.17412313917592,1922793.1025,35924.377499999995
a99f4634-50dc-2865-7c0a-34c11035dd77,1970-09-17,,999-80-7890,S99967794,X73978258X,Mr.,King743,Hessel84,,,M,asian,nonhispanic,M,Incheon  Incheon  KR,584 Russel Trace,North Andover,Massachusetts,Essex County,,42.69121456700122,-71.07049080971208,1146715.7574999998,8967.1725
5b8e201f-ed29-3f98-a740-3b323dee1482,2003-03-04,,999-51-2141,S99941003,X56661288X,Ms.,Elmira442,Rodriguez71,,,,black,nonhispanic,F,Northwest Harwich  Massachusetts  US,259 Prosacco Annex,Burlington,Massachusetts,Middlesex County,01803,42.5452134096657,-71.1702957138404,760355.7424999999,2172.4275000000002
3d85b738-2cf7-faeb-f47e-fdb0c50eb973,2004-06-04,2016-08-16,999-26-2322,,,,Leandro563,McDermott739,,,,black,nonhispanic,M,Marshfield  Massachusetts  US,512 Boehm Forge,Boston,Massachusetts,Suffolk County,02118,42.40938279595367,-71.00090488501318,31586.964,17413.196
32213f25-4501-2e1f-b769-21c9e1689f91,1959-04-05,,999-32-1193,S99950221,X73254274X,Mr.,Elliott563,Fadel536,,,M,white,nonhispanic,M,Worcester  Massachusetts  US,600 Schuppe Annex,Brookline,Massachusetts,Norfolk County,02467,42.31760060447142,-71.14660022691552,1662535.202500001,12802.3575
801f9e08-4e63-4e17-0b76-48f016fa7e06,2005-09-12,,999-57-5552,S99948943,X40747284X,Ms.,Lynnette27,Zulauf375,,,,black,nonhispanic,F,Saugus  Massachusetts  US,727 Volkman Fort,Malden,Massachusetts,Middlesex County,02148,42.38126094603247,-71.11990614399268,82480.4445,188100.84549999997
929bba96-e59f-2225-89e0-28dfc624d617,1979-12-21,2022-01-07,999-54-2086,S99969097,X37433927X,Mr.,Fermin479,Anderson154,,,M,black,nonhispanic,M,Agawam  Massachusetts  US,1061 Howe Ferry Unit 86,Hubbardston,Massachusetts,Worcester County,,42.500545034711735,-71.97446786875219,1124324.7000000002,375.0
28fa5d82-fbfc-e14e-d4e7-d2ed05cf3f5d,1948-05-28,,999-92-3870,S99961597,X31865531X,Mrs.,Angele108,McKenzie376,,Wehner319,M,asian,nonhispanic,F,Stoneham  Massachusetts  US,977 Wilkinson Mall,Lowell,Massachusetts,Middlesex County,01850,42.601601092972274,-71.37599058413034,2375530.1729999995,656014.9970000001
8e72d3c5-2ce0-1e64-b79b-03070b230dc3,1994-03-05,1995-08-29,999-18-3140,,,,Carly657,Bernier607,,,,white,nonhispanic,F,Plainville  Massachusetts  US,342 Parisian Vale,Milton,Massachusetts,Norfolk County,02186,42.199347367810745,-71.03588204349339,57086.82000000001,0.0
623b9271-5e5f-37e1-1593-7124a2234637,2004-06-04,,999-91-2551,S99940552,X12646010X,Mr.,Eddy900,Bechtelar572,,,,black,nonhispanic,M,Belchertown  Massachusetts  US,853 Schumm Mews,Boston,Massachusetts,Suffolk County,02116,42.29697144934504,-71.0947114234682,53163.476,23019.373999999996
0b88a0d7-210c-2fe1-7d57-197b3ecee015,1982-04-13,,999-96-2188,S99940066,X48767212X,Mrs.,Lewis216,Windler79,,Eichmann909,M,white,nonhispanic,F,Bridgewater  Massachusetts  US,163 Ryan Row Apt 41,Norfolk,Massachusetts,Norfolk County,,42.15819410672596,-71.31805301592465,1340454.8065000004,175796.0435
e276eaa5-a723-9c58-ed8b-5f8c5f446e98,2025-12-28,,999-79-4983,,,,Russell422,Brakus656,,,,white,hispanic,M,Somerville  Massachusetts  US,298 Feeney Quay Apt 48,Wilbraham,Massachusetts,Hampden County,,42.10857153129142,-72.43878111455389,19953.040000000005,12.479999999999968
384c4df3-4a02-6013-d872-9e6102d4e5c5,1968-10-10,,999-53-6791,S99991383,X76814169X,Mrs.,Nancy265,Jacobs452,,Hansen121,M,white,nonhispanic,F,Northampton  Massachusetts  US,188 Sawayn Gardens,Ipswich,Massachusetts,Essex County,,42.71863568953716,-70.83745320314196,2441171.59,11115.9
bf086d40-cf6b-e511-87ad-307ff4e47b69,2001-08-02,,999-46-8912,S99940698,X59853712X,Ms.,Hyo54,Schinner682,,,,asian,nonhispanic,F,Haiphong  Kiến An  VN,355 Robel View,Revere,Massachusetts,Suffolk County,,42.38078703004175,-70.96456116127412,676942.3254999999,353961.9944999999
dcd930ce-4090-80c7-95f9-6770df48c296,2008-05-15,,999-99-3227,S99978942,,Mr.,Laverne101,Ryan260,,,,white,nonhispanic,M,West Concord  Massachusetts  US,952 Johnson Flat Suite 57,Methuen,Massachusetts,Essex County,01844,42.73845269630014,-71.15785410005945,459105.1599999999,131.21999999999994
d5355469-f0cf-a316-5624-9a9e8b37738d,1994-03-05,,999-89-5613,S99931950,X85737113X,Mrs.,Savannah232,Boyer713,,Howe413,M,white,nonhispanic,F,Wakefield  Massachusetts  US,1070 Barrows Ferry,Milton,Massachusetts,Norfolk County,,42.19300775639933,-71.03819558299918,1207624.6915,346471.4385
d2167da4-104a-2dd3-f74d-17c7f441d8e1,1982-08-31,,999-12-5645,S99934452,X58390719X,Mr.,Curtis94,Bayer639,,,M,asian,nonhispanic,M,Beijing  Beijing Municipality  CN,204 Fay Viaduct,Spencer,Massachusetts,Worcester County,01562,42.22662678341007,-71.97578427170595,1155226.9300000002,1904.8799999999997
033ed0d2-1292-d2a3-60d5-0ea96e10a226,1979-12-21,,999-40-5375,S99922268,X13003610X,Mr.,Jerald662,Howe413,,,M,black,nonhispanic,M,Falmouth  Massachusetts  US,367 Marquardt Heights Suite 70,Hubbardston,Massachusetts,Worcester County,,42.47865589391073,-72.04737265666998,1234454.7225,5797.327499999999
95bebc9d-bcf3-4f28-2436-74ad2ccfecf1,1985-05-23,,999-30-5227,S99930938,X25140649X,Mrs.,Charlotte28,Botsford977,,Cremin516,M,white,nonhispanic,F,Belmont  Massachusetts  US,858 Douglas Ferry Apt 7,Shrewsbury,Massachusetts,Worcester County,,42.31973898442011,-71.76294486839237,1370638.6500000001,3713.2199999999993
5307752b-1e8f-89c2-ab45-465cb5b967f1,1987-05-22,,999-38-8972,S99929054,X15649586X,Mr.,Dorian295,Zemlak964,,,M,white,nonhispanic,M,Cambridge  Massachusetts  US,625 Torp Club Suite 21,Worcester,Massachusetts,Worcester County,01608,42.22626529423682,-71.7782205732388,964491.8199999997,0.0
0729f93e-497a-4fbc-47da-d1e2d09bcdb8,1992-08-29,,999-24-3282,S99951904,X70329117X,Mrs.,Lane844,Pouros728,,Funk324,M,white,nonhispanic,F,Boston  Massachusetts  US,564 Thompson Dale Unit 70,Attleboro,Massachusetts,Bristol County,02861,41.83875595853531,-71.36499299409218,1312310.988,218352.13199999995
3c34eb7f-0815-fdce-3678-f43c3193185d,1962-02-28,,999-82-5116,S99996698,X38643997X,Ms.,Emilia403,Bogan287,,,S,white,nonhispanic,F,Plymouth  Massachusetts  US,837 Rogahn Alley,Dennis,Massachusetts,Barnstable County,02638,41.71768093287803,-70.19158287525511,2477513.9499999997,9901.349999999999
5d834458-8cf9-2c98-c9e2-20cfccbfe9a6,2018-02-19,,999-74-7091,,,,Vi771,Effertz744,,,,asian,nonhispanic,F,Lawrence  Massachusetts  US,124 Welch Well,Boxford,Massachusetts,Essex County,,42.6653831545727,-71.06589661676627,207516.44999999998,1127.8799999999999
74f9d201-74f9-880e-00a0-5c3d137fe9f2,2004-06-12,,999-11-4867,S99983766,X58565858X,Ms.,Roxanne257,Block661,,,,white,nonhispanic,F,Northborough  Massachusetts  US,246 Boehm Course,Wareham Center,Massachusetts,Plymouth County,,41.7687469258633,-70.76385583220696,731374.8415000001,205482.41849999994
be313bfe-4117-ccc6-f526-077c17c34042,2016-10-16,,999-58-4161,,,,Willie882,Wolff180,,,,white,nonhispanic,M,Freetown  Massachusetts  US,286 Stoltenberg Common Suite 48,Shrewsbury,Massachusetts,Worcester County,,42.32621423473295,-71.68450456121043,251584.46999999997,939.06
cd2351c4-3690-cd96-f53e-27f04b1d0e57,1965-12-29,,999-54-1635,S99912411,X7834716X,Mr.,German382,Douglas31,,,M,black,nonhispanic,M,Scituate  Massachusetts  US,873 Effertz Course,Fitchburg,Massachusetts,Worcester County,01420,42.616653300484934,-71.80238480683364,192960.39449999997,112677.49549999999
a27df7fb-7dad-3dbc-a097-58ac528d9399,1995-11-05,,999-36-4055,S99917839,X46123610X,Mrs.,Emerita401,Bartell116,,O'Reilly797,M,white,nonhispanic,F,Lynn  Massachusetts  US,917 Hickle Flat Unit 6,Boston,Massachusetts,Suffolk County,02126,42.28766927774134,-71.1069444760102,215261.741,781655.079
072a2103-d1ae-4bcd-c153-e63ce3694aeb,2002-08-28,,999-43-9235,S99988744,X81416692X,Mr.,Sydney660,Friesen796,,,,white,nonhispanic,M,Dartmouth  Massachusetts  US,905 Zieme Heights,Bourne,Massachusetts,Barnstable County,02532,41.70183124830112,-70.54955286418675,1052811.0825,20.137499999999932
d60d7fba-6046-2a6d-4e8e-e2003bed9cd7,1943-08-20,,999-56-9826,S99953295,X26541310X,Mrs.,Estela596,Pineda243,,Yáñez198,M,white,hispanic,F,Santiago de los Caballeros  Santiago  DO,885 Goyette Approach Apt 10,Grafton,Massachusetts,Worcester County,,42.21944811121956,-71.65520393764604,1540856.9219999996,35751.388
75c72fc5-fbc0-3783-fa80-a451fed5203e,2025-03-27,,999-59-8904,,,,Fredda152,Barton704,,,,white,nonhispanic,F,North Andover  Massachusetts  US,512 Nikolaus Approach Unit 73,North Andover,Massachusetts,Essex County,,42.69041176463075,-71.06669302047605,32950.3225,2980.6875000000005
b4918900-a392-e284-0f8e-5dd1168ad7cc,1999-03-07,,999-73-7177,S99969357,X86543267X,Mrs.,John539,Hilll811,,Kling921,M,white,hispanic,F,Marshfield  Massachusetts  US,824 Beier Bay Unit 81,South Dennis,Massachusetts,Barnstable County,02660,41.72220052035445,-70.17428659362004,971311.0599999998,0.0
ee6c1312-8d9d-30ab-f7de-8099327f9406,1985-09-21,,999-97-7300,S99998097,X75617243X,Mr.,Mariano761,Macejkovic424,,,M,white,nonhispanic,M,Shrewsbury  Massachusetts  US,496 Stoltenberg Key Unit 14,Boston,Massachusetts,Suffolk County,02121,42.36376082665818,-71.0414599083009,1254017.9149999998,3974.8050000000003
c7e04752-1573-b23d-9e8a-7e423f2fd9b3,2026-04-11,,999-91-7557,,,,Virgil85,Gerlach374,,,,white,nonhispanic,F,Lawrence  Massachusetts  US,579 Feeney Vale,West Springfield,Massachusetts,Hampden County,01089,42.17224069750671,-72.6883893774472,9946.65,0.0
506c7f26-f5f5-ad5e-730e-407fedffecb9,1979-04-17,,999-93-2469,S99985099,X26370147X,Mrs.,Estela596,Bueno515,,Espinosa298,M,asian,hispanic,F,Bogota  Bogota  CO,903 Gleason Gate,Leominster,Massachusetts,Worcester County,,42.56974406716847,-71.74512117246799,1224382.4124999999,38750.167499999996
319a9351-b65c-adf4-32a3-9729aa8efe68,1962-01-29,,999-73-4271,S99992083,X6647282X,Mr.,Brain142,Casper496,,,S,white,nonhispanic,M,Pembroke  Massachusetts  US,515 Schmeler Green,Hopkinton,Massachusetts,Middlesex County,01748,42.26771761203326,-71.5670432322659,1641133.4275000005,4181.482499999999
d5063606-381f-40eb-3c45-e4ca5e41ffd8,2006-05-16,,999-94-3891,S99910305,X25261878X,Mr.,Bret7,Durgan499,,,,white,nonhispanic,M,Medford  Massachusetts  US,705 Schinner Arcade Suite 33,Harwich,Massachusetts,Barnstable County,,41.71637308681706,-70.08690814175182,1158850.0699999998,206.21999999999997
b12c35f2-78f9-dbc9-ad89-c8304f291012,2003-08-02,,999-67-9636,S99913462,X31294225X,Ms.,Dong972,Hudson301,,,,black,nonhispanic,F,East Longmeadow  Massachusetts  US,483 Feest Vista,Boston,Massachusetts,Suffolk County,02131,42.320173270897676,-71.08157050144723,628924.7399999999,7442.5199999999995
8288202a-ab71-6aed-7d4c-e882cb117e50,2011-01-18,,999-23-2874,,,,Nelson403,Okuneva707,,,,white,nonhispanic,M,Winthrop  Massachusetts  US,919 Howe Manor,Westford,Massachusetts,Middlesex County,,42.548615238535035,-71.42801604967607,419606.86500000005,160.66499999999994
645a8589-22dc-d191-76c7-97a4784f4237,1976-07-10,,999-76-8278,S99917191,X73849487X,Mrs.,Tandy422,Wisozk929,,Lehner980,M,white,nonhispanic,F,Natick  Massachusetts  US,1039 Kshlerin Ramp Unit 96,Woburn,Massachusetts,Middlesex County,,42.48810958674691,-71.15520259462231,1201208.6995000006,32218.2905
ee08b7c7-bfef-4371-dc05-55a26be19e57,1977-12-05,,999-64-8488,S99920323,X12149957X,Mrs.,Serina556,Prosacco716,,Luettgen772,M,white,nonhispanic,F,Danvers  Massachusetts  US,520 Boehm Terrace Suite 46,Springfield,Massachusetts,Hampden County,01105,42.05049301822077,-72.52210941276445,1893911.1125,24454.2975
6b9a46dc-0937-2590-bd47-f7eff1189765,2020-04-17,,999-13-1414,,,,Jerrod232,Lubowitz58,,,,white,hispanic,M,Springfield  Massachusetts  US,425 Lockman Throughway,Randolph,Massachusetts,Norfolk County,02368,42.1879950635185,-71.0324227503361,153676.35,219.56999999999988
69583c7c-52ae-b30c-c4e8-594f877db2a6,1968-11-02,,999-19-8328,S99942398,X2873726X,Mr.,Mack300,Mitchell808,,,M,white,nonhispanic,M,Marshfield  Massachusetts  US,859 Gutkowski Bay,Malden,Massachusetts,Middlesex County,02155,42.41852068162567,-71.14700969538326,1430101.0450000002,8114.865000000001
a6372879-7672-8453-7dd2-5ae54b8e2dfd,1978-07-30,,999-72-5244,S99938460,X69444041X,Mrs.,Kalyn451,Ullrich385,,Johnston597,M,white,nonhispanic,F,South Yarmouth  Massachusetts  US,167 Larson Spur Unit 16,Brookline,Massachusetts,Norfolk County,02215,42.35885061640488,-71.14501519417824,1713462.1550000003,34785.345
e076c7b6-5053-146e-b1cc-e666f19b4d74,1947-04-02,,999-67-4962,S99955943,X50397262X,Mr.,Angel97,Haag279,,,M,white,nonhispanic,M,Quincy  Massachusetts  US,532 Wehner Corner,Lakeville,Massachusetts,Plymouth County,,41.80430425644438,-70.9477933914121,2074676.6260000006,63863.07400000001
bc8f52ee-eb3c-8113-898c-be0bccf0aa31,1992-05-21,,999-40-5657,S99921879,X38438466X,Mr.,Marquis364,Zulauf375,,,S,white,nonhispanic,M,Boston  Massachusetts  US,492 Satterfield Passage,Fall River,Massachusetts,Bristol County,02724,41.69763307631731,-71.15762876019046,107968.07250000001,36443.37750000001
5e70375f-966b-9105-5462-2c894fa20c84,2016-02-16,,999-40-6576,,,,Allen322,Bauch723,,,,white,nonhispanic,M,Springfield  Massachusetts  US,330 Hegmann Parade,Somerville,Massachusetts,Middlesex County,02155,42.41438455842176,-71.15603791858703,252274.76749999996,8925.442500000001
3ad8a1c3-778a-ae84-e4d7-0d6ad2405d93,1969-11-04,,999-38-1814,S99974457,X88386534X,Mrs.,Annabell933,O'Connell601,,Turcotte120,M,white,nonhispanic,F,Concord  Massachusetts  US,823 Gusikowski Plaza,Mashpee,Massachusetts,Barnstable County,,41.66018546189617,-70.45780199201688,487439.2640000001,397305.41599999997
22baaa62-b9ef-362c-82d1-82792a530221,1969-02-25,,999-86-9529,S99937597,X88989188X,Mr.,Millard193,Wiegand701,,,M,white,nonhispanic,M,Fall River  Massachusetts  US,1099 Miller Crossroad Apt 22,Falmouth,Massachusetts,Barnstable County,02540,41.55859273921947,-70.63210605004741,1560144.5874999994,7459.5525
191f4bf3-cd73-feba-f112-44ec7fc97fd1,1963-02-06,,999-64-5835,S99921825,X2922596X,Mr.,Morton637,Gaylord332,,,S,native,nonhispanic,M,Medford  Massachusetts  US,464 Flatley Trace,Chicopee,Massachusetts,Hampden County,,42.14207465258234,-72.52605502748621,1073810.3405,2692.4994999999994
74a89f65-c36a-ba12-09f5-4cd52ba28f14,1989-09-14,,999-10-3174,S99987572,X48927367X,Mrs.,Helena807,Hickle134,,Walsh511,M,white,nonhispanic,F,Sutton  Massachusetts  US,542 Lang Estate Unit 85,Weston,Massachusetts,Middlesex County,,42.37925233525357,-71.25869059611634,1297558.9865,330168.4234999999
285927db-ce60-16c3-7806-35bb76211b27,2021-09-27,,999-62-5223,,,,Irvin970,Turcotte120,,,,white,hispanic,M,Cambridge  Massachusetts  US,822 Legros Spur Unit 8,Nantucket,Massachusetts,Nantucket County,02554,41.325125174013024,-70.13655545057632,15129.598,10822.362
5390590e-5d0c-ad6b-e306-4476c3d6d9b2,1972-04-11,,999-40-9402,S99985431,X19453018X,Mrs.,Hye44,Parker433,,Renner328,M,white,nonhispanic,F,Cohasset  Massachusetts  US,609 Gusikowski Passage Unit 86,Hingham,Massachusetts,Plymouth County,02043,42.26860997290963,-70.92691343112774,1816016.1005000006,496973.0995
5eea98c4-c89b-c42c-4a76-4a0608b59870,2000-01-23,,999-75-7777,S99911571,X75995154X,Ms.,Stella203,Mann644,,,,white,nonhispanic,F,Bedford  Massachusetts  US,707 Mills Dam,Haverhill,Massachusetts,Essex County,,42.838091845652876,-71.08716266331591,905104.7595,96801.6205
a50f84f4-e89a-910e-db02-559fbe0cf638,2003-04-10,,999-74-8484,S99911766,X46122537X,Ms.,Marquitta546,Gleichner915,,,,white,nonhispanic,F,Easton  Massachusetts  US,528 Hagenes Highlands Apt 51,Boston,Massachusetts,Suffolk County,02114,42.346723930208576,-71.14822179032018,760919.0349999999,1119.645
b96fb86b-abd0-ded6-2837-e5dc2b848dd3,1935-03-24,2014-08-05,999-65-2112,S99983374,X49187475X,Mr.,Randy380,Herzog843,,,S,white,nonhispanic,M,Berkley  Massachusetts  US,742 Hills Village Suite 48,Lynn,Massachusetts,Essex County,01902,42.50125562154277,-70.92638429658318,1978440.8085,144604.2415
e61a45e8-7ebe-ad3b-ef26-e02d8cd93b42,1952-10-13,,999-81-8016,S99951150,X22238521X,Ms.,Ashlea10,McDermott739,,,S,white,hispanic,F,Arlington  Massachusetts  US,439 Kub Trace Suite 63,Hudson,Massachusetts,Middlesex County,,42.40946998599176,-71.49975457444064,3228200.252000001,46379.81799999999
c9af0399-1077-5947-f9a3-a6663cdac1d2,1960-07-26,,999-23-4665,S99935613,X19329832X,Ms.,Jone716,Cole117,,,S,white,nonhispanic,F,Boxford  Massachusetts  US,668 Schaefer Overpass,Methuen,Massachusetts,Essex County,01844,42.728021504419424,-71.22436804015759,2777626.333,293380.5469999999
79ba78b2-d36e-b127-3e15-dd8177dcc6ab,1970-01-25,,999-53-3513,S99970515,X79166550X,Mr.,Cruz300,Bradtke547,,,M,white,nonhispanic,M,Taunton  Massachusetts  US,783 Kovacek Plaza,Waltham,Massachusetts,Middlesex County,02453,42.4190237725063,-71.27811018468657,1734697.5125000002,104474.8275
01540b90-950f-0ebd-33c5-0540cb041a06,2024-01-08,,999-92-8942,,,,Aide521,Lesch175,,,,white,nonhispanic,F,Holliston  Massachusetts  US,257 Dietrich Lodge Unit 34,Wilmington,Massachusetts,Middlesex County,01887,42.60757739504276,-71.16549079720535,71768.68000000001,206.21999999999997
986bc7dd-a731-2a87-224e-316681743081,2015-08-23,,999-18-6693,,,,Timmy68,Larkin917,,,,white,nonhispanic,M,Chelsea  Massachusetts  US,761 Tremblay Throughway,Lynn,Massachusetts,Essex County,01902,42.518292466053396,-70.88550308819185,286257.87,0.0
47208c2b-ebce-2642-c15c-7b0151746193,1948-03-14,2008-03-06,999-19-3948,S99944151,X80982887X,Mr.,Carmine137,Windler79,,,M,white,nonhispanic,M,Boston  Massachusetts  US,438 Hickle Pathway Unit 29,Methuen,Massachusetts,Essex County,,42.76252841821546,-71.17848595209703,1555367.3075000006,718.5224999999998
5b86b865-fa49-f5be-06b2-29d1102ceb9f,1998-07-29,,999-50-2090,S99952697,X40689202X,Mr.,Lane844,Ortiz186,,,M,asian,nonhispanic,M,Macau  Macao Special Administrative Region of the People's Republic of China  CN,121 Bruen Parade,Taunton,Massachusetts,Bristol County,02780,41.953274126457536,-71.03400258278008,594459.82,17701.379999999997
94d04b45-2eeb-b46c-47c9-af087a704381,1968-11-05,,999-12-3919,S99937566,X53198812X,Mr.,Logan497,Hickle134,,,S,white,nonhispanic,M,Fall River  Massachusetts  US,786 McKenzie Passage Apt 19,Monument Beach,Massachusetts,Barnstable County,02553,41.70725885105423,-70.6190975617816,1505778.3725,3170.5574999999994
d41256f5-03b5-40b2-cfd8-f7e8316d97bd,1975-02-27,,999-72-3984,S99930399,X43174579X,Mr.,Winfred745,Mertz280,,,M,white,nonhispanic,M,Hanson  Massachusetts  US,441 Beier Route,Barnstable,Massachusetts,Barnstable County,02635,41.65023635634183,-70.42899274285281,154430.06499999994,89134.605
c7b5f046-8977-c274-7f9c-7b0443aec8cb,2001-12-25,,999-37-9335,S99990409,X1269412X,Mr.,Merlin721,Bins636,,,,white,nonhispanic,M,Groveland  Massachusetts  US,1095 Conn Annex Apt 65,Falmouth,Massachusetts,Barnstable County,,41.57376664488831,-70.55170084581714,610286.8250000001,989.0849999999998
b20e9f8e-bd46-a945-f33c-7c843442d63e,1966-10-08,,999-27-2093,S99953051,X41682220X,Ms.,Marian936,Bayer639,,,S,white,hispanic,F,Quincy  Massachusetts  US,884 Keeling Grove,Barnstable,Massachusetts,Barnstable County,02635,41.71959524468965,-70.38686793657814,1835622.9929999993,401584.7970000001
8d549a10-36fa-0cd2-8c26-acb50065d292,1971-03-18,,999-79-3970,S99999162,X76881875X,Mrs.,Caroline183,Cassin499,,Roberts511,M,white,nonhispanic,F,Douglas  Massachusetts  US,367 Stehr Route,Rehoboth,Massachusetts,Bristol County,,41.83666920651934,-71.22507857783174,2249214.6414999994,706055.0584999999
861079ab-0531-c500-673d-9fb2b47c45bd,2021-05-12,,999-50-6227,,,,Wayne846,Rohan584,,,,black,nonhispanic,M,Fall River  Massachusetts  US,338 Schaden Throughway,Quincy,Massachusetts,Norfolk County,02170,42.27912626037732,-70.95900177154569,126497.5375,2947.6425
ed51f5b5-f274-7f2d-f1f0-7c8e1a538d26,1980-08-06,,999-81-1585,S99970358,X62463168X,Mr.,Miquel905,Jenkins714,,,M,white,nonhispanic,M,Dover  Massachusetts  US,136 Ullrich Gate,Bourne,Massachusetts,Barnstable County,02532,41.77232498049135,-70.64727170119158,1105742.0325000002,8203.1175
8f59fd94-e1c2-0620-8e48-255be17017bf,2021-09-17,,999-70-6184,,,,Aileen250,Pfeffer420,,,,white,nonhispanic,F,Lowell  Massachusetts  US,889 Hackett Wynd,Middleborough,Massachusetts,Plymouth County,,41.880923151064216,-70.88848353361595,113756.1975,2922.3225
1b570d4e-6431-9ad6-f319-2362ef26c457,1987-03-23,,999-33-2303,S99914266,X35243986X,Mr.,Delmar187,Bruen238,JD,,M,white,nonhispanic,M,Danvers  Massachusetts  US,881 McKenzie Well Suite 50,Duxbury,Massachusetts,Plymouth County,,42.056749974799175,-70.669610809594,1706825.0975000001,119143.10249999998
a240bcff-ac94-fb07-6771-7e2b3dbdee22,1948-03-14,2009-03-29,999-58-7429,S99953127,X19280361X,Mr.,Jamison785,Heller342,,,M,white,nonhispanic,M,Palmer  Massachusetts  US,870 McDermott Trafficway Unit 87,Methuen,Massachusetts,Essex County,01844,42.76413652984556,-71.18135348600877,1593954.9425000004,69677.0475
906485d1-9467-b421-9d1b-a049448b503e,1935-03-24,2021-09-18,999-84-5376,S99922033,X10619278X,Mr.,Lou594,Goodwin327,,,M,white,nonhispanic,M,Falmouth  Massachusetts  US,1077 Braun Plaza,Lynn,Massachusetts,Essex County,01904,42.475324697918296,-70.94279308980593,2886159.0879999995,1102958.642
89f861c9-933a-e375-a4b1-727edee4262f,1996-07-21,,999-27-5295,S99995412,X66275483X,Mrs.,Nisha529,Waters156,,Terry864,M,white,nonhispanic,F,Springfield  Massachusetts  US,235 Anderson Landing,Boston,Massachusetts,Suffolk County,02120,42.384768985501495,-71.1443196557286,800423.6660000001,36813.914
fabc96ee-d46d-d8e9-a579-5eff000e72b4,1977-07-20,,999-28-3375,S99942179,X8006018X,Mr.,Clayton230,Reinger292,,,M,asian,nonhispanic,M,Randolph  Massachusetts  US,780 Rosenbaum Trace,Lowell,Massachusetts,Middlesex County,01854,42.59028331725301,-71.3666381750497,159210.43250000002,85888.21749999997
648e238e-2c8a-bb26-851e-3800fdcae440,1994-12-18,,999-42-1213,S99916261,X4876284X,Mr.,Ignacio928,Gutkowski940,,,S,white,hispanic,M,Marshfield  Massachusetts  US,829 Labadie Highlands Unit 59,Lynn,Massachusetts,Essex County,01901,42.44639247882461,-70.94331162354234,821108.02,0.0
cd55ce3d-938f-58b1-ecc3-635cdd467da5,2001-06-19,2020-11-10,999-74-5438,S99929401,,Mr.,Reed154,Fahey393,,,,white,nonhispanic,M,Webster  Massachusetts  US,281 Kunde View,Dracut,Massachusetts,Middlesex County,,42.7045937553538,-71.28488272587546,596396.9625,592.9875
f6c3617c-ab26-2579-ffcd-0d80be8a60d9,1969-12-23,,999-59-8185,S99924149,X35045110X,Mrs.,Larissa293,Goyette777,,Kautzer186,M,asian,nonhispanic,F,Cantho  Cần Thơ  VN,785 Ernser Annex,Newburyport,Massachusetts,Essex County,01950,42.81337192376247,-70.83127836480499,2233309.8155,626821.8345
50177783-58bd-1884-0766-d3af7b52830b,2001-06-19,,999-33-8193,S99999386,X27531263X,Mr.,Hershel911,Fahey393,,,,white,nonhispanic,M,Whitman  Massachusetts  US,855 Robel Trafficway,Dracut,Massachusetts,Middlesex County,,42.72903636658482,-71.28974100164719,650489.3775000001,470.2724999999998
c677ab76-a3e2-0fb8-5818-b91c4f92117d,1989-08-31,,999-98-7557,S99966702,X51914599X,Mr.,Jaime666,Gerhold939,,,M,white,hispanic,M,Attleboro  Massachusetts  US,383 Mills Underpass,Natick,Massachusetts,Middlesex County,,42.274900132737145,-71.38425092658916,904689.0149999999,223.8749999999999
409fe0fc-f69d-951b-aa63-17eeb283dc79,1995-05-17,,999-24-8315,S99925374,X26817355X,Mr.,Rufus33,Walter473,,,M,white,nonhispanic,M,Plainville  Massachusetts  US,963 Walsh Path Unit 29,Watertown,Massachusetts,Middlesex County,02472,42.36077505177421,-71.13017044347897,1222285.1849999998,2345.505
7b2d9315-3052-b482-2b0c-239919d63fee,1980-02-18,,999-87-8371,S99931009,X47069205X,Mrs.,Siu135,Mertz280,,Halvorson124,M,asian,nonhispanic,F,Saugus  Massachusetts  US,196 Hettinger Mall,Sterling,Massachusetts,Worcester County,,42.425467550835315,-71.73049834994393,1170581.3975,20027.602499999997
63541037-ca38-4ab8-c6a1-f8c0a628240d,1965-06-10,,999-86-5820,S99968782,X5636183X,Mrs.,Logan497,Senger904,,Leffler128,M,white,nonhispanic,F,Springfield  Massachusetts  US,975 Kassulke Camp Apt 3,Milford,Massachusetts,Worcester County,01757,42.18601996030856,-71.50485036255436,3031538.326500001,60227.61350000001
e6e7e671-a72d-19a5-fcc6-28a66f970d19,2008-03-16,,999-12-6436,S99957681,,Mr.,Rex53,Upton904,,,,other,nonhispanic,M,West Brookfield  Massachusetts  US,887 Gislason Neck,Boston,Massachusetts,Suffolk County,02135,42.31819398104912,-71.05461896576638,464576.89499999996,433.1249999999998
9b1de921-772f-c169-72ee-673ca2a89f33,2005-03-22,,999-67-3949,S99939610,X76583574X,Ms.,Corrinne176,Hessel84,,,,white,nonhispanic,F,East Brookfield  Massachusetts  US,431 Keebler Bridge Unit 45,Spencer,Massachusetts,Worcester County,,42.27233457812985,-72.02946496105498,547328.1799999999,439.6199999999999
dab6357d-68e6-3ec9-fa42-93116789874a,1948-03-14,,999-88-5229,S99921560,X42821322X,Mr.,Ian270,Jacobson885,,,M,white,nonhispanic,M,Leominster  Massachusetts  US,323 Hamill Frontage road,Methuen,Massachusetts,Essex County,,42.691665329390766,-71.13532896640892,1932134.51,96619.76999999999
5561388d-c86f-18e7-5a78-3d3760522af5,1964-12-28,2025-01-06,999-46-5071,S99935391,X41427455X,Mrs.,Marina546,Stroman228,,Bednar518,M,black,nonhispanic,F,Worcester  Massachusetts  US,536 Botsford Mill,Wales,Massachusetts,Hampden County,,42.09886568062971,-72.20531480697055,2223729.6515,959827.3784999999
cb76261a-a55b-11d9-5060-67b914156e0f,1986-02-03,,999-53-6929,S99980861,X57190216X,Mrs.,Shemeka786,Runolfsson901,,Barton704,M,white,nonhispanic,F,Cambridge  Massachusetts  US,588 Stroman Port Apt 78,Easton,Massachusetts,Bristol County,,42.022647540191414,-71.15461020905947,1548461.641,606884.829
71cc98f1-efd6-2d6e-60a8-d0f748fb69bd,1935-03-24,,999-17-5067,S99938099,X86438443X,Mr.,Trey250,Stokes453,,,M,white,nonhispanic,M,Stoneham  Massachusetts  US,622 Hagenes View Suite 82,Lynn,Massachusetts,Essex County,01904,42.49661383958661,-70.98920224400725,2229995.4684999995,122362.77150000006
682e2fc3-6836-d9a0-3387-8d7edbfe1d49,1988-07-24,,999-53-5927,S99921911,X79237597X,Mr.,Cruz300,Franecki195,,,S,white,nonhispanic,M,Peabody  Massachusetts  US,699 Douglas Wall Unit 5,Millbury,Massachusetts,Worcester County,,42.20253823970749,-71.82536656716047,1702056.9774999996,338.7224999999999
da7a9630-04aa-1c39-5faa-49e4b52da057,1985-04-15,,999-45-7654,S99986798,X59950049X,Mrs.,Joshua658,Wintheiser220,,Cartwright189,M,white,nonhispanic,F,Worcester  Massachusetts  US,540 Connelly Loaf,Waltham,Massachusetts,Middlesex County,02453,42.35602424764825,-71.26524209599913,1432734.9149999998,807161.315
e151b4aa-610e-f3b3-351e-8369cf094ed7,2005-03-15,,999-82-4670,S99995116,X80248531X,Mr.,Rick943,Bechtelar572,,,,white,nonhispanic,M,Wrentham  Massachusetts  US,400 Bernier Mall Apt 97,Arlington,Massachusetts,Middlesex County,02476,42.40071398597695,-71.13327035270385,527813.2424999999,265.50749999999994
370acd15-b051-acb2-bf85-3257fe257814,1959-05-26,,999-32-8213,S99936511,X70300645X,Mrs.,Leon728,Tromp100,,Rowe323,M,white,hispanic,F,Natick  Massachusetts  US,922 Weimann Burg,Worcester,Massachusetts,Worcester County,01604,42.30062306794437,-71.8538788668077,1737713.565,986.3449999999999
132c0ed3-bbce-8537-787a-e4f034f7d5ea,1960-08-13,,999-84-8768,S99934201,X77799307X,Mr.,Tyler508,Walsh511,,,M,white,hispanic,M,Braintree  Massachusetts  US,692 Hilll Passage,Ludlow,Massachusetts,Hampden County,,42.15674232769372,-72.48762839355453,221685.2689999999,151910.111
be9a2958-7fbe-2f49-c9c6-008758722135,1948-11-27,1974-04-19,999-18-4053,S99956683,X46156474X,Ms.,Jacque955,Larson43,,,,white,nonhispanic,F,Boston  Massachusetts  US,540 MacGyver Union,Sandwich,Massachusetts,Barnstable County,,41.70612389605551,-70.44763367162702,652876.3324999999,4059.6674999999996
e19dac79-8071-b048-1e6a-ae0bc61058fc,2025-07-11,,999-20-8440,,,,Blake449,Crooks415,,,,white,nonhispanic,M,Northampton  Massachusetts  US,1065 Daugherty Key Suite 40,Chicopee,Massachusetts,Hampden County,01013,42.182524470479564,-72.59435488530808,32763.9325,99.33749999999993
60a27158-f176-422a-2173-52cd76d1c27d,1963-02-25,,999-81-3673,S99917123,X89092172X,Mr.,Erwin847,Runolfsdottir785,,,M,white,nonhispanic,M,Weymouth  Massachusetts  US,476 Kunde Dale,Newton,Massachusetts,Middlesex County,02465,42.31200226083018,-71.22683842271135,2411946.8674999992,5477.842499999999
1e246c26-8364-5ca9-b861-a9e37c2d26bb,1967-06-02,1989-12-09,999-81-5694,S99978804,X68932598X,Mr.,Oren284,Harber290,,,,white,nonhispanic,M,Malden  Massachusetts  US,587 Swift Light Suite 5,Northampton,Massachusetts,Hampshire County,01062,42.311544624038625,-72.62987330077836,576496.735,7429.425
c070d1e8-21ca-0a84-4fbb-794b8957e750,2012-07-07,,999-50-4847,,,,Nicolasa738,Lebsack687,,,,black,nonhispanic,F,Dracut  Massachusetts  US,574 Volkman Estate Suite 78,Marlborough,Massachusetts,Middlesex County,,42.34638553668521,-71.578036072441,579683.7449999999,1333.185
783372d3-1d89-8a46-211a-9ec0a9c10930,1964-12-28,,999-84-6587,S99979985,X20633037X,Mrs.,Jacquetta148,Padberg411,,Bogisich202,M,black,nonhispanic,F,Marblehead  Massachusetts  US,1017 Hartmann Village,Wales,Massachusetts,Hampden County,,42.10243241301907,-72.25564789960457,2246340.57,235356.09999999998
8c51ffbe-4c59-b6f9-8ec2-49739bb354e9,1943-04-13,1992-02-25,999-77-5361,S99913445,X80653164X,Mrs.,Corrie32,Moore224,,Halvorson124,M,white,nonhispanic,F,South Hadley  Massachusetts  US,624 Runolfsson Drive,Sutton,Massachusetts,Worcester County,,42.13139142164254,-71.76608841295815,1370990.1424999998,22169.7375
b83ac91a-e4dc-dc9d-1050-8635abda948b,2020-01-08,,999-79-9340,,,,Christoper325,Bogisich202,,,,white,nonhispanic,M,Webster  Massachusetts  US,580 Dach Rest,Holyoke,Massachusetts,Hampden County,01040,42.23459691014671,-72.63504723462911,21614.528500000004,10346.0415
f2872229-60d5-5b42-0bc5-ae8990c891ed,2020-06-13,,999-77-4243,,,,Hyun970,Luettgen772,,,,black,nonhispanic,F,Orange  Massachusetts  US,399 Graham Track,Revere,Massachusetts,Suffolk County,02151,42.43992343415043,-70.95609898449322,160214.95249999998,144.33749999999995
42a9485d-ffd1-b78b-ce84-0f21a075e34b,1997-12-08,,999-52-1923,S99949524,X24058678X,Mr.,Santiago500,Almaraz628,,,M,white,hispanic,M,Roseau  Saint George  DM,612 Purdy Plaza,Methuen,Massachusetts,Essex County,01841,42.75766362421915,-71.14309677241498,765087.4949999999,1907.7449999999997
f3d3c3a1-64f0-ed90-545e-3d98e9684324,1949-09-29,2016-08-11,999-90-9445,S99943831,X56643382X,Mr.,Colby655,Reichel38,,,M,white,nonhispanic,M,East Bridgewater  Massachusetts  US,878 Tillman Highlands Apt 92,Barnstable,Massachusetts,Barnstable County,02668,41.689700642583446,-70.43793263065228,1778309.7924999997,123251.32749999998
18bbcb3d-67bf-ba7f-f2dd-fb79adea2c15,1984-07-30,,999-64-1535,S99978044,X53623013X,Mr.,Quintin944,Pfeffer420,JD,,S,black,nonhispanic,M,Greenfield  Massachusetts  US,571 Stanton Heights Suite 66,Boston,Massachusetts,Suffolk County,02163,42.340683425243476,-71.1287097577321,1758018.1574999995,44773.73250000001
de28f6dc-ac3d-ec75-16ef-cba19ea2b428,1967-06-02,,999-94-6317,S99935439,X57280218X,Mr.,Monte325,Conroy74,,,S,white,nonhispanic,M,Burlington  Massachusetts  US,700 Borer Pathway Apt 74,Northampton,Massachusetts,Hampshire County,01063,42.311834432887586,-72.72963895517945,2199642.1075,1726.1324999999997
39d16f7a-9321-4a66-3426-a2b3c1c5919e,1994-12-08,,999-19-8443,S99987167,X18317781X,Mrs.,Elissa919,Altenwerth646,,Hegmann834,M,white,nonhispanic,F,Charlton  Massachusetts  US,972 Ruecker Burg Unit 6,Fitchburg,Massachusetts,Worcester County,,42.57897187254153,-71.86108448075531,1497287.4669999997,262506.44299999997
5fdc0cae-3709-a2b4-a96b-17426a761f5b,2004-08-19,,999-16-5378,S99937032,X19387210X,Ms.,Eva64,Saldaña5,,,,white,hispanic,F,Santo Domingo  National District  DO,539 Abernathy Burg,Boston,Massachusetts,Suffolk County,02132,42.336742137041306,-71.03604059176521,542279.148,206626.152
0e6bbc43-1ecb-1505-339e-56b9f9397428,1992-11-19,,999-23-5240,S99948352,X29383228X,Mr.,Myron933,Hilll811,,,S,white,nonhispanic,M,Newton  Massachusetts  US,635 Heller Union,Wilmington,Massachusetts,Middlesex County,,42.55766885032231,-71.19766992483298,881590.6450000001,1264.0949999999998
da10a9c8-0558-32a5-7df7-7afd7d122722,1948-11-27,,999-12-9663,S99968051,X18740406X,Mrs.,Tabetha269,Crona259,,Olson653,M,white,nonhispanic,F,North Eastham  Massachusetts  US,109 Bergstrom Course Unit 84,Sandwich,Massachusetts,Barnstable County,,41.730143421809665,-70.47760931592275,2285430.6415000004,414602.1285
7db8b50d-b044-6769-f402-9a744564e07f,1943-04-13,,999-38-7673,S99985741,X67504026X,Mrs.,Angel97,Nikolaus26,,Cole117,M,white,nonhispanic,F,Norwell  Massachusetts  US,481 Schumm Row,Sutton,Massachusetts,Worcester County,,42.16013545595585,-71.75452701494467,2761794.8635,644808.7664999998
36be02cf-4417-874f-28e9-13e32925c530,1947-10-05,,999-37-2543,S99935465,X45106318X,Mrs.,Carolina179,Bañuelos542,,Gamboa193,M,black,nonhispanic,F,Havana  Havana  CU,664 Schmidt Extension Suite 75,Marion,Massachusetts,Plymouth County,,41.68154651721711,-70.71177097098555,1026834.7319999996,588727.1979999999
46a22b9d-1b12-5c4d-c7b6-34f414f81f9e,1991-05-14,,999-53-2720,S99916512,X79556928X,Mrs.,Enola75,Feest103,,Barrows492,M,white,nonhispanic,F,Spencer  Massachusetts  US,963 Hahn Passage,Waltham,Massachusetts,Middlesex County,02453,42.44060417739158,-71.23618989693345,2025030.6845,171482.05550000002
43629791-44d6-4d5f-71c8-ad9df2f17ede,1999-05-16,,999-24-8777,S99948198,X45977662X,Mrs.,Jannie509,Green467,,Leuschke194,M,white,nonhispanic,F,Carver  Massachusetts  US,788 Crooks Gardens,Northborough,Massachusetts,Worcester County,01532,42.28427917321609,-71.6443191376125,1002350.1884999999,118997.2615
3e9995cf-cae2-c22c-b2cf-89ff1f7352f9,2026-04-09,,999-19-1514,,,,Leeanna836,Ratke343,,,,asian,nonhispanic,F,Ho Chi Minh City  Gia Định  VN,746 Hegmann Well Unit 82,Leominster,Massachusetts,Worcester County,01420,42.55445047802027,-71.81007072495618,1138.6895000000002,2635.1004999999996
f9784c00-04d9-eb4b-8e64-2637decafe19,1949-09-29,,999-38-2620,S99998450,X72281878X,Mr.,Genaro214,Ruecker817,,,M,white,nonhispanic,M,Rockland  Massachusetts  US,1005 Reichert Gardens Unit 8,Barnstable,Massachusetts,Barnstable County,,41.65689681633035,-70.35021132887415,1854304.4385000006,101822.24150000002
0edd9530-19d5-b89c-00b3-95079602c027,1975-12-19,,999-98-5109,S99934797,X46998879X,Mr.,Matt836,Ortiz186,,,M,white,nonhispanic,M,Chicopee  Massachusetts  US,895 Skiles Road,South Hadley,Massachusetts,Hampshire County,,42.24528152702497,-72.59809585687461,1263579.8600000003,2224.4399999999996
0c06338c-7e40-6f15-5878-ace6dbde7b97,1981-11-08,,999-53-5691,S99930308,X49929543X,Mrs.,Margareta320,Dicki44,,O'Keefe54,M,white,nonhispanic,F,Tewksbury  Massachusetts  US,993 Haley Green Apt 66,Marlborough,Massachusetts,Middlesex County,01752,42.3581603324805,-71.53728590640978,1940898.1755000001,446706.8045000001
a5ff132a-a932-ce1b-d28b-88c634c0e698,1994-06-15,,999-85-1311,S99996174,X31590380X,Ms.,Sofia418,Granado100,,,S,white,hispanic,F,Caracas  Capital District  VE,489 Kilback Passage,Haverhill,Massachusetts,Essex County,01832,42.829182994610925,-71.12521672959113,1225958.2550000001,371.1749999999998
a04bd4df-6f07-930c-d41b-6b44a3ca4763,1958-04-21,2021-10-09,999-28-4032,S99927772,X86514020X,Ms.,Linh535,Grimes165,,,S,white,nonhispanic,F,Westport  Massachusetts  US,491 Bergnaum Stravenue Suite 9,Somerville,Massachusetts,Middlesex County,02138,42.38470869200995,-71.05425212284374,1700011.2420000003,435502.22799999994
2329afb1-6b74-30f8-4b02-49d1eaadc33e,1994-10-15,,999-91-6834,S99988397,X28970137X,Mrs.,Lavinia262,Kling921,,Nitzsche158,M,white,nonhispanic,F,Wellesley  Massachusetts  US,754 Feeney Dam,Lynn,Massachusetts,Essex County,,42.427230118414585,-70.93353902910101,1201279.0134999997,165376.04649999997
e1b85f8e-a948-1060-5f57-836267b7c970,1960-09-08,,999-87-5443,S99946734,X54185576X,Mr.,Raymond398,Romaguera67,,,M,white,nonhispanic,M,Newton  Massachusetts  US,300 Rippin Forge,Tewksbury,Massachusetts,Middlesex County,,42.56724469930984,-71.25608306742161,1640655.1975,1731.7624999999994
6aa8dee0-5359-a3d7-cc51-b90579312b91,1964-11-08,,999-42-5985,S99971800,X48322744X,Ms.,Cori307,McClure239,,,S,white,nonhispanic,F,Lawrence  Massachusetts  US,747 Luettgen Orchard Suite 75,Dudley,Massachusetts,Worcester County,,42.04262270632447,-71.96601494823506,3142204.6999999997,163011.4
e305c814-d4d2-fee2-cb51-d3791060b155,1969-12-25,,999-98-2311,S99929792,X61438242X,Mrs.,Fernanda589,D'Amore443,,Mertz280,M,white,nonhispanic,F,Mansfield Center  Massachusetts  US,421 Upton Throughway Unit 65,Winchendon,Massachusetts,Worcester County,,42.71360826524345,-72.09833976307546,2515348.6450000014,463955.63500000007
56a830f4-aee5-75fa-92c5-0d227a2cc58a,1998-09-24,,999-18-3833,S99990753,X24868440X,Mr.,Manuel446,McDermott739,,,M,white,nonhispanic,M,Framingham  Massachusetts  US,390 Champlin Skyway Apt 55,Lynn,Massachusetts,Essex County,01902,42.47438768898208,-70.96152327813616,684077.0425,2931.3375
b6eba1f5-8103-ede6-9148-b9f15999cbd5,1966-09-11,,999-37-7706,S99916501,X41937291X,Mrs.,Domitila545,Larkin917,,McKenzie376,M,white,nonhispanic,F,Boston  Massachusetts  US,1025 Goldner Ville,Lawrence,Massachusetts,Essex County,,42.73271410185815,-71.21462177617705,2411760.3924999996,29067.517499999994
feeb60dc-4375-625d-7553-04ec1fdc2cd2,1952-02-10,,999-64-9961,S99957120,X25757986X,Mr.,Oswaldo857,Baumbach677,,,S,white,nonhispanic,M,Saugus  Massachusetts  US,517 Abbott Manor,Middleborough,Massachusetts,Plymouth County,,41.83348305639296,-70.86832560535159,2644231.1525,56831.777500000004
24bae5f2-84e0-d38d-b0cd-68c2b5612f04,1966-12-21,,999-75-9676,S99970669,X51199109X,Ms.,Shu104,O'Keefe54,,,S,white,nonhispanic,F,Framingham  Massachusetts  US,997 Zboncak Wall Suite 0,Charlton,Massachusetts,Worcester County,,42.146857643630824,-71.91979227343894,2675302.7305,384329.96950000006
5db6b9f0-b7f7-8fcb-1164-12d2544b311e,1996-02-24,,999-94-4613,S99939515,X63303304X,Mrs.,Jacqualine965,Beer512,,Kertzmann286,M,white,nonhispanic,F,North Adams  Massachusetts  US,418 Koelpin Mill Suite 31,Worcester,Massachusetts,Worcester County,01605,42.30079386409085,-71.81187665796178,120255.66900000002,390367.711
50713ea0-a442-d5f2-3db6-36944f6e7a9a,1989-06-17,1996-08-04,999-34-2313,,,,Long300,Barrows492,,,,white,hispanic,M,Agawam  Massachusetts  US,899 Boyle Ranch Suite 64,Salem,Massachusetts,Essex County,01970,42.5324613013335,-70.83843244899471,186533.22,0.0
bb152f48-bcbd-1b89-992f-9008c401cce7,1973-05-17,,999-89-5429,S99974469,X6722758X,Mr.,Kelvin159,Cormier289,,,M,white,nonhispanic,M,Lakeville  Massachusetts  US,677 Ziemann Wall,Fitchburg,Massachusetts,Worcester County,01420,42.63134726478963,-71.8063819049561,282162.09,0.0
0692c31a-f130-6ab5-5d8b-3137162dfab4,1958-04-21,,999-34-8511,S99926746,X74863372X,Mrs.,Darlena95,Reichel38,,Leannon79,M,white,nonhispanic,F,Cambridge  Massachusetts  US,1033 Baumbach Gardens,Somerville,Massachusetts,Middlesex County,02138,42.42078130349182,-71.16195195928947,3008729.7255000016,207561.47450000004
4516bb43-091c-0caa-a806-89abac6f2993,1963-08-05,,999-95-4846,S99965214,X4822083X,Ms.,Marni913,Kling921,,,S,white,nonhispanic,F,Northampton  Massachusetts  US,694 Waelchi Park Suite 38,New Bedford,Massachusetts,Bristol County,02746,41.65607019719152,-71.03025615765178,2681505.241000001,307814.16899999994
0ea92866-8088-52a7-5bb4-8e50b5ebac43,2012-06-09,,999-96-1109,,,,Estella474,Bosco882,,,,white,nonhispanic,F,Cologne  North Rhine-Westphalia  DE,1056 Olson Trafficway Apt 49,New Seabury,Massachusetts,Barnstable County,,41.585329986129224,-70.48727186444675,347960.3325,379.11749999999984
bbf6b5c4-e1fb-a9ec-d7cd-f0d9e4e23439,2011-04-30,,999-19-7368,,,,Walton167,Lindgren255,,,,white,nonhispanic,M,Southbridge  Massachusetts  US,521 Hilll Station,Springfield,Massachusetts,Hampden County,01129,42.052917221153194,-72.55565736024197,308499.41000000003,109.34999999999997
d20c8097-9e78-aa8d-7ad4-80503c6a2273,2012-09-26,,999-67-5403,,,,Oren284,Keebler762,,,,white,nonhispanic,M,Worcester  Massachusetts  US,714 Wunsch Camp,Uxbridge,Massachusetts,Worcester County,,42.09773085217594,-71.69060285096229,358886.44000000006,4055.999999999999
5875fc8b-1485-42b5-37b0-7c9108daa41d,2017-02-12,,999-87-9864,,,,Brenna468,Blick895,,,,white,nonhispanic,F,Worcester  Massachusetts  US,724 Predovic Loaf,Boston,Massachusetts,Suffolk County,02120,42.24371885303681,-71.08131893583197,257524.61750000002,1762.8224999999998
46f6fdab-aee5-fb10-f637-a665f22fffb6,2016-04-06,,999-80-8124,,,,Wilton999,Goyette777,,,,white,nonhispanic,M,Boston  Massachusetts  US,156 Welch Spur Unit 7,Springfield,Massachusetts,Hampden County,01199,42.07382623011554,-72.46189701569536,156818.29249999998,47.46749999999995
695fb8dd-367c-c968-d39e-a0cffb4c829f,1985-06-21,,999-88-3588,S99978476,X5139296X,Mrs.,Dannielle300,Hermann103,,DuBuque211,M,white,nonhispanic,F,Boston  Massachusetts  US,1085 Pfeffer Crossroad,Newton,Massachusetts,Middlesex County,02462,42.41485157535955,-71.17616022822284,1762965.0879999995,348580.762
270a24ca-8318-9c00-a2cc-e1b6614438f0,1989-06-17,,999-62-1150,S99911090,X8325368X,Mr.,Wiley422,DuBuque211,,,M,white,hispanic,M,Arlington  Massachusetts  US,839 Bashirian Trail Suite 34,Salem,Massachusetts,Essex County,01970,42.498033006591136,-70.88060469341568,957084.9225,7026.367499999999
fcd46333-f41a-b6c3-7469-e45df163db16,1975-04-27,,999-77-1237,S99943585,X63299636X,Mr.,Demarcus108,Bode78,,,M,black,nonhispanic,M,Hardwick  Massachusetts  US,509 Bartell Rest,Boston,Massachusetts,Suffolk County,02131,42.34415362425769,-71.11107203993444,1244239.6125,183.36749999999995
df382f9c-cc5a-cc74-303e-b57422e6d377,1984-12-11,,999-28-6847,S99951401,X61845727X,Mrs.,Tanesha560,Metz686,,Marquardt819,M,white,hispanic,F,Boston  Massachusetts  US,427 Littel Crossing Unit 77,Attleboro,Massachusetts,Bristol County,02861,41.83890651556196,-71.33570327374382,2214238.6199999996,967.83
5dba201d-5bed-e121-d1e0-1f6ad274b8c2,2013-07-20,,999-44-6832,,,,Obdulia648,Lehner980,,,,white,nonhispanic,F,Everett  Massachusetts  US,409 Gottlieb Pathway Suite 65,Weymouth,Massachusetts,Norfolk County,02189,42.20448623424667,-70.94202978561809,362865.4124999999,2782.9275000000002
ecd32488-0c63-1ad2-e144-b733c8dc056d,1956-05-30,,999-57-2790,S99916121,X31069871X,Mr.,Waylon572,Lakin515,,,M,white,nonhispanic,M,Northampton  Massachusetts  US,539 Hills Ramp Unit 41,Newton,Massachusetts,Middlesex County,02464,42.28061541619913,-71.16427522567044,2396105.3385000005,149172.5615
b28786aa-453e-7608-cc10-ca5e949ceb6d,1982-02-08,,999-99-9862,S99963322,X23932353X,Mr.,Josue598,Gorczany269,,,M,white,nonhispanic,M,Westwood  Massachusetts  US,500 Schimmel Byway,Medford,Massachusetts,Middlesex County,,42.348166212168344,-71.07025283457811,1064655.9799999997,3490.1699999999996
3fd6b4ab-60f1-24fd-7228-d2f132da4fb3,1971-10-07,,999-68-8159,S99929890,X72406098X,Mr.,Jude172,Auer97,,,M,white,nonhispanic,M,Boston  Massachusetts  US,720 Bauch Green,Attleboro,Massachusetts,Bristol County,,41.86751460857874,-71.37743333083728,1808054.157500001,695.9624999999999
8ae6bcc9-a825-3eec-cc7f-5c0d483ff2d0,1964-01-10,,999-76-8043,S99971670,X31972392X,Mrs.,Estelle478,Jerde200,,Kozey370,M,white,nonhispanic,F,Northbridge  Massachusetts  US,359 Hyatt Rapid,Sterling,Massachusetts,Worcester County,,42.4651896948362,-71.74186145959304,1869212.1575000011,338042.6425
39108bac-bbe2-52b8-cabf-81bdb2e6a74d,2020-05-24,,999-84-3397,,,,Marco Antonio298,Adame662,,,,white,hispanic,M,La Paz  Baja California  MX,758 West Extension,Nantucket,Massachusetts,Nantucket County,,41.283616929084424,-70.11166680372708,162004.19,56.21999999999992
b1510aaa-0cb2-3257-dc98-7ad0cb7f22b3,1971-01-17,,999-74-4547,S99961181,X28723048X,Mrs.,Pearlene638,Macejkovic424,,Baumbach677,M,white,nonhispanic,F,Norton  Massachusetts  US,609 Ruecker Alley Unit 54,Williamsburg,Massachusetts,Hampshire County,,42.450415318251636,-72.6791162817102,2607275.370999999,427393.94899999996
5b3e005a-f35e-f1ef-a2bd-699ebbcfc9d3,1990-09-11,,999-61-3595,S99913876,X35599547X,Mr.,Jefferey580,Willms744,,,M,asian,nonhispanic,M,Milton  Massachusetts  US,138 Buckridge Burg Apt 94,Attleboro,Massachusetts,Bristol County,,41.92749634319604,-71.40310715898512,894099.315,2009.5649999999996
304064e9-dbcd-d83b-b5fa-ce8583d62774,2003-05-04,,999-82-5314,S99939439,X30239009X,Ms.,Deidra675,Gutkowski940,,,,white,nonhispanic,F,Newton  Massachusetts  US,646 Aufderhar Rest Unit 99,Framingham,Massachusetts,Middlesex County,01701,42.31557849741136,-71.41505852912863,1010569.8099999999,418.71
4caa8cfc-486e-74ee-7961-4c6c5ee3a71d,2024-01-22,,999-83-7473,,,,Carlena776,Hagenes547,,,,white,nonhispanic,F,Dartmouth  Massachusetts  US,655 Kuhic Frontage road Suite 31,Mansfield Center,Massachusetts,Bristol County,,42.06327108551938,-71.22874046744089,72669.97,131.21999999999994
b871cc92-920b-c419-ff2b-fd7a63dffb2a,2011-09-07,,999-79-8479,,,,Rubie803,Moore224,,,,white,nonhispanic,F,New Bedford  Massachusetts  US,590 Daugherty Stravenue Unit 54,Lynn,Massachusetts,Essex County,01907,42.47248574866833,-70.89978307085191,47988.2005,26185.809500000003
44e3ab26-5848-d04d-3d57-c6ea4e9a0044,2016-10-29,,999-51-8970,,,,Vasiliki884,Torphy630,,,,asian,nonhispanic,F,Chongqing  Chongqing Municipality  CN,136 Leannon Rapid,Wellesley,Massachusetts,Norfolk County,02481,42.22943962562054,-71.2613926440598,242755.66999999998,2275.92
b7bfec34-3d3e-10ee-5f0a-0a52014ec27c,1986-05-06,,999-49-7756,S99974975,X8272628X,Mrs.,Bobbie849,Zulauf375,,Huel628,M,white,nonhispanic,F,Lawrence  Massachusetts  US,679 Bernier Annex Unit 66,Taunton,Massachusetts,Bristol County,02767,41.863827617847235,-70.99883364319415,1124338.5685,249190.59149999998
34dcf3c5-08b0-d5c9-10a4-c353be731a78,2008-12-16,,999-32-6628,S99929597,,,Minh326,Swift555,,,,white,nonhispanic,F,Boston  Massachusetts  US,846 Wunsch Skyway,North Amherst,Massachusetts,Hampshire County,01059,42.44797209445218,-72.55220103862683,744452.6055000001,190848.8345
5703391b-26f4-204c-d248-41c241a2df9d,1955-04-24,,999-57-9939,S99961446,X75451245X,Mr.,Noe500,Hansen121,,,M,white,nonhispanic,M,Sutton  Massachusetts  US,358 Schowalter Viaduct,Lowell,Massachusetts,Middlesex County,01850,42.64500007558961,-71.33956059429389,1828460.6215000001,55795.5485
b4f9ce90-9643-ccfc-0d87-fad038ffae71,1982-12-29,,999-24-5060,S99914259,X86535031X,Mrs.,Tomiko229,Homenick806,,Becker968,M,white,nonhispanic,F,West Boylston  Massachusetts  US,261 Gaylord Parade Suite 13,New Bedford,Massachusetts,Bristol County,02745,41.6707531364829,-70.91393458790802,1197136.8099999998,0.0
0634c27f-19eb-91b8-1b65-f7befc0165e8,1983-03-08,,999-51-6010,S99950916,X37343321X,Mr.,Buster609,Gleason633,,,M,other,nonhispanic,M,Worcester  Massachusetts  US,191 Bernhard Overpass,Peabody,Massachusetts,Essex County,01940,42.49033203072453,-70.9987721213657,1054486.9049999998,1867.6950000000002
8ff75308-61e4-9917-fa34-ac94d68ebf78,1973-08-13,,999-43-8219,S99981131,X24161283X,Mr.,Zachery872,Reichel38,,,M,white,nonhispanic,M,Dennis  Massachusetts  US,135 Kreiger Frontage road Suite 91,Winthrop,Massachusetts,Suffolk County,02128,42.32317680712202,-71.0248091893078,373106.625,56.11499999999995
608d1a4f-30af-a6b3-7879-352c9aaf0e36,1969-12-08,,999-77-1224,S99942566,X33678951X,Mr.,Bart73,Medhurst46,,,M,white,nonhispanic,M,Lexington  Massachusetts  US,854 Green Heights,Danvers,Massachusetts,Essex County,01937,42.580468592846,-70.94187187781489,997197.3049999998,21090.015
f037ad0e-0593-5d48-9f98-d25c8b22b414,2019-05-20,,999-96-7190,,,,Jodi410,Brakus656,,,,asian,nonhispanic,F,West Brookfield  Massachusetts  US,722 Bauch Byway Unit 47,Chatham,Massachusetts,Barnstable County,02633,41.73860834359474,-69.9401591427071,99913.48999999999,0.0
5468d6b4-bb4a-38f8-c085-8d5cc42f5fc2,1975-09-05,,999-68-1694,S99919680,X82743561X,Mrs.,Karlyn611,Borer986,,Zboncak558,M,white,nonhispanic,F,Spencer  Massachusetts  US,915 Harvey Spur,Wenham,Massachusetts,Essex County,,42.638618574195426,-70.83502990798998,1625823.4825,277742.0975
309eee40-c78f-fa1f-e50c-7707d4b81ddb,2001-02-23,,999-43-9463,S99997672,X35707938X,Mr.,Javier97,Ratke343,,,,white,nonhispanic,M,Attleboro  Massachusetts  US,594 Yundt Pathway,Boston,Massachusetts,Suffolk County,02116,42.358950112057336,-71.09137768946749,1040781.9849999999,554.625
243990c1-9c2e-a319-633b-efc12075a38b,2015-10-15,,999-21-6413,,,,Denny560,Moore224,,,,black,nonhispanic,M,Somerville  Massachusetts  US,426 Labadie Trail,Yarmouth,Massachusetts,Barnstable County,,41.72384214230027,-70.23710638068219,275042.90249999997,196.20749999999995
05cee90a-36f8-0393-8964-e8ed8403cf97,1986-01-20,,999-14-7519,S99927369,X87486115X,Ms.,Antonia30,Bernal586,,,S,white,hispanic,F,Puebla  Puebla  MX,136 Tremblay Rue Apt 58,Framingham,Massachusetts,Middlesex County,01701,42.28786880241793,-71.44061606933977,2008134.9385000002,726312.9315000001
ccc370fb-4348-47fd-6a7e-c94fb16d23bc,1980-09-23,,999-35-7347,S99958630,X3271167X,Mrs.,Lucia634,Ponce361,,Pagan507,M,white,hispanic,F,Carolina  Puerto Rico  PR,859 Pollich Green Unit 30,Quincy,Massachusetts,Norfolk County,02186,42.27549064516466,-71.08084082221394,1859450.1530000004,430266.517
a824f90a-b62e-6447-6dbe-df67ab7d5d84,1980-08-29,,999-68-2287,S99965530,X87728971X,Mrs.,Britta584,Hirthe744,,Schiller186,M,white,nonhispanic,F,Brockton  Massachusetts  US,836 Predovic Corner,Dracut,Massachusetts,Middlesex County,,42.67070585252438,-71.26904384251878,1840846.6545,164608.77550000002
6f094f06-ebcd-9df1-f512-beda0c11ce00,2022-03-07,,999-36-2420,,,,Mateo562,Arroyo916,,,,white,hispanic,M,Caguas  Puerto Rico  PR,856 Kirlin Common,Mansfield,Massachusetts,Bristol County,,41.98899519464779,-71.17882973639828,107088.7625,2638.3275
fca2f88e-65ea-20d8-912c-23a8584b7fa1,1990-04-13,,999-93-5877,S99968147,X57353313X,Mrs.,Marianne327,Jast432,,Littel644,M,white,nonhispanic,F,Braintree  Massachusetts  US,322 Borer Tunnel Apt 88,Worcester,Massachusetts,Worcester County,01610,42.276017988795054,-71.85629025194368,927671.5074999998,21119.512499999997
b38817eb-1e19-91a6-2d55-6dc2882ee527,2013-11-13,,999-28-6121,,,,Veronika907,Crona259,,,,white,nonhispanic,F,Weston  Massachusetts  US,696 Welch Rue Apt 15,Arlington,Massachusetts,Middlesex County,02474,42.42355138988548,-71.17503733824292,40599.23750000001,30955.512499999993
cbfe69c3-edc0-9203-a2f6-172f57ad56e3,2001-09-22,,999-19-8494,S99993288,X69026408X,Mr.,Enrique929,Dickinson688,,,,white,nonhispanic,M,Danvers  Massachusetts  US,756 Kertzmann Way,Marlborough,Massachusetts,Middlesex County,01752,42.39097540243195,-71.59675239020986,1428632.5450000002,132934.30499999996
01cef2a3-3799-a862-dede-932a89501af9,1995-04-20,,999-65-7353,S99976751,X11212057X,Ms.,Fred155,Rath779,,,S,white,nonhispanic,F,Marblehead  Massachusetts  US,951 Blanda Quay,Littleton,Massachusetts,Middlesex County,,42.53376364137367,-71.45561082862109,1191907.8229999999,198305.67700000003
85bc9f77-d57f-0f5b-37ce-a56556c036c1,2009-04-01,,999-59-8681,S99932455,,,Jason347,Torp761,,,,white,nonhispanic,M,Chicopee  Massachusetts  US,447 Towne Grove,Plainville,Massachusetts,Norfolk County,,42.03363942523966,-71.33201607219652,1161878.2300000002,206.21999999999997
17402c44-2287-9c42-aa7d-b17c45bd5c95,1964-11-14,1968-12-20,999-91-3334,,,,Katina266,Hessel84,,,,asian,nonhispanic,F,Cantho  Cần Thơ  VN,290 Fahey Frontage road Apt 40,Pinehurst,Massachusetts,Middlesex County,01866,42.568371413962105,-71.19368489642494,111643.07,0.0
99ff4d81-0f29-844b-19d5-ec21c678e75a,2016-05-03,,999-48-2782,,,,Chet188,O'Kon634,,,,white,nonhispanic,M,Blackstone  Massachusetts  US,898 Thiel Ramp Unit 48,East Longmeadow,Massachusetts,Hampden County,,42.069884501729994,-72.45616319461243,147441.37,0.0
18c7b513-690c-e0c9-4806-32cc1feafaa4,2009-01-13,,999-76-9943,S99984308,,,Dorothea248,D'Amore443,,,,black,nonhispanic,F,Salem  Massachusetts  US,401 Roob Overpass,Stoneham,Massachusetts,Middlesex County,,42.43627593249571,-71.10194895518472,1251592.15,16.82999999999989
febad905-bb57-28ff-fb7a-e77bfa083062,2012-08-24,,999-67-6644,,,,Victor265,Rosenbaum794,,,,white,nonhispanic,F,Milford  Massachusetts  US,703 Macejkovic Route Apt 81,North Attleborough,Massachusetts,Bristol County,,41.93465375033774,-71.32145532090532,371438.88999999996,1762.6799999999998
854d539e-e2e1-a8d1-7e57-41273d81ec4c,1955-11-08,,999-77-1010,S99921415,X16524421X,Mrs.,Jacquline932,Renner328,,Mante251,M,white,nonhispanic,F,North Attleborough  Massachusetts  US,161 Sanford Route,North Reading,Massachusetts,Middlesex County,,42.55888039281576,-71.12432080992164,2352376.826000001,405622.294
1f7dcea8-2989-de97-c41b-3df5fd8ea359,2016-04-10,,999-44-9769,,,,Brad867,Runte676,,,,asian,nonhispanic,M,Brookline  Massachusetts  US,414 Rosenbaum Light Apt 25,Boston,Massachusetts,Suffolk County,02108,42.30626233521271,-71.09175337698662,241476.49,2131.56
95911da1-fd3f-63ac-3200-7eea89667e21,1997-11-10,,999-76-1521,S99941646,X76153527X,Mrs.,Cathern761,Cruickshank494,,Purdy2,M,white,nonhispanic,F,Ludlow  Massachusetts  US,372 Labadie Corner Suite 8,Bourne,Massachusetts,Barnstable County,,41.71544580249158,-70.62247435770811,895184.0835000002,106984.5465
df15e582-456a-b615-427e-3eb9ef521c3c,1926-12-19,1989-05-05,999-78-8049,S99938621,X32990447X,Mrs.,Lizeth852,Larson43,,D'Amore443,M,white,nonhispanic,F,Boston  Massachusetts  US,652 Hayes Crossing Unit 81,New Bedford,Massachusetts,Bristol County,02746,41.74959687329646,-70.92768771092443,2290396.0425000004,874.8074999999999
4a32811a-218b-c80d-0f53-6054fd79aa70,1959-04-07,,999-77-3137,S99955048,X19115578X,Mrs.,Tonisha838,Rice937,,Cruickshank494,M,white,nonhispanic,F,Gloucester  Massachusetts  US,404 Rodriguez Crossing Unit 67,West Brookfield,Massachusetts,Worcester County,01585,42.22782406100439,-72.12672041811105,2445940.5950000007,114626.49500000001
bd88d6e5-bf4b-3a16-630b-75204a91224e,1973-12-30,,999-58-2616,S99949195,X39369106X,Mrs.,Tonja658,Wisozk929,,Kuhlman484,M,white,nonhispanic,F,Northbridge  Massachusetts  US,808 Reilly Union,Middleborough Center,Massachusetts,Plymouth County,,41.90810225896534,-70.88839757807737,2207236.7890000003,523954.1009999999
0e0460d9-500e-7163-89a2-d89dc8e5f1b1,2005-12-03,,999-43-5758,S99939769,X27826171X,Ms.,Sabine292,Abshire638,,,,white,nonhispanic,F,Amherst Center  Massachusetts  US,120 Treutel Alley Unit 67,Brookline,Massachusetts,Norfolk County,02467,42.33481004725315,-71.13107326814652,519482.59000000014,1643.9099999999996
cf2e5183-6ea4-75d6-9e19-864675950590,2011-07-19,,999-62-8159,,,,Lena684,Dietrich576,,,,white,nonhispanic,F,Westwood  Massachusetts  US,800 Abbott Run Apt 26,Boston,Massachusetts,Suffolk County,02111,42.2544241124453,-71.10812124130136,362004.98,4543.44
166e21ae-1de9-3588-fdc8-e85dd47a19f1,1964-11-14,,999-78-1803,S99968218,X42562910X,Mrs.,Lovella383,Sawayn19,,Hansen121,M,asian,nonhispanic,F,Cantho  Cần Thơ  VN,621 Leuschke Forge Suite 58,Pinehurst,Massachusetts,Middlesex County,01866,42.523852325075346,-71.25647269910493,1867290.6465,499223.2334999999
e7314561-cd8c-c49c-c6e2-e155de079f9e,1983-03-24,,999-41-5266,S99926844,X68730080X,Mr.,Wilber603,Reinger292,,,M,white,nonhispanic,M,Boston  Massachusetts  US,891 Carter Divide Unit 0,Brockton,Massachusetts,Plymouth County,02302,42.12391616421131,-71.00441581015222,1062735.2574999998,10353.8625
e01075e9-d41f-feed-d80b-d96554bb6e58,1970-10-06,,999-49-5696,S99941743,X39962108X,Mr.,Kent912,Reinger292,,,M,white,nonhispanic,M,Marlborough  Massachusetts  US,408 Stehr Street Unit 88,Lynn,Massachusetts,Essex County,,42.451729908253675,-71.01170260507455,1388417.1749999998,25950.975000000002
ff71c824-c655-639a-b276-c2374bd503d5,2020-12-10,,999-50-8840,,,,Blake449,Zieme486,,,,white,nonhispanic,F,Cambridge  Massachusetts  US,759 Ryan Orchard,Medway,Massachusetts,Norfolk County,,42.12755160512671,-71.38479878295792,150360.8375,7037.0625
61bb5ad8-de0c-9acd-6af2-aeb3993e6a93,1990-09-25,1994-08-03,999-69-5635,,,,Lesha323,Durgan499,,,,white,nonhispanic,F,Rowley  Massachusetts  US,362 Wiegand Viaduct,Lynn,Massachusetts,Essex County,01907,42.46940856020876,-70.98919874607908,62372.314999999995,16777.995
5a3044fc-ccb5-d2e7-4da4-3c0ddfa356b6,2005-10-30,,999-43-1697,S99939631,X15881646X,Mr.,Cory323,Legros616,,,,white,nonhispanic,M,Taunton  Massachusetts  US,941 Lockman Bypass Suite 88,Athol,Massachusetts,Worcester County,01331,42.53452182590975,-72.27348126690521,508881.8549999999,550.275
728ab03d-4231-c85b-11ed-337adf54ee68,1970-12-30,,999-35-7883,S99981322,X22524949X,Mrs.,Clarita196,Cummerata161,,Schmitt836,M,white,nonhispanic,F,Springfield  Massachusetts  US,779 Dach Union,Woburn,Massachusetts,Middlesex County,,42.46033479126766,-71.11112952074157,1001329.2699999999,7775.400000000001
ddcc74c5-3ba7-ff98-92f6-994005a0d982,1976-02-09,,999-50-1125,S99968762,X67904535X,Mr.,Elisha578,Johns824,,,M,white,nonhispanic,M,Canton  Massachusetts  US,536 Zboncak Spur Apt 38,Hamilton,Massachusetts,Essex County,,42.61323985537449,-70.83038511984977,164209.98249999995,65929.66750000001
e72a8e55-55a4-f203-29a4-4c70e083b5ca,1973-01-20,,999-47-9916,S99930362,X9342691X,Mr.,Allan198,Hackett68,,,M,white,hispanic,M,Easton  Massachusetts  US,849 Pacocha Road,New Bedford,Massachusetts,Bristol County,,41.64468299936615,-70.87115018015167,215098.26100000003,552676.9589999999
9798df4c-8161-6082-9307-6db797b4aca4,1985-04-05,,999-58-3855,S99912532,X8340159X,Mrs.,Candra395,Hudson301,,Brown30,M,white,nonhispanic,F,Marshfield  Massachusetts  US,420 Champlin Annex,Boston,Massachusetts,Suffolk County,02129,42.305361715121556,-71.13236630127743,2337182.6895,375733.74049999996
41da0ee3-08a0-26ce-22c9-79e70fec66c1,1999-10-23,,999-21-6720,S99943211,X12964380X,Ms.,Sina65,Dare640,,,,black,nonhispanic,F,Lawrence  Massachusetts  US,877 Becker Brook Unit 74,Boston,Massachusetts,Suffolk County,02111,42.31466830989136,-71.06378932460797,683760.0375,2131.8824999999997
79df2e8e-3a18-f580-9073-4b9e0fb41d3f,2014-06-08,,999-23-2676,,,,Katrice671,Ferry570,,,,white,nonhispanic,F,Randolph  Massachusetts  US,293 Thompson Rest Suite 15,Quincy,Massachusetts,Norfolk County,02171,42.30228252859006,-71.03921187693206,317565.0225,2259.9975
4232eb9e-573b-b513-491c-7bd36dad1f56,1990-09-25,,999-69-6389,S99929798,X48994691X,Ms.,Betty470,Casper496,,,S,white,nonhispanic,F,Boston  Massachusetts  US,803 Hintz Rue,Lynn,Massachusetts,Essex County,01904,42.50732278988504,-70.95235405515325,956557.5325000001,118464.54749999999
edecb53d-4b87-e5bd-ed82-a2bbbacf4737,1926-12-19,2012-02-29,999-69-9047,S99955765,X86452800X,Mrs.,Thea616,Boehm581,,Kunde533,M,white,nonhispanic,F,Pittsfield  Massachusetts  US,686 Weissnat Avenue Unit 13,New Bedford,Massachusetts,Bristol County,02743,41.70345614569987,-70.94099509689651,2365436.4110000003,680941.1989999999
289c346a-5a1e-c329-73a0-ac393f45fdbf,1976-06-20,,999-65-1327,S99974521,X53616929X,Mrs.,Carol737,Goyette777,,Bechtelar572,M,black,nonhispanic,F,Marblehead  Massachusetts  US,308 Torp Ferry Apt 28,Franklin,Massachusetts,Norfolk County,02038,42.12187996181247,-71.42661171789082,1935695.5335000001,552032.5665
e26d2304-1739-fcfa-ece8-8b6cc8f08314,2001-08-22,,999-80-8154,S99979318,X37045306X,Ms.,Abbey813,Jacobs452,,,,white,nonhispanic,F,Westfield  Massachusetts  US,465 Hilpert Annex Apt 1,Medford,Massachusetts,Middlesex County,02155,42.44538808146086,-71.12706911930445,611679.0925,3780.6974999999998
9697515c-0b8c-1a9e-b48b-f79820d510dd,2010-10-06,,999-63-2608,,,,Amina496,Wiegand701,,,,white,nonhispanic,F,Needham  Massachusetts  US,435 Schaden Ramp,Wareham,Massachusetts,Plymouth County,,41.74735274405492,-70.72666820523197,620902.3074999999,924.5924999999999
441a1cef-8781-b6a9-cd90-316a7432c17f,1964-05-17,,999-51-9739,S99983681,X49831372X,Mr.,Ian270,Leannon79,,,M,white,nonhispanic,M,Malden  Massachusetts  US,863 Welch Alley Unit 91,Boston,Massachusetts,Suffolk County,02151,42.42675723968772,-71.04845748030986,1708299.84,26025.569999999996
02f7dbb9-74d1-2445-ced2-1a0717a62dc9,1979-01-13,,999-45-9056,S99940668,X7362053X,Mrs.,Gaylene599,Daugherty69,,Schmitt836,M,white,nonhispanic,F,Billerica  Massachusetts  US,618 Becker Trace,Lowell,Massachusetts,Middlesex County,,42.69797368267172,-71.3030719309422,1305416.6055000003,667250.8445
85399d04-d564-c83a-3ee1-a7a1fe6321eb,2002-02-11,,999-37-2962,S99971359,X56691053X,Mr.,Maurice742,Adams676,,,,white,nonhispanic,M,Boston  Massachusetts  US,465 Thompson Fork Suite 98,Bellingham,Massachusetts,Norfolk County,,42.04738699697282,-71.45355454321609,603230.275,1454.025
ee4bd894-59bf-179a-bb46-7418cc9116ce,1999-11-16,,999-92-3757,S99932926,X23490614X,Mr.,Jeffry142,Kris249,,,,white,nonhispanic,M,Falmouth  Massachusetts  US,443 Paucek Lane Apt 29,Northwest Harwich,Massachusetts,Barnstable County,,41.70162666409642,-70.077540400211,684314.0724999999,12212.7975
b8f4bf75-ed4b-3499-e4b1-697ee99709d8,1981-05-30,,999-79-9248,S99967996,X57510913X,Mr.,Mark765,Boyer713,,,M,white,nonhispanic,M,Marlborough  Massachusetts  US,534 Flatley Branch Unit 49,Norwood,Massachusetts,Norfolk County,02062,42.16158356892919,-71.2319476554185,1094983.71,1015.26
ad7dc9c8-16a6-811c-eab2-5f2ae7416aab,2009-02-20,,999-52-1772,S99962412,,,Tyler508,Keeling57,,,,white,nonhispanic,F,Brockton  Massachusetts  US,586 Schulist Boulevard,Bourne,Massachusetts,Barnstable County,,41.73255930706609,-70.57734233238233,439960.26499999996,1087.7549999999999
e2f80a74-30c4-c1f9-b384-99f50563bdc2,1967-11-29,,999-29-3673,S99929750,X9518653X,Mrs.,Theodora872,Zboncak558,,Lockman863,M,white,nonhispanic,F,Harwich  Massachusetts  US,982 Reynolds Quay Unit 75,Needham,Massachusetts,Norfolk County,,42.232845379083734,-71.26954277838902,1815615.5144999996,387169.90549999994
03b830c2-5963-7ccb-92e3-65842667a626,1956-05-04,,999-95-4964,S99919383,X50939457X,Mrs.,Marisha663,Weber641,,Kling921,M,white,nonhispanic,F,Weymouth  Massachusetts  US,437 Harvey Dale Apt 18,Peabody,Massachusetts,Essex County,01940,42.51095943424077,-70.96112197542422,2495904.3254999993,766038.5345
f361c48a-4b50-402a-5d5f-d846d8278ff5,2005-02-01,,999-11-7437,S99969970,X18779495X,Mr.,Noble66,Schumm995,,,,white,nonhispanic,M,Burlington  Massachusetts  US,184 Stanton Brook Apt 54,Brockton,Massachusetts,Plymouth County,02351,42.094552387266106,-70.9931729775399,1128471.7625,9.067499999999981
9451870a-dcf7-86aa-148f-4dc6c82876f9,2021-07-03,,999-97-5756,,,,Lorelei90,Lockman863,,,,white,nonhispanic,F,North Adams  Massachusetts  US,563 Kuhic Parade,Chicopee,Massachusetts,Hampden County,01013,42.16171727598885,-72.57558624214782,79429.60999999999,154.43999999999994
c2f4d2d2-d2b0-c29a-2eb8-7318eaf675eb,2012-12-25,,999-74-5365,,,,Paz9,Runolfsson901,,,,white,nonhispanic,F,Somerville  Massachusetts  US,423 Rempel Row Suite 26,Hudson,Massachusetts,Middlesex County,,42.42410530665769,-71.5085449491305,344832.525,274.6049999999998
cc7a5be8-1ba8-e2e5-f215-e6426130bbc7,1989-01-20,,999-47-3688,S99943213,X67494079X,Ms.,Matilda472,Wehner319,,,S,white,hispanic,F,Sutton  Massachusetts  US,257 Hessel Parade Unit 70,Boston,Massachusetts,Suffolk County,02130,42.351621826559835,-71.05279317321525,745278.7335,665088.6065
f6e4d0e1-904c-6f27-d577-77aefcecce69,1973-06-21,,999-12-1565,S99951188,X35979717X,Mr.,Micah422,Harber290,,,M,white,nonhispanic,M,Taunton  Massachusetts  US,558 Pagac Park Unit 94,Harvard,Massachusetts,Worcester County,,42.47686880485079,-71.57432729694004,1337492.0700000003,0.0
044f720c-4db8-95fc-8128-ff09f38a3f81,1977-09-13,,999-27-7545,S99948538,X76700895X,Mrs.,Roxane435,Quitzon246,,Thiel172,M,white,nonhispanic,F,Plymouth  Massachusetts  US,1032 Bernhard Haven,Worcester,Massachusetts,Worcester County,01604,42.25850154285796,-71.81450128989682,1408723.9600000007,412192.56999999995
377a9ecc-b3de-8991-6f2a-f87371786966,1978-03-21,,999-10-7071,S99991436,X63883358X,Mrs.,Miki234,Fisher429,,Parisian75,M,white,nonhispanic,F,Boston  Massachusetts  US,564 Lehner Park Suite 95,Westfield,Massachusetts,Hampden County,01085,42.130790502720174,-72.72892788706494,1622485.915,16965.225
c49d52d3-7e19-5b32-256d-cebf66d3cfc4,1969-05-24,,999-38-1930,S99988465,X58390368X,Mr.,Laurence43,Boehm581,,,M,white,nonhispanic,M,Wellesley  Massachusetts  US,555 Kertzmann Street Unit 12,Woburn,Massachusetts,Middlesex County,01890,42.50293966538989,-71.19749441819941,1499150.1525000008,17314.237500000003
bff8e828-a2d4-a7c2-46f4-f1d7748108a1,2006-01-30,2017-07-31,999-25-1660,,,,Mozell819,Hammes673,,,,white,nonhispanic,F,Walpole  Massachusetts  US,577 Bogan Orchard,Reading,Massachusetts,Middlesex County,01867,42.503561071235474,-71.1544132964713,369220.795,18167.414999999997
75c9a2ca-367f-c52d-c9e3-602af70baaac,1977-07-30,,999-89-8658,S99926296,X74428462X,Mr.,Dusty207,Pacocha935,,,M,white,nonhispanic,M,Winchendon  Massachusetts  US,851 Pfeffer Center,Amherst,Massachusetts,Hampshire County,,42.322961507289946,-72.46510862254004,288038.31,0.0
7b595e34-e12b-68d3-2395-1fc0f543b2f9,1992-06-15,,999-30-3492,S99928933,X21914592X,Mrs.,Brittny484,Yundt842,,Bernhard322,M,white,nonhispanic,F,Saugus  Massachusetts  US,831 DuBuque Ferry,Arlington,Massachusetts,Middlesex County,02474,42.41895285131424,-71.17672086807896,1267702.8595000003,143362.28050000002
fdbc5d2b-9451-a7cf-4071-c46810018846,1997-08-18,,999-66-6526,S99990205,X84654598X,Mrs.,Rosario163,Flórez858,,Vanegas191,M,black,hispanic,F,Lima  Lima Province  PE,283 Lakin Alley Suite 15,Boston,Massachusetts,Suffolk County,02134,42.294883629020276,-70.99896681505292,1155371.1450000003,2747.4150000000004
6d10b719-8a1a-b20f-3926-cdbeb031478c,2020-04-23,,999-42-8404,,,,Earnest658,Pacocha935,,,,white,nonhispanic,M,East Dennis  Massachusetts  US,963 Runte Fork Suite 9,Sudbury,Massachusetts,Middlesex County,,42.36857503294186,-71.45941842970761,172311.2775,908.9625000000001
a17feed9-000f-1a40-e7fc-d9d385227430,1977-01-05,,999-36-9743,S99980555,X26341142X,Mr.,Garth972,Veum823,,,S,black,hispanic,M,North Andover  Massachusetts  US,573 Veum Vista Apt 56,Boston,Massachusetts,Suffolk County,02125,42.383948213253355,-71.07276269632139,1275594.6749999998,911.055
e04c7008-ccc5-b5a4-4760-974467fa9225,2006-01-30,,999-30-4996,S99928593,X82263902X,Ms.,Pamelia915,Gulgowski816,,,,white,nonhispanic,F,East Bridgewater  Massachusetts  US,473 Huel Row,Reading,Massachusetts,Middlesex County,,42.49240866855644,-71.13885863036344,598196.1595000001,34089.5205
c70315b2-20dc-ab12-4240-2d8badce7a8b,1918-08-11,,999-74-1691,S99971300,X30574807X,Mr.,Mac103,Schaden604,,,M,white,hispanic,M,Gloucester  Massachusetts  US,533 Hayes Dam Suite 64,Methuen,Massachusetts,Essex County,,42.75658353128782,-71.20191458015012,2515709.598,100177.57200000003
15370dce-6f72-8aff-0c3f-ed26becbb747,1939-04-08,2025-02-09,999-32-8338,S99931754,X34467593X,Mr.,Laurence43,Weimann465,,,M,white,nonhispanic,M,Worcester  Massachusetts  US,252 Lowe Estate,West Concord,Massachusetts,Middlesex County,,42.48507032925555,-71.44860248956961,2177909.499499999,200625.3105
a1ba8aa6-c327-77c7-a947-78cbb024c442,2015-07-09,,999-74-2174,,,,Conrad619,Jerde200,,,,white,nonhispanic,M,Pinehurst  Massachusetts  US,760 Kautzer Ramp,Holbrook,Massachusetts,Norfolk County,02368,42.138754189286985,-71.02901885502814,283919.18249999994,65.58749999999992
328a3038-2f03-1e79-2afa-fc1eac854383,1926-12-19,2000-07-23,999-99-2294,S99946433,X44408365X,Mrs.,Jamie386,Pollich983,,Reichert620,M,white,nonhispanic,F,Leominster  Massachusetts  US,361 Jacobi Trafficway,New Bedford,Massachusetts,Bristol County,02746,41.7592666420668,-70.90810485299865,3059490.372000002,317809.828
324fcd57-e001-dc45-ff12-d0d237a71371,1976-06-02,,999-25-5318,S99977146,X71994029X,Ms.,Khadijah960,Gerhold939,JD,,S,white,nonhispanic,F,Paris  Ile-de-France  FR,338 Ullrich Terrace Suite 48,Weymouth,Massachusetts,Norfolk County,02189,42.213864450333176,-70.94873600467378,2404933.9095000005,540681.2505
2e3f52b8-1609-ea1d-697f-0653fd5f44e2,1955-01-29,,999-84-6940,S99938561,X21819802X,Mrs.,Zenobia558,Kulas532,,Aufderhar910,M,white,nonhispanic,F,Hudson  Massachusetts  US,312 Schimmel Divide Suite 46,Sutton,Massachusetts,Worcester County,,42.171300230046114,-71.7064652281826,1978537.4500000018,270871.63999999996
25187c65-1b46-58ea-5b6f-afd6db14d615,1995-01-30,,999-17-7401,S99998177,X16579234X,Mr.,Gustavo235,McKenzie376,,,M,white,nonhispanic,M,Malden  Massachusetts  US,347 Schmitt Track,Brockton,Massachusetts,Plymouth County,,42.162022985680714,-71.00468114247577,785999.59,0.0
b0b4f8ea-78c6-dba0-a0d9-a0eb3bc61881,1953-12-28,2021-03-07,999-26-1186,S99955035,X47491013X,Ms.,Collen405,Boyer713,,,S,white,nonhispanic,F,Devens  Massachusetts  US,385 Padberg Drive Suite 70,East Bridgewater,Massachusetts,Plymouth County,,42.043204411890194,-70.90665475565939,1917282.6390000004,280162.58100000006
c5444727-b99c-a798-de64-409cea935ce0,1968-08-11,2021-01-19,999-28-2964,S99941860,X23876375X,Mr.,Gregg522,Pfeffer420,,,M,white,nonhispanic,M,Dedham  Massachusetts  US,200 Ankunding Run,Randolph,Massachusetts,Norfolk County,02368,42.2121309186527,-71.0213576887272,1529142.2249999999,81124.90499999998
298a1d1a-4597-5409-1836-91f0588e9ac7,2022-10-08,,999-35-9037,,,,Elias404,Hilpert278,,,,white,nonhispanic,M,Ocean Grove  Massachusetts  US,600 Koepp Esplanade,Lawrence,Massachusetts,Essex County,01843,42.70593566658335,-71.1939533015708,12050.317000000001,8176.023000000001
cbe580a9-a85f-63e9-ecf7-37905546bbc8,1965-11-16,,999-41-6926,S99952693,X79251534X,Mrs.,Florene115,Ledner144,,Baumbach677,M,asian,nonhispanic,F,Somerville  Massachusetts  US,874 Koepp Center Apt 92,Dennis,Massachusetts,Barnstable County,,41.69707809943892,-70.16417155494221,1782265.2920000006,438685.09799999994
378bc427-b897-d0ee-04a8-aa04267bfe9e,2001-05-03,,999-34-1496,S99938103,X33985749X,Mr.,Felton646,Kling921,,,,white,nonhispanic,M,Springfield  Massachusetts  US,269 Schimmel Underpass Apt 70,Brewster,Massachusetts,Barnstable County,02631,41.710864504698385,-70.0850978364138,620257.8350000001,825.1649999999998
7fcdc9f0-74f1-e917-bd45-a586639cee8a,1979-08-25,,999-71-9174,S99939656,X58769918X,Mrs.,Madison727,Effertz744,,Schaefer657,M,white,nonhispanic,F,Pittsfield  Massachusetts  US,526 Koch Bypass Apt 36,Quincy,Massachusetts,Norfolk County,,42.30739365619574,-71.04471154010916,1367822.1150000002,30001.575
6ce20df0-08d1-7993-7fd7-a7f067d070ec,1937-10-12,2002-11-17,999-95-7111,S99983753,X30280368X,Mr.,Hollis7,Powlowski563,,,M,white,nonhispanic,M,Newburyport  Massachusetts  US,983 Tremblay Street Unit 8,Malden,Massachusetts,Middlesex County,02155,42.40946389091848,-71.01173072737247,2734988.62,194280.98999999996
10551722-1ae1-3d6a-1427-ab465c042131,1968-08-11,,999-75-8646,S99978061,X47453502X,Mr.,Dee580,Hessel84,,,M,white,nonhispanic,M,Lynn  Massachusetts  US,121 Wehner Annex,Randolph,Massachusetts,Norfolk County,,42.1766091946703,-71.04657979880994,2156307.285,147685.785
0d93b528-7196-60bb-b42e-02f3816502fe,1978-01-29,,999-75-6889,S99936509,X48539388X,Mrs.,Shawanda667,Jast432,,Medhurst46,M,white,nonhispanic,F,Burlington  Massachusetts  US,349 Abbott Trafficway Unit 74,Worcester,Massachusetts,Worcester County,01583,42.29574725095141,-71.8753674026946,235092.31550000003,841532.7145000002
9b29d972-11ed-a83e-8d2d-62491059bd26,1953-12-28,,999-79-8749,S99980807,X79663537X,Ms.,Nohemi878,Jacobs452,,,S,white,nonhispanic,F,New Bedford  Massachusetts  US,706 Torp Heights,East Bridgewater,Massachusetts,Plymouth County,,41.99489294161285,-70.95668134121134,2122388.7295000013,568092.4904999997
3894f812-0fc2-1d6c-23c9-b9951f0a4a97,2004-07-16,,999-77-7420,S99915067,X40885170X,Ms.,Louanne686,Ullrich385,,,,white,nonhispanic,F,Millbury  Massachusetts  US,322 Halvorson Landing,Westwood,Massachusetts,Norfolk County,,42.211647461781745,-71.25509431797093,562811.74,3738.9300000000003
f49e28cc-27a7-4ff8-a224-a9105519b2c8,1983-07-08,,999-93-5982,S99918719,X40222071X,Mr.,Issac619,Becker968,,,M,white,nonhispanic,M,Holyoke  Massachusetts  US,125 Windler Harbor,West Springfield,Massachusetts,Hampden County,01089,42.17122994482038,-72.66296338119456,1072213.73,0.0
8ab57005-dd81-b087-5785-7d55084c0618,1926-12-19,,999-90-7161,S99934008,X81252852X,Mrs.,Mechelle851,Schaden604,,Howell947,M,white,nonhispanic,F,Malden  Massachusetts  US,684 Nolan Glen,New Bedford,Massachusetts,Bristol County,,41.680542617759265,-70.98627554626218,3027697.9265,1828555.7634999997
d3e4aaee-d28b-029f-e01d-77de3c30c874,2021-05-07,,999-90-4051,,,,Dionne995,Klocko335,,,,white,nonhispanic,F,Lowell  Massachusetts  US,727 Raynor Glen,Waltham,Massachusetts,Middlesex County,,42.350740748719765,-71.2244317490315,132247.845,932.3549999999999
fa93bed0-c561-8aa3-ab1b-fd1b82ada3c9,2001-11-09,,999-92-8172,S99917074,X27262285X,Mr.,Leonardo412,Terry864,,,,white,nonhispanic,M,Boston  Massachusetts  US,117 Marks Bypass Unit 35,Charlemont,Massachusetts,Franklin County,,42.67623867060149,-72.88987956398819,635049.98,120.35999999999993
85ff6f23-7da6-3783-88c7-b0c80a76adac,1972-08-23,,999-86-2601,S99925765,X27582192X,Mrs.,Maryrose226,Nolan344,,Schaefer657,M,white,nonhispanic,F,Quincy  Massachusetts  US,1093 Rosenbaum Wall,Peabody,Massachusetts,Essex County,,42.5672054858282,-70.93300243957636,1983671.1105000002,436939.83949999994
092df0d4-8d7d-9ea1-292e-e393cdfb38a4,1987-10-23,,999-26-1075,S99928900,X83920093X,Mrs.,Martine382,Dibbert990,,Stanton715,M,white,nonhispanic,F,Andover  Massachusetts  US,589 Kris Green,Boston,Massachusetts,Suffolk County,02108,42.285225999806805,-71.10918181245852,1584647.4415,1011002.3285
7e58df36-ceee-4af7-1edd-b8fe4cac2bf5,2021-03-15,,999-66-5935,,,,Kenneth671,Weber641,,,,white,nonhispanic,F,Dartmouth  Massachusetts  US,133 Reilly Mill Suite 52,Foxborough,Massachusetts,Norfolk County,02035,42.02933374960197,-71.2876561111643,132225.495,121.39499999999998
0f69219e-9544-1a0a-41f7-d72a5f11d4fd,2003-04-25,,999-23-3748,S99928782,X57336582X,Mr.,Rigoberto443,VonRueden376,,,,asian,nonhispanic,M,Lynn  Massachusetts  US,360 Paucek Center Apt 90,Quincy,Massachusetts,Norfolk County,02170,42.27462982209437,-70.99053591710548,573880.3325,6012.1275000000005
28402993-1a6a-1dd0-1b3c-12554f7bf376,1937-10-12,2013-03-10,999-92-1939,S99964750,X43161460X,Mr.,Booker670,Bernhard322,,,M,white,nonhispanic,M,Marlborough  Massachusetts  US,191 Feeney Lock Unit 84,Malden,Massachusetts,Middlesex County,02148,42.41846855381031,-71.1124304452004,1934876.5420000006,82422.74799999999
a7bd057e-6b48-ec03-dccd-29cd8751cb94,1963-07-03,,999-96-3690,S99948085,X48543811X,Ms.,Eva64,Hinojosa147,,,S,white,hispanic,F,Carolina  Puerto Rico  PR,569 Kuphal Drive,Milford,Massachusetts,Worcester County,,42.194308387761744,-71.53359429396093,2347552.707,226442.99300000005
ac833a87-26b4-6942-f00c-a316def5b2ad,2011-09-19,,999-76-4030,,,,Shon148,Bednar518,,,,white,nonhispanic,M,Malden  Massachusetts  US,447 Nader Gardens,Lynn,Massachusetts,Essex County,01906,42.44618621241615,-70.96621320876663,369446.97750000004,195.14249999999993
cd5c34df-8507-ea4f-9ce4-d2c29b4d9b5e,1970-10-11,,999-70-5756,S99996853,X20808594X,Mr.,Cristopher265,Conroy74,,,M,white,nonhispanic,M,Boston  Massachusetts  US,628 Fritsch Light,Westport,Massachusetts,Bristol County,,41.530965924812534,-71.07863814688214,2111009.3200000003,16371.000000000002
1c535411-c8bf-a313-427a-364e0a0e07c1,1975-03-17,2022-08-29,999-48-6101,S99936659,X27362618X,Mr.,Bernard308,Botsford977,,,M,white,nonhispanic,M,Holyoke  Massachusetts  US,905 Frami Viaduct Apt 21,Quincy,Massachusetts,Norfolk County,,42.30607495792653,-71.00534458232656,1159916.935,53948.174999999996
f0f74cdb-4734-3284-0dc5-8e43a530f556,1963-10-26,,999-75-2697,S99953271,X48382480X,Mr.,Tommy814,Effertz744,,,M,hawaiian,nonhispanic,M,Haverhill  Massachusetts  US,659 Schimmel Pathway Apt 38,Beverly,Massachusetts,Essex County,,42.5832608270378,-70.85103048302334,1631724.3175000004,4776.9225
89b7fcd8-fd5a-e707-35bf-e320b5b9a111,1979-07-16,,999-93-4907,S99923339,X19712806X,Mr.,Jeramy610,Beier427,,,M,white,nonhispanic,M,Quincy  Massachusetts  US,373 Renner Skyway Suite 47,Sharon,Massachusetts,Norfolk County,02067,42.14577048061441,-71.19283726669609,1175544.6549999998,1617.465
380e9d98-2582-023f-3c86-fd1abff3a07a,1978-09-15,,999-19-2801,S99969959,X63681965X,Mr.,Albert312,Kuhic920,,,M,white,nonhispanic,M,Revere  Massachusetts  US,1058 Dibbert Frontage road Unit 74,Fall River,Massachusetts,Bristol County,02724,41.575962304759344,-71.10165868628945,339021.2,0.0
06368694-fbec-97e0-fdc2-1e9d41751327,1982-08-13,,999-16-1656,S99931526,X31125169X,Mr.,Rene434,Torp761,JD,,M,white,nonhispanic,M,Worcester  Massachusetts  US,688 Hilpert Extension,Worcester,Massachusetts,Worcester County,01604,42.29773362623447,-71.81265699136087,1087042.01,680.9099999999999
df48cb44-f2fc-fc1a-ccfe-709edc0a0c8f,1968-08-15,,999-51-5847,S99960132,X29470083X,Mrs.,Norma469,Rubio813,,Lozano749,M,white,hispanic,F,Caracas  Capital District  VE,1069 D'Amore Wynd Apt 23,Duxbury,Massachusetts,Plymouth County,,42.005739746222126,-70.72890781818458,1864446.3660000004,331399.204
1e421c9b-5e58-3b84-4cec-b349dd5e203d,1975-03-17,,999-66-2605,S99936390,X21628499X,Mr.,Owen89,Huel628,,,M,white,nonhispanic,M,Marlborough  Massachusetts  US,460 Kassulke Passage,Quincy,Massachusetts,Norfolk County,02186,42.270777214093044,-71.0476165470766,2081423.7775000003,4675.492499999999
f20063d2-514f-abb3-d72c-e810a29189f9,1937-10-12,2023-12-03,999-21-5352,S99913881,X44999271X,Mr.,Ivan258,Wiza601,,,M,white,nonhispanic,M,Longmeadow  Massachusetts  US,600 Treutel Spur Apt 1,Malden,Massachusetts,Middlesex County,02155,42.400631854670536,-71.10055835280046,2164939.546,101989.20400000001
9bc6686a-012c-bc49-5d17-b866ea3109f7,1976-12-03,,999-25-6096,S99924048,X62939630X,Mr.,Mario764,Keebler762,,,M,white,nonhispanic,M,Halifax  Massachusetts  US,404 Ebert Glen,Berkley,Massachusetts,Bristol County,,41.87703277182475,-71.03866446070036,1224106.365,1076.1749999999997
6a389784-2987-e11f-e2e1-71fd85f8c7d2,1984-10-08,2013-09-30,999-88-3790,S99933525,X69913964X,Mr.,Moshe758,Kuphal363,,,M,white,nonhispanic,M,Auburn  Massachusetts  US,322 Schuster Frontage road Unit 46,Cohasset,Massachusetts,Norfolk County,,42.220171602889444,-70.79844386976713,794178.9675,2082.8924999999995
7db3e362-7b25-8819-7917-15ee2bd6711e,1968-12-15,,999-96-4145,S99958481,X1388499X,Mr.,Jude172,Lockman863,,,M,white,nonhispanic,M,Worcester  Massachusetts  US,439 Wintheiser Ranch,South Yarmouth,Massachusetts,Barnstable County,02664,41.68526703711336,-70.18142308940747,1501494.3699999999,7908.929999999999
dc73ec33-52ec-b9f3-453c-93769502e44b,2007-01-04,,999-68-6502,S99914752,,Ms.,Kandy733,Ritchie586,,,,black,nonhispanic,F,Cambridge  Massachusetts  US,126 Gulgowski Forge Apt 80,Walpole,Massachusetts,Norfolk County,02081,42.11646859310133,-71.21531147398495,1233128.4524999997,34546.2375
c1d5b414-0269-5053-e532-d6b1f801cfbf,2014-05-06,,999-16-5672,,,,Wilford267,Klocko335,,,,white,nonhispanic,M,Westford  Massachusetts  US,521 Steuber Terrace Apt 15,Haverhill,Massachusetts,Essex County,01832,42.78456364180507,-71.07932418941047,39058.465500000006,30180.844499999996
c58f7a97-4a05-2a2a-fab7-c36051735676,1948-07-04,,999-53-4175,S99923038,X83862444X,Mr.,Duncan491,Langworth352,,,M,white,nonhispanic,M,Brookline  Massachusetts  US,389 Volkman Boulevard Apt 43,Brookline,Massachusetts,Norfolk County,02215,42.35700516319986,-71.0541866726891,415544.9784999999,187132.8715
91d62dae-c4ec-da90-0fb8-36f731e2a208,2022-12-15,,999-99-1645,,,,Cathie710,Stokes453,,,,white,hispanic,F,Ocean Bluff-Brant Rock  Massachusetts  US,960 Schneider View,Boston,Massachusetts,Suffolk County,02132,42.322177047658464,-71.17826412813196,96972.1925,595.8375
ff7bcaff-38fc-33c0-1324-09272dad0b81,1946-12-24,,999-59-6921,S99954428,X85090312X,Mrs.,Gwendolyn93,Moore224,,Kreiger457,M,white,nonhispanic,F,Weymouth  Massachusetts  US,1087 Koelpin Divide Apt 81,Lynn,Massachusetts,Essex County,01907,42.468896585331215,-70.93989397681923,2578965.843,89302.69700000001
ba980fa0-6750-3fcd-03bf-11bf453cc481,1984-10-08,,999-25-8852,S99945826,X74583539X,Mr.,Arnold338,Smith67,,,M,white,nonhispanic,M,Boston  Massachusetts  US,542 Labadie Route,Cohasset,Massachusetts,Norfolk County,,42.22132376592837,-70.80319634695084,1049852.7249999999,660.8549999999999
43ddc964-bb9e-ff8b-8be1-f4daf51ef12b,1981-04-20,,999-24-7492,S99955222,X34120175X,Mrs.,Danille883,Quitzon246,,Ondricka197,M,white,nonhispanic,F,Millis  Massachusetts  US,758 Morar Passage Suite 50,Southbridge,Massachusetts,Worcester County,01550,42.07298305773501,-72.06831098505099,1479544.953,199727.55699999997
8a9d9593-339f-fd05-1b20-52e1abfe6b42,1937-10-12,2023-04-25,999-54-5099,S99925921,X87218302X,Mr.,Rudolph554,Mitchell808,,,M,white,nonhispanic,M,Randolph  Massachusetts  US,718 Macejkovic Street Suite 9,Malden,Massachusetts,Middlesex County,02155,42.38459396192693,-71.093758439954,2074451.2890000008,294552.461
f19b413a-ecaa-8b99-dffa-bcb26789a508,1981-02-02,,999-85-8827,S99954219,X7535853X,Mrs.,Tamra871,Lemke654,,Bechtelar572,M,white,nonhispanic,F,Milford  Massachusetts  US,562 Nolan Spur,New Bedford,Massachusetts,Bristol County,02744,41.57807026184683,-70.94769166173002,1855868.9524999997,152327.6175
e27e0b42-9c76-e114-69fa-8c462071be24,1950-11-12,,999-41-7578,S99971562,X87167112X,Ms.,Yung349,O'Reilly797,,,S,white,nonhispanic,F,Lexington  Massachusetts  US,331 Gutkowski Manor,Yarmouth,Massachusetts,Barnstable County,,41.651492912421894,-70.19121813582758,2686939.709,992194.7809999997
67fd071e-9566-4070-1b57-7d3323a9d1eb,1976-12-02,,999-98-4422,S99948346,X85398724X,Mr.,Salvador46,Ramón841,,,M,white,hispanic,M,Lima  Lima Province  PE,568 Barrows Gate Suite 35,Westminster,Massachusetts,Worcester County,,42.54149646019227,-71.92186807272962,1278557.6649999998,39858.765
05a7c68e-bac2-4ba4-590d-b8fe14d6f24d,2006-03-30,,999-34-1895,S99958410,X51365994X,Mr.,Wilfred787,Mueller846,,,,white,nonhispanic,M,Plainville  Massachusetts  US,196 Hammes Lane Unit 31,Worcester,Massachusetts,Worcester County,01608,42.23805475712172,-71.67846537178004,526107.0150000001,30754.934999999998
716d397c-5b47-119a-cc87-0df8a1a0eca4,2023-06-01,,999-24-7465,,,,Vida128,Schmeler639,,,,black,nonhispanic,F,Somerville  Massachusetts  US,254 McDermott Throughway Unit 51,Westfield,Massachusetts,Hampden County,01085,42.17594246464428,-72.77251261464654,39444.719999999994,0.0
bf12eec9-5080-52ae-9816-b374174385f2,1998-03-11,,999-63-6457,S99928659,X80274874X,Mrs.,Yolande652,Stracke611,,Spencer878,M,white,nonhispanic,F,Hadley  Massachusetts  US,424 Swift Extension,Williamsburg,Massachusetts,Hampshire County,,42.42219511121346,-72.74669998372454,426668.21199999994,399042.06799999997
b52fdd5f-b153-e985-778d-b0f4585d60cf,1939-04-08,,999-41-6821,S99924012,X16992737X,Mr.,Rolf983,Fritsch593,,,M,white,nonhispanic,M,Lynn  Massachusetts  US,702 Rice Street Apt 98,West Concord,Massachusetts,Middlesex County,,42.45531385187453,-71.40490261446664,2274512.6590000005,251169.601
3b1d78f9-3fb5-d309-3e0a-5882a95eb19c,1959-05-03,2006-07-17,999-16-2275,S99962843,X18691025X,Mr.,Zackary401,Christiansen251,,,M,white,nonhispanic,M,Northampton  Massachusetts  US,899 Shanahan Gardens Suite 2,Mashpee,Massachusetts,Barnstable County,,41.61486733336393,-70.52077782898782,1021645.0299999999,0.0
2abc6bb5-8b28-3100-6d7c-c1d56e4d4924,1989-08-31,,999-96-9950,S99913648,X47987069X,Mr.,Oliver401,Nikolaus26,,,M,white,nonhispanic,M,Newton  Massachusetts  US,706 Borer Loaf Unit 72,Waltham,Massachusetts,Middlesex County,02472,42.438306820097466,-71.2395334262055,899628.375,16692.585000000003
28c0d9a4-18d0-06c6-c9d9-813f78dcf861,2022-06-27,,999-68-4837,,,,Rodrigo242,Johnson679,,,,white,nonhispanic,M,Arlington  Massachusetts  US,459 McGlynn Estate Suite 84,Weymouth,Massachusetts,Norfolk County,02190,42.14657379867774,-70.95454310309097,108329.04000000001,206.21999999999997
d73e5341-b437-4750-d7f3-7586937be771,1984-09-07,,999-23-6177,S99971036,X62064797X,Mr.,Devin82,Effertz744,,,M,white,nonhispanic,M,Sudbury  Massachusetts  US,561 Marvin Dale Unit 17,Westborough,Massachusetts,Worcester County,,42.27469320348323,-71.5954605241735,1066388.1050000004,1265.2949999999998
34d11e4f-f39a-559c-fdfd-984737d20383,1937-10-12,1983-02-12,999-85-4144,S99982607,X4553658X,Mr.,Blaine377,Sipes176,,,S,white,nonhispanic,M,Worcester  Massachusetts  US,955 Kulas Passage,Malden,Massachusetts,Middlesex County,,42.42523420256672,-71.10723843424047,1193971.4425000001,11048.7375
8b738de8-4834-e10d-4d77-01ac78bbb0e0,2011-01-18,,999-70-7321,,,,Mindi87,Boyle917,,,,white,nonhispanic,F,Boston  Massachusetts  US,378 Schaden Fort,Amherst Center,Massachusetts,Hampshire County,,42.35656492529013,-72.5319383003998,384543.89499999996,219.73499999999993
3254cf99-ffac-825f-7556-cbbe38bea168,2010-01-27,,999-81-5242,S99924384,,,Jess275,MacGyver246,,,,white,nonhispanic,M,Boston  Massachusetts  US,746 Reilly Well,Brockton,Massachusetts,Plymouth County,02302,42.039820916456726,-70.98261787064914,36765.19300000001,6222.177
b08364cd-3e0f-7132-0c9e-221432f64148,2026-06-19,,999-13-1884,,,,Donnie175,Jacobi462,,,,white,nonhispanic,M,Quincy  Massachusetts  US,924 Dooley Junction Unit 9,Milford,Massachusetts,Worcester County,,42.20167191958068,-71.51688716228882,5094.09,0.0
78cf9207-118a-b22c-3a34-c4b941bd7c21,2019-07-20,,999-34-7487,,,,Creola518,Conroy74,,,,white,nonhispanic,F,Boston  Massachusetts  US,873 Reinger Dam Suite 81,Springfield,Massachusetts,Hampden County,01108,42.15057454318442,-72.48301547650335,155250.9,489.1499999999999
e0ab0a69-392a-3711-ea25-8429d7e4156c,1959-05-03,2009-04-12,999-36-2639,S99919511,X11664119X,Mr.,Zachary28,Swaniawski813,,,M,white,nonhispanic,M,Forestdale  Massachusetts  US,777 Nienow Key,Mashpee,Massachusetts,Barnstable County,,41.64822577813027,-70.51670940357458,321029.48000000004,0.0
eb922617-612b-6dae-8695-a6fe6fd27f28,1961-08-02,,999-45-5660,S99933587,X49982867X,Mrs.,Ophelia894,Cormier289,,White193,M,white,nonhispanic,F,Walpole  Massachusetts  US,711 Wiegand Passage,Middleborough Center,Massachusetts,Plymouth County,,41.85469201811592,-70.89593144368675,2081513.7770000002,907327.5029999998
836be147-8003-cfc7-2978-59516a5268cd,1956-12-25,,999-84-3074,S99915900,X19849546X,Ms.,Laurie826,Bernier607,,,S,white,nonhispanic,F,Revere  Massachusetts  US,357 Becker Street,Falmouth,Massachusetts,Barnstable County,,41.62240341050101,-70.6116612816138,3565530.1210000007,417654.7389999999
509b0b5c-6d83-51e7-27b6-239279ec4bd1,2001-06-18,,999-10-8063,S99947402,X62315227X,Mr.,Guy979,Schowalter414,,,,black,nonhispanic,M,Lynn  Massachusetts  US,195 Zieme Ramp Apt 47,Boston,Massachusetts,Suffolk County,02129,42.39694050215955,-70.95854890824313,89735.22,153049.17999999996
2e9c17d0-be20-ebac-16e4-5683106c77e6,2006-07-30,,999-13-1057,S99922067,,Mr.,Ernesto186,Cruickshank494,,,,black,nonhispanic,M,Brockton  Massachusetts  US,243 Considine Crossing Suite 3,Rockland,Massachusetts,Plymouth County,,42.12369027528769,-70.91779685525248,1307634.3675000002,2999.7225
ff407fda-9dec-10ef-b380-110456009d5e,2016-03-04,,999-31-7449,,,,Young120,Rowe323,,,,white,nonhispanic,M,Otis  Massachusetts  US,104 Hamill Estate,Lanesborough,Massachusetts,Berkshire County,,42.4862315165536,-73.24508240444177,260424.61500000002,5352.615
8d5983e4-39d4-2a40-7ede-f996ca03638e,1962-01-27,,999-27-1781,S99921845,X75049460X,Mrs.,Verline727,Romaguera67,,Davis923,M,white,nonhispanic,F,Haverhill  Massachusetts  US,223 Tillman Haven,Sterling,Massachusetts,Worcester County,,42.452885535742325,-71.73616692807828,1623668.8000000012,847.3799999999999
d9daca55-25a2-0309-922f-e5910c058f20,1959-12-13,,999-91-8383,S99973043,X56934333X,Mrs.,Brandie19,Koelpin146,,Von197,M,white,nonhispanic,F,Harwich  Massachusetts  US,490 Armstrong Vale Unit 20,Halifax,Massachusetts,Plymouth County,,41.99252006926682,-70.81676799893063,2810187.930999999,174733.27899999998
5c772770-a4b1-ea1f-ab05-e8c2d62d80bc,2022-06-24,,999-55-9345,,,,Courtney281,Blanda868,,,,white,nonhispanic,M,Weymouth  Massachusetts  US,110 Crist Brook,Quincy,Massachusetts,Norfolk County,02169,42.29020481694258,-71.03228046294501,101383.88,131.21999999999994
a188b410-3605-ca68-e7f0-774cc2d3d977,2013-02-21,,999-32-2181,,,,Levi940,Koch169,,,,white,nonhispanic,M,Athol  Massachusetts  US,229 Pouros Glen Suite 55,Waltham,Massachusetts,Middlesex County,02472,42.36786523999079,-71.23351303809358,413228.8500000001,11585.85
4422194c-3793-119b-13bd-ec07f83e7ba0,1959-05-03,,999-50-2247,S99949694,X64107427X,Mr.,Young120,Deckow585,,,M,white,nonhispanic,M,Randolph  Massachusetts  US,905 Kassulke Plaza Unit 61,Mashpee,Massachusetts,Barnstable County,,41.61071751344589,-70.49542908096961,252810.362,7815.928000000002
b4039d5a-61d2-95f1-d075-a0314de3ecb7,2001-09-02,,999-75-4782,S99947342,X14612211X,Mr.,Barney639,West559,,,,white,nonhispanic,M,Burlington  Massachusetts  US,131 Strosin Trafficway,Northampton,Massachusetts,Hampshire County,01060,42.36334651481923,-72.67295063303843,272382.34750000003,69.14249999999996
de12cdf2-d215-3a95-5e1c-53630c747868,1997-02-06,,999-28-7755,S99930317,X11329667X,Mrs.,Melda993,Ferry570,,Labadie908,M,white,nonhispanic,F,Boston  Massachusetts  US,843 Pacocha Club Apt 88,Sunderland,Massachusetts,Franklin County,,42.44737646067681,-72.49942434125931,852788.0049999999,1072.635
f12ece01-dab2-023a-4942-5712585023b2,1937-10-12,2021-08-10,999-28-2284,S99948082,X32653619X,Mr.,Josef103,Frami345,,,M,white,nonhispanic,M,Wilmington  Massachusetts  US,901 Stehr Passage,Malden,Massachusetts,Middlesex County,02155,42.45731656589522,-71.08472091553932,2115441.346,207629.79399999997
cfa84d6a-c546-8c9e-5ccc-a03c50b99813,1969-11-23,,999-14-5807,S99928281,X73897303X,Mr.,Willie882,Bogisich202,,,M,white,nonhispanic,M,Haverhill  Massachusetts  US,689 Witting Lane Suite 73,Leominster,Massachusetts,Worcester County,,42.57908370661296,-71.86382432562898,1301757.4449999994,1759.425
aacf6b36-7a0d-2219-496d-fe77f61781e5,1939-06-14,,999-37-5039,S99948953,X42399782X,Mr.,Carroll471,McKenzie376,,,M,white,nonhispanic,M,Yarmouth Port  Massachusetts  US,738 Bode Mill,Beverly,Massachusetts,Essex County,01915,42.560890742672875,-70.88124142166996,5195910.959,426518.251
d430069d-bf2e-d6f8-532c-e5b9ffe54675,1972-05-02,,999-88-2367,S99919760,X45373864X,Mrs.,Hae300,Kuvalis369,,Zemlak964,M,white,nonhispanic,F,South Duxbury  Massachusetts  US,379 Toy Alley Unit 3,Middleborough,Massachusetts,Plymouth County,,41.88575831726911,-70.868699303256,2087701.217,209989.71300000005
162c9fbc-9e7d-f547-2946-a7c3bea9f922,2014-10-17,,999-41-6120,,,,Makeda237,Brakus656,,,,asian,nonhispanic,F,Mumbai  Maharashtra  IN,577 Kunze Port Unit 26,Lunenburg,Massachusetts,Worcester County,01462,42.60075485940483,-71.71700083981229,301010.06,449.51999999999987
d1f2bc70-8943-2f8e-de14-37570489d1ee,2008-02-24,,999-58-8894,S99979758,,Mr.,Edmond919,Adams676,,,,white,nonhispanic,M,Boston  Massachusetts  US,1038 Langworth Run,Wellesley,Massachusetts,Norfolk County,02481,42.27606148852529,-71.22797392893261,38714.84249999999,9554.3875
12b0ba9d-f509-ab60-fc12-e1934217610a,2000-09-23,,999-78-2216,S99916675,X35726712X,Mr.,Francisco472,Goodwin327,,,,white,nonhispanic,M,Chelsea  Massachusetts  US,775 Fisher Key,Lowell,Massachusetts,Middlesex County,01854,42.668430592841005,-71.29217729386956,1281676.02,0.0
092e5e86-86d3-f5bb-a478-b6dc57dbc65c,1985-09-21,,999-56-9091,S99938152,X24532486X,Mr.,Toney527,Schmeler639,,,M,hawaiian,nonhispanic,M,Boston  Massachusetts  US,783 Rutherford Wall Apt 26,Saugus,Massachusetts,Essex County,01906,42.485581860303675,-71.03378747513213,101688.407,58866.123
7134b7be-c7bb-1883-6d52-a31c78103a73,2004-03-03,,999-53-5275,S99999348,X26846902X,Ms.,Verda448,Hodkiewicz467,,,,white,nonhispanic,F,Chicopee  Massachusetts  US,129 Lehner Throughway Suite 12,Fiskdale,Massachusetts,Worcester County,01518,42.12974775774151,-72.10787186954404,261489.22249999997,1191.1875
a2d1b090-06cc-cced-470c-5271706235c0,1969-01-12,,999-90-3098,S99939190,X49857558X,Mr.,Dario75,Gleason633,,,M,white,nonhispanic,M,Everett  Massachusetts  US,1036 Moore Skyway,Gloucester,Massachusetts,Essex County,,42.609164618530556,-70.67237171919193,1446411.4825000004,14320.687500000002
8de8448a-4233-c6ff-100b-a082d51031bc,2006-11-02,,999-45-7364,S99917929,,Ms.,Sheryll569,Renner328,,,,white,hispanic,F,Bridgewater  Massachusetts  US,259 D'Amore Parade Suite 40,Lawrence,Massachusetts,Essex County,01840,42.7214656212039,-71.19965741921163,499228.31999999995,4655.13
c346b73b-f10f-273c-1aa4-64b729f2417d,1985-07-02,,999-11-6093,S99929761,X75678476X,Mr.,Johnny786,Mohr916,,,M,white,nonhispanic,M,Arlington  Massachusetts  US,801 Schamberger Park Unit 83,Hampden,Massachusetts,Hampden County,,42.08251531269935,-72.3913908900311,1028168.2499999997,0.0
22936693-c019-eb01-09cd-b63aef745e22,2013-08-08,,999-11-9305,,,,Francis500,Bartoletti50,,,,white,hispanic,M,Montgomery  Massachusetts  US,376 Spencer Orchard,Boston,Massachusetts,Suffolk County,02119,42.37952760447248,-71.08740830681296,173139.57749999998,2815.9125000000004
d54a2567-8d37-d503-d4fe-779287c6adc3,1937-10-12,,999-36-2490,S99987603,X45737361X,Mr.,Sandy901,Larson43,,,M,white,nonhispanic,M,Chester  Massachusetts  US,322 Halvorson Ferry,Malden,Massachusetts,Middlesex County,,42.451367588204974,-71.09396749470997,2203193.2830000008,69404.26700000002
df2483b2-20eb-4497-61e5-01adf8bfb96f,1979-11-02,,999-98-9537,S99946006,X35135875X,Mr.,Byron202,Lebsack687,,,M,white,nonhispanic,M,Framingham  Massachusetts  US,935 Collier Burg,Raynham Center,Massachusetts,Bristol County,02768,41.93567112221645,-71.04920845950876,1132332.9399999997,515.1899999999998
97ff1dc2-131a-be30-428a-fb390d2b0f8b,1984-12-27,,999-24-9137,S99970147,X3854597X,Mr.,Matt836,Denesik803,,,M,white,nonhispanic,M,Beverly  Massachusetts  US,102 Anderson Lane Unit 6,Duxbury,Massachusetts,Plymouth County,,42.08349995871901,-70.6666485239282,1267355.6574999997,8507.542500000001
b4267f02-2758-b0bd-4291-ab90d2bc73b6,2026-02-14,,999-43-7809,,,,Floria545,Parker433,,,,white,nonhispanic,F,Randolph  Massachusetts  US,179 Zboncak Park,Northwest Harwich,Massachusetts,Barnstable County,,41.69890657119884,-70.14438113662173,17503.07,0.0
b39ea20b-c02f-1757-971f-56b830a97048,2023-12-15,,999-44-6217,,,,Camilla89,Windler79,,,,white,nonhispanic,F,Lowell  Massachusetts  US,979 Hickle Way,Lunenburg,Massachusetts,Worcester County,,42.55425750689586,-71.74064216948555,67531.98000000001,0.0
eada171e-e563-28c3-c0ed-6a765da66479,2001-10-27,,999-12-7113,S99976233,X9440220X,Mr.,Max124,Connelly992,,,,white,nonhispanic,M,Burlington  Massachusetts  US,210 MacGyver Boulevard,Worcester,Massachusetts,Worcester County,01602,42.24551808053289,-71.88863905309135,556499.6625000001,1854.1575
b4097b35-a3be-42a4-1f69-7d495338358f,1947-10-30,2015-10-01,999-35-2761,S99994178,X89400348X,Mr.,Brendon298,Jakubowski832,,,M,white,nonhispanic,M,Boston  Massachusetts  US,941 Corkery Club,Bourne,Massachusetts,Barnstable County,,41.710197319019784,-70.60349973905016,1792074.9564999992,71761.39349999999
ae038904-a2a1-571b-a830-013cb04c7612,2015-07-01,,999-94-4390,,,,Danny396,Haley279,,,,white,nonhispanic,M,Mashpee  Massachusetts  US,1059 Roberts Knoll Apt 58,Holliston,Massachusetts,Middlesex County,,42.207394382751595,-71.44248601083284,261540.97249999997,6242.6175
71ca49a2-1953-0b05-92b1-2861324b135e,1952-08-28,1983-05-07,999-68-2950,S99978906,X42979405X,Mr.,Michel472,Russel238,,,M,asian,nonhispanic,M,Shanghai  Shanghai Municipality  CN,670 Fay Rest,Chicopee,Massachusetts,Hampden County,,42.15402544653489,-72.58281472393905,763103.64,4640.429999999999
064f4536-67fa-cce1-25e4-f75d8a629f2b,1953-08-06,,999-96-4663,S99915696,X19589064X,Ms.,Effie9,Hirthe744,,,S,asian,nonhispanic,F,Shanghai  Shanghai Municipality  CN,406 Stanton Frontage road,Westford,Massachusetts,Middlesex County,,42.56056991837859,-71.43679527269103,2497711.7385000004,588227.4415
a5950567-44ed-8c95-6db9-b5466edb2783,1963-09-19,,999-74-7100,S99953657,X33670797X,Mrs.,Sabine292,Parker433,,Lindgren255,M,white,nonhispanic,F,Middleborough  Massachusetts  US,1026 Sanford Bay,Duxbury,Massachusetts,Plymouth County,,42.031769108996166,-70.68368632435748,2500567.29,103888.43
3675f401-968c-3f2c-4cc3-656a5dcf16c6,1947-10-30,1993-01-25,999-81-5272,S99916314,X67808493X,Mr.,Shawn523,McLaughlin530,,,M,white,nonhispanic,M,Winchester  Massachusetts  US,126 Murphy Corner,Bourne,Massachusetts,Barnstable County,,41.7537131847962,-70.6340327875032,1093662.04,1897.44
3ab138b9-c07e-c753-56b2-00f74725a97d,1986-04-21,,999-14-7270,S99948315,X60605032X,Ms.,Nicky270,Bergstrom287,,,S,white,nonhispanic,F,Plymouth  Massachusetts  US,198 Hayes Walk Apt 15,Everett,Massachusetts,Middlesex County,02149,42.41269458732442,-71.06213246645547,1635099.7725,331957.6675
ef3a65ba-2cd1-b624-cfbf-d9c7ca8527d8,1971-12-28,,999-49-9488,S99941864,X37260553X,Mr.,Quinton758,Rolfson709,,,S,white,nonhispanic,M,Plymouth  Massachusetts  US,401 Nicolas Vista,Brockton,Massachusetts,Plymouth County,02351,42.067322544834475,-71.04192723515295,142377.67799999999,67513.80199999998
295dc6a2-7167-ecfc-6814-a113a91ad1e3,1972-12-12,,999-26-9165,S99925048,X19634902X,Mr.,Dana512,Huel628,,,M,white,nonhispanic,M,Tyngsborough  Massachusetts  US,853 Doyle Lodge,Fall River,Massachusetts,Bristol County,02721,41.643125557919845,-71.04590494837663,986294.0940000002,95653.676
3fd5fbd1-8a26-6835-c1a9-f66f8c16cdd3,1957-02-25,,999-71-4321,S99944631,X35638814X,Mr.,Adolfo777,Wilderman619,,,M,white,nonhispanic,M,Lynn  Massachusetts  US,841 Nolan Trail,New Marlborough,Massachusetts,Berkshire County,,42.11921948993446,-73.20891012756074,1775185.5945000001,21690.255500000003
4835c63e-e68d-444e-9302-4ed73e351233,1979-07-14,1991-05-01,999-55-2403,,,,Van763,Farrell962,,,,asian,nonhispanic,M,Ipswich  Massachusetts  US,919 Rohan Rest,Dedham,Massachusetts,Norfolk County,,42.206656835121485,-71.2623662986801,308986.455,808.125
41148081-6726-9db5-96dc-4661edcdc0a5,2019-05-12,,999-80-6004,,,,Loria303,Stanton715,,,,white,nonhispanic,F,Somerville  Massachusetts  US,212 Pagac Vale,North Attleborough,Massachusetts,Bristol County,,41.95267195563668,-71.31037382917143,182897.98,0.0
c7a9c8a0-187d-a897-1541-c61d6ba12d4d,1972-08-06,,999-91-9563,S99986913,X18806168X,Mr.,Mason910,Hickle134,,,M,black,nonhispanic,M,North Andover  Massachusetts  US,135 Jaskolski Ranch Unit 35,Dracut,Massachusetts,Middlesex County,,42.71403249801881,-71.30289290992728,1352236.2024999997,5818.8675
cc0f7df6-7a4f-435c-fcfb-16b22381f26f,2005-05-28,,999-57-5954,S99921534,X71104513X,Ms.,Lakita48,Schamberger479,,,,white,nonhispanic,F,Boston  Massachusetts  US,730 Schinner Parade Apt 46,Hadley,Massachusetts,Hampshire County,,42.388773125410815,-72.52500721238087,619209.9750000001,330513.025
0bc27779-c0bf-2f39-b9ba-a7586a525f3f,1952-08-28,,999-33-1354,S99917669,X67583730X,Mr.,Erich201,Ward668,,,M,asian,nonhispanic,M,Shanghai  Shanghai Municipality  CN,348 Cummerata Rue,Chicopee,Massachusetts,Hampden County,01022,42.12607318787161,-72.5464066895961,1770487.8825,17496.597499999996
588bc13d-6617-f9e3-3a23-80b06b433e80,1996-09-15,,999-27-7291,S99939167,X45083150X,Mr.,Desmond566,Hartmann983,,,M,white,nonhispanic,M,Worcester  Massachusetts  US,645 Koepp Camp,Newburyport,Massachusetts,Essex County,,42.7893927034372,-70.91220692116931,859278.1124999998,3400.7475
f2a0884c-3ce9-0a24-2f41-bd5528390911,1979-07-14,,999-70-6234,S99997499,X84700828X,Mr.,Leonel449,Fisher429,,,M,asian,nonhispanic,M,Worcester  Massachusetts  US,731 Bechtelar Ramp Apt 16,Dedham,Massachusetts,Norfolk County,02090,42.261445445816726,-71.17350885628568,1199850.1824999999,2919.6674999999996
c91e4c27-2938-406a-a7c1-fb7442084b3f,2000-09-06,,999-15-6675,S99974373,X18192405X,Ms.,Celesta195,Ortiz186,,,,white,nonhispanic,F,Fitchburg  Massachusetts  US,744 Anderson Bypass,Great Barrington,Massachusetts,Berkshire County,,42.26667561992485,-73.36023357076115,717117.3060000001,127334.544
b62872ec-bbc4-4c63-a384-7b593ec754c9,2019-03-19,,999-79-5524,,,,Nadia817,Carter549,,,,white,nonhispanic,F,Brewster  Massachusetts  US,832 Bogan Esplanade Apt 16,Westford,Massachusetts,Middlesex County,,42.62943569012785,-71.42773393926755,181175.99250000002,5230.8375
0cf7418d-4328-7c8c-513b-62ef9b16d14a,1965-12-23,,999-47-2980,S99929411,X52744267X,Mrs.,Fairy757,Zemlak964,,Halvorson124,M,asian,nonhispanic,F,Ahmedabad  Gujarat  IN,755 Kirlin Vale Apt 29,Lexington,Massachusetts,Middlesex County,02421,42.42104141299087,-71.2692569019877,2053731.6099999994,115348.28999999998
ec1306b5-18d7-843d-b09c-afa5e305a26d,1995-05-16,,999-94-2986,S99991458,X56054320X,Mrs.,Leola603,Effertz744,,Balistreri607,M,white,nonhispanic,F,Boston  Massachusetts  US,855 Windler Extension,Holyoke,Massachusetts,Hampden County,01040,42.22125942785502,-72.61629899654442,1358175.7770000002,164007.163
7cc9cf83-295a-ffe3-5aa4-dcf0a4b4801c,1950-09-11,,999-83-6707,S99914175,X48643515X,Mrs.,Cayla360,Daniel959,,Heller342,M,white,nonhispanic,F,Malden  Massachusetts  US,668 Strosin Manor Suite 83,Cambridge,Massachusetts,Middlesex County,02139,42.39147964848925,-71.12358206368268,1800373.5304999999,363154.4995000001
9237cd07-20b1-d4eb-2e84-42a955282a9a,2002-06-12,,999-71-9842,S99960303,X15171968X,Mr.,Jarrett354,Casper496,,,,white,nonhispanic,M,Springfield  Massachusetts  US,318 Hand Wynd Unit 61,New Bedford,Massachusetts,Bristol County,02748,41.67534578020565,-70.90252607112338,602713.765,1792.6349999999998
0a84e197-6424-2efb-601c-7c3199d7541a,1974-05-23,,999-35-6956,S99942087,X72469041X,Mr.,Shannon293,Kertzmann286,,,M,white,nonhispanic,M,Attleboro  Massachusetts  US,693 Gutmann Landing Apt 60,Wareham,Massachusetts,Plymouth County,,41.73905145586966,-70.75170820055702,1262570.8150000004,9223.724999999999
426b5b48-d9bb-c6e2-b198-42a732e6d82f,1963-01-14,,999-52-2744,S99954383,X62195253X,Mrs.,Bell723,Yundt842,,Krajcik437,M,black,nonhispanic,F,Bellingham  Massachusetts  US,155 Kilback Overpass,Lawrence,Massachusetts,Essex County,01841,42.72957071703921,-71.1476718264575,611094.8074999999,863845.9725
350f9e5c-9f58-fb97-25ab-ce014663575a,1980-09-15,,999-16-6272,S99956233,X45357033X,Mrs.,Kymberly381,Huel628,,Mraz590,M,white,nonhispanic,F,Lynn  Massachusetts  US,132 Hintz Station,New Bedford,Massachusetts,Bristol County,02744,41.574369765986425,-70.96268128465225,1472459.5729999999,62599.16699999998
95e954d4-7935-e68a-7b55-82f0528121e3,2008-01-10,,999-61-7696,S99985918,,Mr.,Ricky354,Lockman863,,,,white,nonhispanic,M,Sterling  Massachusetts  US,705 Hartmann Flat,Southbridge,Massachusetts,Worcester County,01550,42.09644445768966,-72.03131123234643,447724.5700000001,206.21999999999997
cc5dfb30-057e-889c-2677-2e62004e186d,2003-11-20,,999-44-2093,S99914954,X22365303X,Mr.,Duncan491,Shanahan202,,,,black,nonhispanic,M,Wareham  Massachusetts  US,793 Medhurst Ferry Apt 68,Lowell,Massachusetts,Middlesex County,01850,42.60291560493775,-71.29028879465938,585875.9,305.9699999999999
6f94a159-570f-2153-2d62-9a57b84c4be4,2008-01-20,,999-25-8510,S99938549,,Ms.,Silvia880,Ponce361,,,,white,hispanic,F,Havana  Havana  CU,361 Sawayn Street Suite 71,Westfield,Massachusetts,Hampden County,01085,42.098825011383376,-72.78816958767801,630438.8849999999,164.47499999999988
e3c16b91-c289-14d5-aef9-eb36d73bcd4a,1947-10-30,2002-02-05,999-15-3723,S99935871,X57545757X,Mr.,Mark765,Rutherford999,,,M,white,nonhispanic,M,Rutland  Massachusetts  US,770 Murphy Byway,Bourne,Massachusetts,Barnstable County,,41.77005710648854,-70.58284053761376,2902503.3375,11627.3325
7857aade-7f2a-0ed8-57ba-ee1243b256a8,1973-09-06,,999-99-5290,S99931623,X30040389X,Mr.,Marco Antonio298,Carmona375,,,M,asian,hispanic,M,Puebla  Puebla  MX,687 Schneider Quay,Boston,Massachusetts,Suffolk County,02132,42.37048193040483,-71.06753062520166,1330930.5599999996,3686.49
31d90bb6-11b1-a9a6-2a06-15632e0a08c8,1975-05-20,,999-16-2679,S99915771,X76988002X,Mrs.,Tammi724,Lockman863,,Reinger292,M,asian,nonhispanic,F,Macau  Macao Special Administrative Region of the People's Republic of China  CN,270 Mertz Park Apt 16,Lowell,Massachusetts,Middlesex County,01850,42.68148230381865,-71.27264109927039,1641135.5960000001,1272.734
4a0ebf9b-c7a4-704d-e45d-588beaa1f730,1975-04-05,,999-48-8421,S99962012,X75684255X,Mrs.,Patrice780,Tromp100,,Wilderman619,M,white,nonhispanic,F,Wilmington  Massachusetts  US,987 Bins Mall Unit 94,Westborough,Massachusetts,Worcester County,01581,42.30326698153357,-71.62445428803727,2000387.2565000001,241843.26349999994
94315527-f2cb-e92f-a461-a6fb5ae12934,2001-09-04,,999-54-1939,S99931930,X13163296X,Ms.,Kandy733,Schmeler639,,,,white,nonhispanic,F,Peabody  Massachusetts  US,504 Carroll Ranch Suite 99,Palmer,Massachusetts,Hampden County,01095,42.15011424236764,-72.39626517445565,1250324.7974999999,1202.4524999999999
1db5fb25-c76e-35cc-f945-60cca61bb9f0,1993-12-03,,999-13-4108,S99979198,X34618858X,Mr.,Norberto865,Wisozk929,PhD,,M,white,nonhispanic,M,Plymouth  Massachusetts  US,458 Zieme Bay Suite 88,West Bridgewater,Massachusetts,Plymouth County,,42.00534017665423,-71.0309880395841,799384.9674999999,598.2224999999999
3488f446-0397-1f4c-9b4b-fa50c41a946f,1991-10-20,,999-14-8807,S99998215,X19825272X,Ms.,Adrienne302,O'Kon634,,,S,black,hispanic,F,Sagamore  Massachusetts  US,963 Wyman Spur Suite 10,North Attleborough,Massachusetts,Bristol County,,42.01472220027008,-71.29607691318473,1207672.9615,184893.38849999997
db44f3b8-142e-0913-e1e7-6a734db47941,1994-08-20,2003-04-10,999-11-8637,,,,Sofia418,Satterfield305,,,,white,nonhispanic,F,Hudson  Massachusetts  US,540 Emard Bypass,Salem,Massachusetts,Essex County,01907,42.53654597147219,-70.8693249368161,211431.45,0.0
011a55fe-fa5f-0c33-9b41-6cbd08f6d462,1961-09-02,,999-32-5619,S99944422,X47304381X,Mrs.,Sheri207,Thiel172,,Braun514,M,white,nonhispanic,F,Paris  Ile-de-France  FR,1014 Price Road Unit 77,Weymouth,Massachusetts,Norfolk County,,42.1683333906595,-70.99051653306486,2498352.7675,26097.6225
901a9f7e-c05e-a14e-4451-0bf6243e77f0,1996-03-07,,999-67-4115,S99988436,X18821473X,Mr.,Abram53,White193,,,M,white,nonhispanic,M,Brockton  Massachusetts  US,377 Rolfson Lodge Unit 74,Southbridge,Massachusetts,Worcester County,01550,42.10412941591869,-72.04280438492428,2308415.177500001,2129.7825000000003
9184ee80-685b-c14e-e175-b43206661163,1957-05-04,2017-12-17,999-93-1130,S99971661,X65602984X,Mrs.,Etsuko685,Heaney114,,McClure239,M,white,nonhispanic,F,Norwood  Massachusetts  US,966 Stanton View,Tyngsborough,Massachusetts,Middlesex County,,42.631770485624614,-71.41025151097925,1952817.1799999997,8584.56
05e04d99-f2c5-9003-64ce-a64bbb4fcf06,1969-07-10,,999-22-4579,S99995198,X42803479X,Mrs.,Aleisha941,Davis923,,Abbott774,M,white,nonhispanic,F,Boston  Massachusetts  US,914 Monahan Mission,Marlborough,Massachusetts,Middlesex County,,42.34306150625778,-71.59548792642168,318865.7140000001,1308003.966
54bc45a6-0d25-9b2d-0c6b-1bc79f3fe599,1994-08-20,,999-95-1610,S99972058,X45163740X,Mrs.,Azalee124,Collier206,,Larkin917,M,white,nonhispanic,F,Lynn  Massachusetts  US,290 Hyatt Rapid,Salem,Massachusetts,Essex County,,42.49316982635463,-70.87801800839719,1300973.2375000003,10537.4025
aac530d4-c933-5e4d-7b33-b635dacfd160,2004-08-26,,999-70-7141,S99923508,X54478445X,Ms.,Andrea7,Cerda549,,,,asian,hispanic,F,Guatemala City  Guatemala  GT,960 Connelly Loaf Suite 58,Boston,Massachusetts,Suffolk County,02109,42.32758874634692,-70.98155509846345,566936.745,17082.015
17adbb86-b1e4-302b-78f1-d55918a7bbc1,1947-10-30,,999-47-6819,S99912219,X56762434X,Mr.,Vince741,Botsford977,,,M,white,nonhispanic,M,Amherst  Massachusetts  US,927 Fritsch Green,Bourne,Massachusetts,Barnstable County,,41.682808921245766,-70.63059243758703,2648436.4374999995,137206.7925
b88d11be-252e-967f-231b-ffe65372acf7,1969-08-15,,999-71-7668,S99949985,X81185614X,Mr.,Jc393,Stokes453,,,M,white,nonhispanic,M,Fall River  Massachusetts  US,153 Koelpin Stravenue,Northbridge,Massachusetts,Worcester County,,42.10398280514765,-71.64124285556755,1394288.1500000001,0.0
cb3d56a9-9d72-9e2d-fd73-37c8e1538f71,1923-02-15,,999-39-8689,S99999849,X22415913X,Mrs.,Charmain607,Beahan375,,Legros616,M,white,nonhispanic,F,Boston  Massachusetts  US,503 Turner Annex Apt 30,Yarmouth,Massachusetts,Barnstable County,,41.66709706971214,-70.27354481714328,3217848.9425000004,901093.6474999996
b6fecb00-be3e-5319-b724-57408b8b1165,2006-08-13,,999-94-2069,S99946079,,Ms.,Dinorah501,Strosin214,,,,white,nonhispanic,F,Sudbury  Massachusetts  US,601 Effertz Forge,Templeton,Massachusetts,Worcester County,,42.577471090576935,-72.11353623183894,574558.6335,69977.8165
d25a4195-fc7e-df6f-2e93-84f2e34ce7b3,1944-02-21,,999-33-8719,S99926980,X26302902X,Mr.,Jerrell6,Fay398,,,M,white,nonhispanic,M,Woburn  Massachusetts  US,838 D'Amore Landing Suite 7,Boston,Massachusetts,Suffolk County,02131,42.315105772224676,-71.08811840697332,1.5775963914500007E7,291863.97549999994
30be0797-648f-1e15-cde1-c9c528e0d7f4,1962-04-29,,999-27-5733,S99991168,X73906992X,Mr.,Cary869,Cartwright189,,,M,white,nonhispanic,M,Somerset  Massachusetts  US,236 Kris Burg,Peabody,Massachusetts,Essex County,01960,42.56918110519982,-71.08090801861988,209454.81299999997,206811.44700000001
efbd863e-517b-05b8-a0dc-f8b171c9cc67,2001-02-07,,999-63-2841,S99950958,X28250384X,Mr.,Carol737,Shanahan202,,,,asian,nonhispanic,M,Beijing  Beijing Municipality  CN,280 Becker Throughway,Springfield,Massachusetts,Hampden County,01151,42.07837136034061,-72.59491532762331,849538.47,81557.13
20ea9b0d-8cb1-5203-17a4-d7f4d6fd4a05,1957-05-04,,999-29-4941,S99938962,X19342930X,Mrs.,Shandra823,Yundt842,,McKenzie376,M,white,nonhispanic,F,Sharon  Massachusetts  US,1036 Schinner Forge,Tyngsborough,Massachusetts,Middlesex County,,42.65425508219044,-71.39691526393212,2058450.2840000005,685366.2359999999
3e844671-af4f-d59c-a056-e56198ec7fcd,1992-03-25,,999-44-1326,S99991918,X6883396X,Mrs.,Dorathy429,Kutch271,,Gleason633,M,white,nonhispanic,F,Boston  Massachusetts  US,855 Adams Grove Unit 40,Lynn,Massachusetts,Essex County,01901,42.509535036490924,-70.98999933205037,1057314.01,92245.83
db0ca4b7-ae66-fe9c-95d3-e10ec966d984,1991-10-30,,999-97-4979,S99962518,X66226990X,Mr.,Ty725,Emmerich580,,,M,white,nonhispanic,M,Toulouse  Occitanie  FR,573 Fay Orchard Suite 17,Tewksbury,Massachusetts,Middlesex County,,42.615925311573285,-71.26855456754048,887445.2874999997,884.5124999999998
358a2bd7-7e79-e2b2-553f-1e1833fe0e8e,2019-05-17,,999-75-6278,,,,Milton509,Conroy74,,,,white,nonhispanic,M,Boston  Massachusetts  US,710 Abshire Passage Suite 78,Concord,Massachusetts,Middlesex County,,42.45486834422292,-71.39731458265744,109683.56999999998,0.0
204c33e1-2d49-efd5-5a3b-53bca27eb006,1996-10-24,1998-12-17,999-87-8591,,,,Quentin28,Kunde533,,,,white,nonhispanic,M,North Plymouth  Massachusetts  US,634 Runolfsson Junction,Swansea,Massachusetts,Bristol County,,41.8060431777343,-71.23679544826315,89945.83,0.0
314c8069-1393-dfb5-0d06-0b2c296a3840,2004-05-12,,999-86-4542,S99996630,X84527559X,Mr.,Dexter530,White193,,,,white,nonhispanic,M,Boston  Massachusetts  US,467 Schroeder Dam,Williamsburg,Massachusetts,Hampshire County,,42.40963136794012,-72.75262131369253,576557.0975,13383.712500000001
10bf568e-dbab-6d73-72cf-a9d3c1a5831b,2013-05-18,,999-38-3662,,,,Cristobal567,Pulido715,,,,black,hispanic,M,Santiago de los Caballeros  Santiago  DO,384 Pfannerstill Street Apt 61,Chicopee,Massachusetts,Hampden County,01013,42.18645155581089,-72.57679224114135,347057.38,0.0
b348abd2-6e7f-d77f-7b69-4622aa038965,2015-11-28,,999-57-7379,,,,Caitlin552,Moen819,,,,white,nonhispanic,F,Brockton  Massachusetts  US,628 Parisian Heights Unit 39,Yarmouth,Massachusetts,Barnstable County,,41.64564137178439,-70.23078399768484,263194.6975,515.8725
33169603-2c95-a9f6-e353-81be88310763,1996-02-10,,999-49-5069,S99996521,X76311989X,Mr.,Jessie665,Gutmann970,,,S,white,nonhispanic,M,Malden  Massachusetts  US,566 Waelchi Ranch,Milford,Massachusetts,Worcester County,01757,42.15147379558165,-71.54929414870767,762648.4974999999,344.72249999999997
a38abbcf-70de-5e37-91c0-bd587fff0a4b,2022-12-31,,999-20-5497,,,,Casey401,Schowalter414,,,,white,hispanic,M,Pittsfield  Massachusetts  US,974 Abbott Drive,Auburn,Massachusetts,Worcester County,,42.1730545713056,-71.8944391444752,91228.68999999999,226.5599999999999
fb912655-a53e-a0a6-5da1-e388bf95090e,1979-09-07,,999-38-7119,S99969050,X68282538X,Mr.,Nestor901,Morar593,,,M,white,nonhispanic,M,Dudley  Massachusetts  US,1032 Mertz Junction Unit 21,Somerville,Massachusetts,Middlesex County,,42.42997656879254,-71.10572664027089,1147818.5675000001,2156.7225
f76de742-7ab4-7a38-e178-57261b8c136b,1996-10-24,,999-48-7585,S99935824,X40072301X,Mr.,Paul232,Purdy2,,,M,white,nonhispanic,M,Boston  Massachusetts  US,817 Kozey Drive,Swansea,Massachusetts,Bristol County,,41.780687304114366,-71.25233652525199,739191.9774999998,1520.6324999999997
35e53937-784b-cae7-3c99-67c71b1e7e98,1992-04-11,,999-95-3422,S99997856,X70811132X,Mr.,Manual570,Jast432,,,M,white,nonhispanic,M,Boston  Massachusetts  US,631 McClure Drive Apt 49,Rockland,Massachusetts,Plymouth County,,42.14384251293526,-70.88519490120342,234116.87999999998,0.0
b8f525c6-f35b-f93c-50be-54ec8188d444,2000-03-07,,999-37-3577,S99968225,X72403096X,Mr.,Hai304,Cartwright189,,,,white,nonhispanic,M,Woburn  Massachusetts  US,848 Wyman Grove Suite 58,Brookline,Massachusetts,Norfolk County,02215,42.30270548270301,-71.07241567702029,646062.7625,808.5974999999997
644dcace-3297-cff0-66da-6c0fa6810756,2002-03-09,,999-37-9412,S99913734,X69368912X,Mr.,Roy364,Kris249,,,,white,nonhispanic,M,Stoneham  Massachusetts  US,435 Goodwin Highlands,Wilmington,Massachusetts,Middlesex County,,42.59240859996886,-71.17433951592058,705157.4249999998,7078.844999999999
d7e15803-fa43-81d2-7edd-79e167a1e72a,1935-12-06,2023-01-19,999-52-2364,S99911327,X61355946X,Mrs.,Arianne988,Stehr398,,Pacocha935,M,white,nonhispanic,F,Hull  Massachusetts  US,1089 Walker Trail,Boston,Massachusetts,Suffolk County,02127,42.399888717914884,-71.04033806721326,2915336.810999999,48755.219
ef1f2fb8-6262-5be4-b9ef-0c1153bfecce,2015-12-27,,999-96-6271,,,,Devorah937,Kunze215,,,,white,nonhispanic,F,Orleans  Massachusetts  US,652 Jacobs Crossroad,Somerville,Massachusetts,Middlesex County,02145,42.423044662561466,-71.11554231465708,268780.52,56.21999999999992
4673d5df-2771-c53e-fc1f-9651d5a0de12,2021-04-15,,999-78-1673,,,,Chang901,Gerhold939,,,,black,nonhispanic,M,Williamstown  Massachusetts  US,171 O'Connell Wynd Apt 16,Revere,Massachusetts,Suffolk County,,42.38362344698197,-70.97794849042161,139873.71,56.21999999999992
97e7c7cf-5555-71fa-d540-d393fdbf9305,1967-06-20,,999-64-1678,S99992287,X74759617X,Mr.,Rufus33,Bruen238,,,M,white,nonhispanic,M,Yarmouth  Massachusetts  US,415 Rogahn Wall Apt 40,Boston,Massachusetts,Suffolk County,02108,42.3505175875514,-71.10137927611376,203190.5645,126740.72549999999
b22db84b-af2a-9bc5-914f-d234ab51ac0c,1994-01-23,,999-73-5418,S99917649,X10583852X,Mrs.,Aurelia213,Kessler503,,McKenzie376,M,white,nonhispanic,F,Chelmsford  Massachusetts  US,1081 Gibson Throughway Unit 80,Weymouth,Massachusetts,Norfolk County,02191,42.244262732412864,-70.95094624489184,1038047.5004999997,76387.48950000001
72e7f905-0c13-82c8-12f6-d7092b25b178,1966-05-02,,999-35-6323,S99992473,X71580957X,Mr.,Florentino8,Ratke343,,,M,white,nonhispanic,M,Salem  Massachusetts  US,1078 Prohaska Meadow Suite 18,Worcester,Massachusetts,Worcester County,01603,42.279825510669546,-71.7734978140304,1561803.3200000003,4402.8
85ff2fd8-b06e-dc4b-9b41-ad16a2205e82,2021-03-13,,999-82-2832,,,,Shante445,Rodriguez71,,,,asian,nonhispanic,F,Ludlow  Massachusetts  US,673 Schmitt Neck,Hudson,Massachusetts,Middlesex County,01749,42.37805335124901,-71.5321977449543,125564.2975,851.1824999999999
e4e73466-377e-324a-1e52-15f144a88866,2016-03-14,,999-88-3273,,,,Crista774,Daniel959,,,,white,nonhispanic,F,West Bridgewater  Massachusetts  US,362 Stoltenberg Route,Lynn,Massachusetts,Essex County,,42.45993822747047,-70.93515382981433,242900.46999999997,0.0
6ea35157-9f94-5400-be93-32d30a5da05a,1979-10-17,,999-43-1156,S99964005,X61697407X,Mr.,Joaquín233,Perea353,,,M,black,hispanic,M,Panama City  Panama  PA,187 Kunze Fort Apt 73,Brockton,Massachusetts,Plymouth County,02301,42.122651522100846,-70.9303631087391,2008623.8024999995,737.0174999999999
db266ce9-1ec0-349e-6b32-35af52375a83,1965-06-13,,999-27-7139,S99943875,X62709183X,Mr.,Russel238,Ebert178,,,S,white,nonhispanic,M,Wakefield  Massachusetts  US,571 Mertz Mill,Beverly,Massachusetts,Essex County,,42.597438335912926,-70.89200512613908,1587616.3775000006,12981.082499999999
f24f4020-a71e-3f25-7928-4adee1ec88e6,1985-07-09,,999-84-4533,S99910474,X3963635X,Mrs.,Charlette938,Keebler762,,Herzog843,M,white,nonhispanic,F,Cohasset  Massachusetts  US,575 Quigley Crossroad,North Plymouth,Massachusetts,Plymouth County,,42.02428210067557,-70.66729529619627,858793.8744999997,333476.3055
5cfc7b04-990f-ca84-7599-e0e15babc647,1982-02-06,,999-87-8750,S99917267,X63613550X,Mr.,Dale454,Crona259,,,M,white,hispanic,M,Sudbury  Massachusetts  US,889 Rodriguez Row,Lynn,Massachusetts,Essex County,01905,42.43167644256123,-70.94362337548324,139749.68099999995,54903.939000000006
adbe9806-1d00-4c3d-0f06-9c952f8351ef,1975-01-14,,999-65-6776,S99916266,X25682678X,Mr.,Werner409,Rosenbaum794,,,M,white,nonhispanic,M,Brockton  Massachusetts  US,463 Wolff Manor Unit 4,Worcester,Massachusetts,Worcester County,01607,42.25823154904543,-71.84558493921135,1264790.0425000004,1094.1074999999996
b703140f-323e-cae0-5bbf-3243f988badc,1988-03-19,2023-08-16,999-55-3458,S99942253,X50115311X,Mr.,Howard613,Lesch175,,,M,black,nonhispanic,M,Milton  Massachusetts  US,520 Bergnaum Ramp,Boston,Massachusetts,Suffolk County,,42.353017479876215,-71.02023451236832,1886651.4275000002,63954.20250000001
8029278e-a2b6-b6b5-a9b1-11783b214d04,2001-04-12,,999-69-5461,S99918983,X25667568X,Ms.,Danica886,Windler79,,,,white,nonhispanic,F,Sandwich  Massachusetts  US,202 Ward Meadow,Stoneham,Massachusetts,Middlesex County,02180,42.42775313719811,-71.06954957116936,1061872.5765,819618.7034999998
8603ab04-b4e8-e6ec-f4d7-e541eb72727a,2024-08-19,,999-67-3140,,,,Elliot577,Reynolds644,,,,white,nonhispanic,M,Boston  Massachusetts  US,920 Bergstrom Wall,North Reading,Massachusetts,Middlesex County,,42.5406609270574,-71.0455050271788,52744.2,656.0099999999998
9dc1e093-31bf-55df-cd21-e746ffae313e,2019-10-31,,999-55-7031,,,,Adela471,Olson653,,,,white,nonhispanic,F,Lowell  Massachusetts  US,585 Kassulke Parade,Ashby,Massachusetts,Middlesex County,,42.634162929097634,-71.84101264167946,169759.93000000002,0.0
323120e5-a165-a684-c930-6fc894ad306c,1935-12-06,2024-04-11,999-27-3469,S99912139,X3581914X,Mrs.,Yadira684,Price929,,Mohr916,M,white,nonhispanic,F,Winchester  Massachusetts  US,859 Kuvalis Harbor,Boston,Massachusetts,Suffolk County,02152,42.39067166431892,-71.04963952347276,2541805.9380000005,679689.092
94ada5e2-33e0-d430-39a0-24c260532b3f,1988-03-19,,999-24-9418,S99933806,X66426421X,Mr.,Loren192,Morar593,,,M,black,nonhispanic,M,Boston  Massachusetts  US,747 Effertz Heights Unit 80,Boston,Massachusetts,Suffolk County,02118,42.33874763472568,-71.05349155101665,916366.085,917.0849999999998
75ee1dd9-768f-aa5d-1026-c63507a01712,1985-12-05,,999-57-7718,S99974124,X55103325X,Mr.,Royce974,Oberbrunner298,,,M,white,nonhispanic,M,Monson  Massachusetts  US,975 Harber Station,Somerville,Massachusetts,Middlesex County,02144,42.450749555588885,-71.08162641162467,997636.1524999996,12405.2775
0b1d013d-b539-b874-8196-84a9cfc3e735,1989-06-10,,999-24-9037,S99949431,X83775912X,Mrs.,Tynisha348,Upton904,,Hermann103,M,white,nonhispanic,F,Amherst  Massachusetts  US,229 Larkin Key,Quincy,Massachusetts,Norfolk County,02169,42.25043973336116,-71.04949863836238,152197.62050000005,609999.9495
fa3860af-2b78-8e34-72be-426f22a7ff69,1968-05-05,,999-48-9158,S99979936,X1029288X,Mrs.,Coral377,Blanda868,,Metz686,M,white,nonhispanic,F,Cambridge  Massachusetts  US,723 Sauer Station Unit 3,Boston,Massachusetts,Suffolk County,02131,42.330979005443346,-71.06411772265422,1786224.8425000005,1030.2075
de607cef-7d5d-8a63-235e-6a782cbe26b3,1969-12-31,,999-87-9953,S99982106,X57110297X,Mr.,Rolland302,Goldner995,,,M,white,nonhispanic,M,Salem  Massachusetts  US,116 Sauer Ranch Apt 14,Haverhill,Massachusetts,Essex County,,42.809935071609985,-71.05777337901937,1433775.0750000002,2715.9749999999995
03f09fd7-ae52-5474-9b09-af4151bbd338,1985-04-01,,999-78-5244,S99944809,X15984528X,Mr.,Geraldo282,Rodriguez71,,,M,white,nonhispanic,M,Barnstable  Massachusetts  US,774 Durgan Alley Unit 9,Randolph,Massachusetts,Norfolk County,02368,42.17132525433289,-71.04041002568093,1045776.2474999999,353.3924999999999
ed9bdbaf-e27d-86dc-25f5-f89d0ccfa914,2008-05-29,,999-82-5683,S99911283,,Ms.,Letha284,Sawayn19,,,,black,nonhispanic,F,Beverly  Massachusetts  US,930 O'Connell Bypass Unit 26,Stoneham,Massachusetts,Middlesex County,,42.42508014982949,-71.13461429485795,490118.41500000004,64285.695
b66ee02d-0635-320b-6702-fe8420edb774,1955-08-22,,999-55-8474,S99937563,X27128355X,Mrs.,Yessenia339,Gottlieb798,,Champlin946,M,white,nonhispanic,F,Wilmington  Massachusetts  US,432 Beatty Quay,Harwich,Massachusetts,Barnstable County,,41.72473276784706,-70.05806298216979,2714543.253999999,74260.896
f2336398-8362-867d-0e24-f9dc4ee87554,1957-06-23,,999-36-1721,S99992567,X56798936X,Mr.,Willard975,Konopelski743,,,M,asian,nonhispanic,M,Springfield  Massachusetts  US,932 Rempel Boulevard Suite 51,Haverhill,Massachusetts,Essex County,01830,42.81144904209619,-71.12564472368823,3386916.0525,80292.96750000001
4239153f-fac9-34c5-851f-6f0c41e60697,1968-04-06,,999-85-6106,S99993091,X69286751X,Mr.,Kermit56,Hoeger474,,,M,white,nonhispanic,M,Worcester  Massachusetts  US,894 Kemmer Forge,Walpole,Massachusetts,Norfolk County,02081,42.11916504974192,-71.31165617789199,1543836.4624999997,2828.6475
b9018f3a-0775-f592-7b45-a8e23b070044,1969-11-21,,999-88-2344,S99912579,X16252392X,Ms.,Shawana711,Kovacek682,,,S,asian,nonhispanic,F,Chicopee  Massachusetts  US,511 Murazik Mews,Boston,Massachusetts,Suffolk County,02114,42.29548007222954,-71.076276924321,1745818.1750000005,1122612.7550000001
55485684-538b-93db-5d5f-26ae0ae7ea1b,1956-12-06,,999-77-8002,S99913355,X43803145X,Mrs.,Robbie31,Bogisich202,,Barrows492,M,white,nonhispanic,F,Seekonk  Massachusetts  US,1083 O'Connell Stravenue,Longmeadow,Massachusetts,Hampden County,01106,42.023897713392444,-72.54416420144095,1965590.5055000004,253994.69449999995
0644aea6-8357-ca78-755a-70bec6104545,1979-07-20,,999-49-7902,S99941743,X21456301X,Ms.,Ai120,Beatty507,,,S,asian,hispanic,F,Sandwich  Massachusetts  US,635 Howell Gateway,Boston,Massachusetts,Suffolk County,02110,42.36873070504915,-71.13764914573447,187611.41250000003,789702.1775
8ae63953-d61b-6556-42e7-705bbba9bfd7,1949-09-17,,999-90-5710,S99985981,X70432185X,Mr.,Cordell41,Kovacek682,,,M,white,nonhispanic,M,Groveland  Massachusetts  US,965 Lebsack Rapid,Gloucester,Massachusetts,Essex County,01930,42.67065518881425,-70.67316984756079,1910596.0524999998,61530.287500000006
108c4aae-cecc-7d06-4464-cc056337c660,1967-11-20,,999-86-5652,S99966170,X41080179X,Ms.,Nelly786,Huels583,,,S,white,nonhispanic,F,Milford  Massachusetts  US,1099 Walker Boulevard Suite 35,Boston,Massachusetts,Suffolk County,02467,42.29658231351207,-71.05320364047158,2158717.8924999996,786988.0075000001
2505f994-d2a2-22eb-0241-003c05a691a1,1935-12-06,,999-98-4018,S99926379,X40500884X,Mrs.,Grace552,Welch179,,Brekke496,M,white,nonhispanic,F,Harwich  Massachusetts  US,868 Okuneva Glen Unit 76,Boston,Massachusetts,Suffolk County,02132,42.30907698858825,-71.15373496175899,2860141.5365,683748.3234999999
88f90e86-856b-cd19-13fb-66def4002253,1983-09-22,,999-28-6926,S99934664,X65113395X,Mr.,Rickie717,Purdy2,,,S,white,nonhispanic,M,Northbridge  Massachusetts  US,846 Bednar Wynd,Yarmouth,Massachusetts,Barnstable County,,41.66982944452897,-70.18535709827215,1124449.39,3484.68
fc0e7935-4445-b3d8-f641-7cde953db4b6,2023-04-06,,999-59-4244,,,,Min362,Hartmann983,,,,other,nonhispanic,F,Beverly  Massachusetts  US,184 Kunde Dam,Somerville,Massachusetts,Middlesex County,02145,42.381101220611875,-71.1509612740738,11217.664,17435.615999999998
3c0882a7-c71b-b9d1-108b-5681392e0fa8,2017-01-27,,999-81-9896,,,,Marna905,Hickle134,,,,white,nonhispanic,F,North Attleborough  Massachusetts  US,599 Schmidt Frontage road,Lincoln,Massachusetts,Middlesex County,,42.45997316329738,-71.27588994478971,227278.22,206.21999999999997
7b9eb438-b23e-709f-5b27-c7803b4578f0,1971-07-09,,999-30-5160,S99984718,X67082745X,Mrs.,Valorie864,Block661,,Stiedemann542,M,white,nonhispanic,F,Bedford  Massachusetts  US,203 Streich Pathway Apt 97,Brockton,Massachusetts,Plymouth County,,42.129825189036474,-70.98211479847637,1006517.205,157729.735
8567887d-64f3-2615-d9d8-ad6faa304596,1974-09-02,,999-96-3806,S99977077,X36503481X,Mrs.,Sybil495,Hermiston71,,Wunsch504,M,asian,nonhispanic,F,Tokyo  Tokyo  JP,1021 Beier Estate,Brookline,Massachusetts,Norfolk County,,42.38802956044494,-71.12212135492571,2670073.3000000007,717018.3600000001
d8b9f09d-4dd1-fb98-b5cb-fac72f839430,1972-10-21,,999-20-6549,S99971915,X15089230X,Mr.,Lorenzo669,Macejkovic424,,,M,white,nonhispanic,M,Maynard  Massachusetts  US,128 Fadel Neck,Palmer,Massachusetts,Hampden County,01069,42.18155603366617,-72.29470148124807,1338954.1400000004,15727.29
cf7043d1-cd03-5eb8-b8e0-d293f974c4fe,1978-10-20,,999-73-8872,S99956271,X32405540X,Mrs.,Maryland870,Baumbach677,,Kunde533,M,white,nonhispanic,F,Holyoke  Massachusetts  US,433 Boyer Heights,Falmouth,Massachusetts,Barnstable County,,41.603256238614954,-70.59572682468662,1549136.0955000003,305937.9545
d15e4531-722d-e98a-fd4a-a09b49ea177b,1981-02-02,,999-44-9244,S99953765,X77576213X,Mr.,Homer307,Kohler843,,,M,hawaiian,nonhispanic,M,Orange  Massachusetts  US,596 Pfannerstill Estate Suite 16,Holden,Massachusetts,Worcester County,,42.308761807782645,-71.88571233165433,1863213.9975,4962.802500000001
17e8e76a-c61a-6b84-0090-9af939ca7c1a,1975-08-10,,999-44-7565,S99998421,X76149051X,Mr.,Edwin773,Herman763,,,M,white,nonhispanic,M,Bourne  Massachusetts  US,922 Crist Branch,Ayer,Massachusetts,Middlesex County,01434,42.52823424206263,-71.58754053229626,2111119.172500001,20.137499999999932
301a05ce-f2bb-3423-0afd-022c4207b302,1993-11-08,,999-40-6331,S99950153,X80881290X,Ms.,Sanjuanita786,Quigley282,,,S,white,nonhispanic,F,Boston  Massachusetts  US,102 Beier Crossing Suite 3,Boston,Massachusetts,Suffolk County,02115,42.227092959894485,-71.05231390746383,1317675.7449999999,576909.7350000001
51c60d5c-cf5a-f67f-8f5a-95ac012c8da0,1974-09-27,,999-56-6829,S99969006,X63728594X,Mrs.,Dalene805,Rice937,,Wilkinson796,M,white,nonhispanic,F,Shrewsbury  Massachusetts  US,1024 Bahringer Bay Unit 79,Springfield,Massachusetts,Hampden County,01103,42.08034534992435,-72.46273346679719,2514108.8350000004,136371.72499999998
8e615c10-4d9d-d8a2-7706-ec9018c8dd57,1964-03-27,,999-20-1659,S99913981,X27813459X,Mrs.,Shelby741,Greenholt190,,Rodriguez71,M,white,nonhispanic,F,Fitchburg  Massachusetts  US,688 Jacobi Boulevard,Greenfield,Massachusetts,Franklin County,,42.57277701294049,-72.62319944151976,2170828.554,188867.26600000003
69fc4ec9-a5ea-4af6-893a-db6e21f0fcee,2016-02-09,,999-43-6124,,,,Ward668,Bechtelar572,,,,white,nonhispanic,M,Woburn  Massachusetts  US,805 Zulauf Burg,Franklin,Massachusetts,Norfolk County,02038,42.04181766413155,-71.37931104393587,258667.865,3354.375
b156e3a2-2174-c142-8ef0-eb836d9a9e50,2011-03-17,,999-74-8734,,,,Nedra260,Grady603,,,,hawaiian,nonhispanic,F,Rochester  Massachusetts  US,800 Legros Mews,Kingston,Massachusetts,Plymouth County,,42.03065688489869,-70.75788967047774,386416.74,2144.55
9fac6ed3-6bfe-4f72-7b96-e0add483a7c3,1980-07-18,,999-69-6023,S99927658,X38503424X,Ms.,Lael572,Price929,,,S,white,nonhispanic,F,Framingham  Massachusetts  US,916 Windler Throughway Suite 78,Ayer,Massachusetts,Middlesex County,01432,42.56077065845859,-71.59456999854638,2870711.9930000002,666349.467
68f414d1-58ab-22c7-5b6d-2b6708ee0761,2025-04-09,,999-78-5712,,,,Amie520,Ankunding277,,,,asian,nonhispanic,F,Boston  Massachusetts  US,906 Carroll Quay,Lexington,Massachusetts,Middlesex County,,42.45212044578087,-71.24558213294549,46440.82000000001,44127.18
45c0c0b0-5120-6b74-c73d-0fe255c89811,1982-12-15,,999-43-4649,S99932375,X23774013X,Mrs.,Lynne528,Vandervort697,,Volkman526,M,white,nonhispanic,F,Newton  Massachusetts  US,515 Gutkowski Glen,Wellesley,Massachusetts,Norfolk County,02492,42.27983599955365,-71.24775820342198,1298974.5760000001,51491.63399999999
74cd4f9b-8697-0b91-fbb3-3d1454b251ee,1977-10-05,,999-59-9823,S99966022,X517959X,Mrs.,Kay203,Bahringer146,,Ondricka197,M,white,nonhispanic,F,St Petersburg  St Petersburg  RU,385 Torphy Skyway Apt 56,East Longmeadow,Massachusetts,Hampden County,,42.10506348495148,-72.54674325506947,3035154.868,522575.232
5a138d80-f077-db70-25b5-d5e828ecf585,1965-08-03,,999-44-6760,S99996001,X67500606X,Ms.,Ebonie344,Quitzon246,,,S,asian,nonhispanic,F,Ahmedabad  Gujarat  IN,310 Stracke Rapid,Bedford,Massachusetts,Middlesex County,01730,42.54750326366089,-71.25282070107794,1810420.2459999996,586621.304
c7bc9244-c8c8-7efb-1feb-4e9c32e30b93,1992-05-27,,999-39-2364,S99997042,X26389661X,Mrs.,Francesca650,Haag279,,Stark857,M,native,nonhispanic,F,Fairhaven  Massachusetts  US,138 Renner Promenade,Boston,Massachusetts,Suffolk County,02136,42.30085303612062,-71.08687614031989,1101175.3845000002,127844.5855
1cd69de8-7df7-8967-88e9-bc0863c11ab7,1969-03-29,2020-11-04,999-61-6763,S99916640,X8732546X,Mr.,Kurtis994,Bernier607,,,M,asian,hispanic,M,Pembroke  Massachusetts  US,251 Kling Road,Lynn,Massachusetts,Essex County,01907,42.470331616795306,-70.90322633786529,1464350.3899999997,47024.55000000001
c988dd59-451a-819a-ef7c-de17120b8ea8,1974-04-01,,999-90-2225,S99992364,X27840504X,Mrs.,Chantal971,Koelpin146,,Osinski784,M,black,nonhispanic,F,Mansfield Center  Massachusetts  US,446 Schinner Stravenue Suite 27,New Bedford,Massachusetts,Bristol County,02740,41.68152242987069,-71.01711298431812,262548.74100000004,1029697.2289999998
a71d5669-ac1e-26b1-de54-c26a5b723830,2017-07-02,,999-71-2299,,,,Bella510,Schneider199,,,,white,nonhispanic,F,Needham  Massachusetts  US,1013 Zboncak Mill,Methuen,Massachusetts,Essex County,01841,42.72419011490558,-71.17511769630049,232918.33,0.0
85f6db36-5261-5a77-6763-3bbc96ca10c8,1976-10-05,,999-54-6872,S99980402,X83383589X,Mr.,Rickey821,Stiedemann542,,,M,white,nonhispanic,M,Chelsea  Massachusetts  US,475 Kerluke Rue,Lunenburg,Massachusetts,Worcester County,01462,42.55232903554335,-71.7569848029592,1180172.2925,4223.4675
deeb057c-2051-cbc8-2401-833d8b7742c0,2005-12-29,,999-40-3990,S99924821,X25380753X,Mr.,Matthew562,Raynor401,,,,white,nonhispanic,M,Andover  Massachusetts  US,836 Pacocha Haven Suite 5,Worcester,Massachusetts,Worcester County,01583,42.229614099016665,-71.87480577233758,66363.53050000001,53457.0795
0f76dce7-63b5-ae60-0f1a-882f25404503,1993-08-13,,999-33-7942,S99925447,X19181425X,Mr.,Al123,Skiles927,,,M,white,nonhispanic,M,Bedford  Massachusetts  US,751 Shields Tunnel Unit 27,Revere,Massachusetts,Suffolk County,02151,42.390188144975184,-70.95818623447099,847577.81,2389.7099999999996
b73930b3-ec51-d82b-93ef-9b9aa6192ded,1973-07-31,,999-83-3778,S99994916,X88687440X,Ms.,Phoebe31,Johnston597,,,S,black,nonhispanic,F,Concord  Massachusetts  US,114 Legros Rapid,Boston,Massachusetts,Suffolk County,02134,42.3595613502715,-71.1082417694144,2110354.304,269186.31599999993
ef059277-bcc5-d2ff-558b-6a709cdf5084,2026-07-20,,999-71-9129,,,,Shaquita282,Effertz744,,,,white,nonhispanic,F,Chelmsford  Massachusetts  US,1009 Jacobson Terrace Suite 24,Holden,Massachusetts,Worcester County,,42.31082753940503,-71.85302294484197,2169.68,0.0
944a81ae-00e3-8cda-174a-0927ddfc223b,1981-10-15,,999-76-3990,S99945422,X63419366X,Mr.,Bob965,McCullough561,,,M,white,nonhispanic,M,Lunenburg  Massachusetts  US,163 O'Connell Ferry Suite 80,Holden,Massachusetts,Worcester County,,42.33576268858299,-71.87988780965132,1118643.7650000001,5765.055
91ac2001-4a77-ec40-5b56-7965c2634f24,1969-03-29,,999-91-7021,S99966048,X1432286X,Mr.,Laverne101,Leffler128,,,M,asian,hispanic,M,Plymouth  Massachusetts  US,898 Pagac Street Apt 81,Lynn,Massachusetts,Essex County,01907,42.44069751884325,-70.91668470403569,1385817.1450000003,6821.985
0fa20b14-d853-44e7-ef19-15ec686b9d68,2000-09-11,,999-57-1249,S99970148,X70993040X,Ms.,Miyoko154,Becker968,,,,white,nonhispanic,F,Newton  Massachusetts  US,696 Aufderhar Light Apt 7,Springfield,Massachusetts,Hampden County,01107,42.15015635741126,-72.56673508826584,520734.0980000001,529913.932
c16e572e-28df-a1b6-bd6a-6203942134e2,2018-08-02,,999-83-9629,,,,Doug189,Hagenes547,,,,black,nonhispanic,M,Marseille  Provence-Alpes-Cote d'Azur  FR,558 Cummings Forge Suite 63,Methuen,Massachusetts,Essex County,,42.759717622826415,-71.20848834478491,192599.23500000002,774.7049999999998
fa324df2-9b5f-dd82-2dea-3c9eb541be58,1990-07-09,,999-52-3191,S99927828,X45016001X,Mr.,Jarvis643,Gleichner915,,,M,white,nonhispanic,M,Boston  Massachusetts  US,427 Farrell Byway,Turners Falls,Massachusetts,Franklin County,01376,42.63570492528099,-72.50993664478534,1324724.4100000001,273147.08999999997
611f0f99-6615-37e4-d825-0be568611250,1976-02-09,,999-52-9155,S99970067,X72410804X,Mr.,Jude172,Larson43,,,S,white,hispanic,M,Quincy  Massachusetts  US,354 Walsh Plaza Apt 65,Blackstone,Massachusetts,Worcester County,,42.010084281788004,-71.51057286286056,1320154.4674999998,4730.8125
c16f58db-1926-353b-d44e-1803e52a4775,1942-02-28,2005-08-15,999-91-1279,S99968942,X65204743X,Mr.,Hugh686,Schmidt332,,,M,white,nonhispanic,M,Great Barrington  Massachusetts  US,832 Block Overpass Suite 84,Peabody,Massachusetts,Essex County,01940,42.58361150613646,-71.08479582200091,1665325.2550000004,9949.125
7cdbd92e-b471-b2dc-ce9e-50efa5a0e5cf,1966-07-08,2002-09-30,999-28-3638,S99981317,X40306744X,Mrs.,Lorean637,Morar593,,Dickens475,M,white,nonhispanic,F,Brookline  Massachusetts  US,737 Vandervort Throughway Suite 57,Somerville,Massachusetts,Middlesex County,,42.37786839008671,-71.09493306088198,2143074.9575000005,24995.0625
878075af-cd69-b572-2a9e-0a08e7369f47,1974-03-09,,999-28-8030,S99931883,X7844397X,Mrs.,Guillermina633,Miramontes145,,Malave728,M,white,hispanic,F,Marigot  Saint Andrew Parish  DM,978 Hauck Avenue Suite 10,Worcester,Massachusetts,Worcester County,01610,42.32322028303719,-71.82878218345266,2741736.2039999994,173523.18600000002
6d9c0fe3-7410-bfdb-5f7e-de35ece447eb,1968-01-26,,999-62-2263,S99940499,X43665662X,Mrs.,Shirlee202,Rempel203,,Gutkowski940,M,white,nonhispanic,F,Townsend  Massachusetts  US,524 Kuhic Fort,Fall River,Massachusetts,Bristol County,02790,41.7337205753783,-71.11417316738557,1777281.9975000008,17644.7025
391e0218-bddb-0bbb-ac19-8e6706ea5d87,1957-12-10,,999-44-4749,S99974616,X80266697X,Mr.,Olin642,Grant908,,,S,white,nonhispanic,M,St Petersburg  St Petersburg  RU,775 Kulas Bridge Unit 32,Framingham,Massachusetts,Middlesex County,01702,42.261557776004345,-71.40800220040727,1849091.6619999998,58103.208
137bd686-fc98-a64b-6833-b0a51056fb16,2001-05-16,,999-17-9611,S99983658,X23734025X,Mr.,Alphonse92,Rath779,,,,white,nonhispanic,M,Worcester  Massachusetts  US,890 Johnston Walk,Billerica,Massachusetts,Middlesex County,,42.51297715075738,-71.29099299095964,728774.5399999999,4484.37
be1a0262-e546-9887-187a-564d575c71e5,1942-02-28,1999-01-16,999-51-2514,S99958257,X14175694X,Mr.,Delbert384,Raynor401,,,M,white,nonhispanic,M,Wellesley  Massachusetts  US,145 VonRueden Divide,Peabody,Massachusetts,Essex County,01940,42.502557685256825,-71.0283747192892,1490079.18,1013.3399999999998
35eb9957-b754-2d05-a0e3-2097d0f93a96,1968-07-16,,999-83-1927,S99969430,X2670513X,Mr.,Johnie961,Hoeger474,,,M,white,nonhispanic,M,Peabody  Massachusetts  US,125 Hickle Harbor Unit 28,Stoughton,Massachusetts,Norfolk County,,42.080209885992076,-71.08943540132545,1489358.1175000004,29806.1325
999ac2ff-14e8-35d1-ab63-ac6cb4d066e0,1984-09-18,,999-47-1484,S99911958,X29377366X,Mr.,Clemente531,Grant908,,,M,white,nonhispanic,M,Falmouth  Massachusetts  US,581 Murazik Course,Dartmouth,Massachusetts,Bristol County,,41.550620412485216,-70.97323957688546,1081716.0675000001,3882.7725
ba2252bc-db46-31aa-61b0-bdc04588e6e7,1966-07-08,,999-60-1465,S99961754,X40732921X,Mrs.,Asuncion264,Kozey370,,Bernier607,M,white,nonhispanic,F,Hadley  Massachusetts  US,224 Gerhold Route,Somerville,Massachusetts,Middlesex County,02140,42.41574785558096,-71.05816566413678,1555786.8525000007,8525.557499999999
48cb806c-9360-65e3-7368-851c1815d5cf,1972-03-19,,999-11-2578,S99949957,X12881348X,Mr.,Bernie827,Blanda868,,,M,white,nonhispanic,M,Framingham  Massachusetts  US,843 Johnson Rapid,Boston,Massachusetts,Suffolk County,02127,42.373415190986044,-71.10850987461977,1322495.9150000005,734.2349999999999
021a91ab-dac9-b3f9-7573-02edec1cea7b,2016-09-13,,999-11-5713,,,,Janay119,Spinka232,,,,white,nonhispanic,F,Plymouth  Massachusetts  US,307 Shanahan Lodge Suite 19,New Bedford,Massachusetts,Bristol County,02748,41.68059727564619,-70.93142542507066,249751.08999999997,383.67
16b74f68-5d23-db4d-8ff8-a7b050ad944e,1999-07-15,,999-51-1319,S99989982,X64107X,Mr.,Darrell400,DuBuque211,,,M,white,nonhispanic,M,Palmer  Massachusetts  US,796 Littel Green,Hanover,Massachusetts,Plymouth County,,42.156133994520175,-70.85750942684432,1458832.955,2767.0949999999993
092b97ef-ea31-f9f5-6937-4b23210c82e5,1945-01-29,,999-19-9119,S99933315,X16622541X,Ms.,Charla27,Koch169,,,S,white,nonhispanic,F,Somerville  Massachusetts  US,728 Greenfelder Village Unit 83,East Douglas,Massachusetts,Worcester County,01516,42.05596912837792,-71.75134329022185,2446363.1095000007,424926.4005
0a35f953-6c55-d49a-3fbc-a077873041ed,1997-08-07,,999-73-1514,S99972186,X50540009X,Mrs.,Jada948,Boehm581,,Mayert710,M,black,nonhispanic,F,Easton  Massachusetts  US,1061 Ratke Branch,Maynard,Massachusetts,Middlesex County,01754,42.43826128122113,-71.46257363076327,1589048.4199999997,0.0
6103c923-9e75-f066-54ca-876ffbcc62f4,1970-02-11,2023-04-23,999-96-7635,S99949868,X72064760X,Ms.,Jackie93,Johns824,,,S,white,nonhispanic,F,Mattapoisett Center  Massachusetts  US,432 Spencer Forge Unit 7,Watertown,Massachusetts,Middlesex County,02472,42.417083360076845,-71.15526370371029,1749536.6174999997,482949.7924999999
947f290b-daa3-9f3b-726e-130dda83726c,2017-06-27,,999-27-5500,,,,Wilhemina814,Monahan736,,,,white,nonhispanic,F,Fall River  Massachusetts  US,164 Littel Alley Apt 93,Waltham,Massachusetts,Middlesex County,02451,42.3751882871682,-71.24412931073459,221824.30999999997,0.0
129535fb-c7a7-6fc9-5f10-c42fa4d11d23,1977-09-16,2020-02-21,999-69-5919,S99993233,X78081879X,Mrs.,Fay398,Schoen8,,Goldner995,M,white,nonhispanic,F,Billerica  Massachusetts  US,890 Johnston Brook,Marlborough,Massachusetts,Middlesex County,,42.31239411435958,-71.5749290192643,2293687.8670000006,802348.1130000001
65dc9675-f17c-7329-cf19-7451f3e2fdbb,1980-11-10,,999-90-1342,S99995869,X45807066X,Mr.,Jarod376,Kautzer186,,,M,white,nonhispanic,M,Boston  Massachusetts  US,358 Gusikowski Branch,Springfield,Massachusetts,Hampden County,01119,42.11544969638926,-72.5041183580655,144864.47250000003,72854.97750000001
cf9ea297-5661-0389-e144-dffc511f9dcc,2003-09-05,,999-69-1458,S99920476,X55742836X,Ms.,Lahoma872,Roob72,,,,white,hispanic,F,Waltham  Massachusetts  US,628 Lebsack Crossroad Apt 23,Lowell,Massachusetts,Middlesex County,01851,42.677362973682534,-71.34495477828531,608238.295,81274.82500000001
77769043-8a3c-96dd-405a-945f6035cc81,2024-05-24,,999-63-7601,,,,Olimpia983,D'Amore443,,,,asian,nonhispanic,F,Ho Chi Minh City  Gia Định  VN,335 King Parade Apt 90,Boston,Massachusetts,Suffolk County,02199,42.3624017580442,-71.05349749327222,7279.543000000001,6641.316999999999
c5292473-15e6-f87c-4f9f-44e3806b0a12,1982-03-10,,999-98-7171,S99951345,X70705154X,Mr.,Newton741,Fahey393,,,M,black,nonhispanic,M,Westfield  Massachusetts  US,435 Stehr Arcade Unit 78,Holyoke,Massachusetts,Hampden County,,42.18863708846132,-72.60698238098804,315406.705,13082.544999999998
91a96383-f013-2321-881a-46d08e04dcd7,1962-10-04,,999-43-9852,S99970581,X23127153X,Mrs.,Beaulah36,Hickle134,,Raynor401,M,white,nonhispanic,F,Marlborough  Massachusetts  US,238 Bartoletti Bay Unit 20,Weymouth,Massachusetts,Norfolk County,,42.21208021558877,-71.00185307879961,2646703.562500001,778.1775
8210fbf4-2dc9-3ceb-7c39-5911f5d4936b,1942-02-28,2018-08-25,999-58-3538,S99980617,X10230766X,Mr.,Wallace647,Leannon79,,,S,white,nonhispanic,M,Boston  Massachusetts  US,355 Gislason Heights,Peabody,Massachusetts,Essex County,01940,42.5254191198977,-70.9287692599682,2097037.2150000005,843165.3450000001
f357fd49-db0c-3601-7832-03aaa8b87a76,2008-05-20,,999-45-1892,S99945087,,Mr.,Tom274,Schoen8,,,,white,hispanic,M,Springfield  Massachusetts  US,564 Ebert Approach,Boston,Massachusetts,Suffolk County,02135,42.37977158742203,-71.08529012635445,57272.8655,22854.4445
649f9d74-f4cf-6ef7-c250-5b91d8f037fd,1970-02-11,,999-32-1916,S99997152,X64366761X,Mrs.,Bernardine460,Rolfson709,,Nolan344,M,white,nonhispanic,F,Newton  Massachusetts  US,231 Olson Fork,Watertown,Massachusetts,Middlesex County,02472,42.38833984098098,-71.13484117667318,1476090.8670000003,414102.8230000001
bce3f08f-263d-9abd-6a76-af5e3d549f0a,1957-07-27,,999-64-2777,S99977357,X69041703X,Mrs.,Sau887,Bednar518,,Baumbach677,M,white,nonhispanic,F,Attleboro  Massachusetts  US,822 Ritchie Bay,Andover,Massachusetts,Essex County,,42.63600163830165,-71.18679005105818,1992137.5005000005,380879.6794999999
dc9a2f15-2b84-4e39-989f-6e311e6acf79,2009-02-15,,999-47-2750,S99965860,,,Duane703,Reichert620,,,,white,nonhispanic,M,Brookline  Massachusetts  US,757 Hirthe Fort Suite 91,Belmont,Massachusetts,Middlesex County,02478,42.4044952099484,-71.14079742742929,1328532.4075,3874.7924999999987
ac73a5bc-88ca-733d-1312-9e751398120e,2005-08-04,,999-89-1548,S99917808,X26291379X,Mr.,Joesph309,Robel940,,,,other,nonhispanic,M,Andover  Massachusetts  US,416 Luettgen Highlands Suite 75,Methuen,Massachusetts,Essex County,01841,42.67603232644421,-71.16164523189092,1433629.6450000003,221.7149999999999
aa13e3fe-39f4-ec06-068b-906ddeee1099,1993-08-15,,999-33-8865,S99923084,X25656603X,Mrs.,Kay203,Corwin846,,Runte676,M,white,nonhispanic,F,Weymouth  Massachusetts  US,375 Walker Ranch,Cambridge,Massachusetts,Middlesex County,02142,42.32470609259806,-71.08009421181642,1267072.4400000002,25454.999999999993
b9035d3a-0d06-a46d-2d4c-5f9ad88a8a4c,1977-09-16,,999-14-2271,S99955155,X78221594X,Mrs.,Shona685,Hilll811,,Reinger292,M,white,nonhispanic,F,Abington  Massachusetts  US,807 Wiegand Route,Marlborough,Massachusetts,Middlesex County,01752,42.3966717013225,-71.52671670471621,2120064.1415000004,645065.3485
d511a01c-95dc-4a3e-12f4-17b60248d92e,1998-05-09,,999-25-8070,S99946269,X20620012X,Ms.,Claretha922,Zboncak558,,,S,white,nonhispanic,F,Melrose  Massachusetts  US,178 Keebler Burg,Plainville,Massachusetts,Norfolk County,,42.033558656593,-71.2998745088007,772711.3955,103308.21449999999
2235c1d9-d0f3-bf88-f7a8-8784796b2f8b,1985-03-01,,999-71-6683,S99949082,X45403093X,Mrs.,Jayna69,Becker968,,Williamson769,M,asian,nonhispanic,F,Cambridge  Massachusetts  US,707 Zemlak Burg,Lowell,Massachusetts,Middlesex County,01851,42.620831062403695,-71.27434020774342,924646.4064999999,402226.5135
e3bc48b1-aa83-6707-1638-c2d73fcaf6e5,1998-07-11,,999-98-6414,S99994165,X32414396X,Mrs.,Dot905,Schowalter414,,Dooley940,M,white,nonhispanic,F,Northfield  Massachusetts  US,445 Blanda Highlands Unit 5,Groveland,Massachusetts,Essex County,,42.79892080803241,-70.97866859172588,1134244.6735,140952.95649999997
4db0791c-48ed-a962-a70e-8e197ff55d23,1942-02-28,2005-04-05,999-73-2832,S99941119,X59628481X,Mr.,Jonas187,Schuppe920,,,M,white,nonhispanic,M,Saugus  Massachusetts  US,1090 Rempel Walk Suite 87,Peabody,Massachusetts,Essex County,,42.55813760068213,-70.97516406911508,1560183.842500001,449.64749999999987
2ed7a1f3-3008-8770-325b-c672e141e2a9,1986-03-19,,999-14-5282,S99924735,X61507105X,Mr.,Darrick836,Turner526,,,M,native,nonhispanic,M,Boston  Massachusetts  US,988 Shanahan Spur Suite 60,Fall River,Massachusetts,Bristol County,02747,41.64130017250076,-71.0154355881464,1004077.4099999999,2819.91
be305cc5-f6fe-1567-e9c8-4186536b0691,1989-03-30,,999-75-5595,S99933874,X40254867X,Mr.,Tobias236,Mertz280,,,M,asian,nonhispanic,M,Haiphong  Kiến An  VN,490 Hills Gate Suite 94,Worcester,Massachusetts,Worcester County,01608,42.29681229462192,-71.74299056571034,120005.51799999998,99664.84199999998
42efd938-6573-acf6-6f37-d366263dba64,1961-08-06,,999-87-3388,S99946272,X85731425X,Mrs.,Kyoko885,Durgan499,,Walsh511,M,white,nonhispanic,F,Plymouth  Massachusetts  US,862 Hansen Parade Unit 57,Quincy,Massachusetts,Norfolk County,02186,42.254664282893,-71.00374883922586,2149665.9570000004,308093.7029999999
4a902110-a3ec-5d89-28e7-8901b35fff50,1995-04-25,,999-18-6400,S99966122,X1957840X,Mr.,Freeman822,Cummings51,,,M,white,nonhispanic,M,Springfield  Massachusetts  US,887 Champlin Viaduct,Taunton,Massachusetts,Bristol County,,41.9015573524709,-71.0937335466743,771703.3849999999,192.0149999999999
28e0750d-9416-2d2a-e55f-b8348210f3b5,1943-01-02,,999-82-3348,S99928924,X85748930X,Ms.,Sophia44,Connelly992,,,S,white,hispanic,F,Cambridge  Massachusetts  US,492 Ondricka Brook Suite 53,Springfield,Massachusetts,Hampden County,01105,42.16448468345342,-72.51933740294835,1945566.1100000003,308261.95
220ab194-6292-56b0-b587-d00ba1f27211,1991-09-29,,999-14-5827,S99916848,X21434881X,Mr.,Dewayne363,Blick895,,,S,white,nonhispanic,M,Plymouth  Massachusetts  US,579 Dibbert Esplanade,Waltham,Massachusetts,Middlesex County,02453,42.44226678308075,-71.27010011937251,879611.3924999998,1787.6174999999998
abb75cb8-0fae-7fe9-32f1-c1d13338d655,1966-02-14,,999-72-9156,S99976838,X41958X,Ms.,Milda157,Botsford977,,,S,black,nonhispanic,F,Yarmouth  Massachusetts  US,636 Senger Annex,Hampden,Massachusetts,Hampden County,,42.04136562108798,-72.39476012208584,1534304.2640000004,476497.506
cb81a8ed-b611-77ea-c3aa-89747ee44abe,1981-10-08,,999-28-9192,S99998940,X58022860X,Mr.,Donte636,Bernier607,,,M,white,nonhispanic,M,Adams  Massachusetts  US,659 Ortiz Spur Apt 40,Brockton,Massachusetts,Plymouth County,02301,42.09159626731604,-71.00639797220903,1092827.3099999998,1546.83
1b895e89-36bc-bff2-dd16-b34056f8385a,2014-05-18,,999-73-3759,,,,Anibal473,Howell947,,,,white,nonhispanic,M,Agawam  Massachusetts  US,230 Schumm Bay,Springfield,Massachusetts,Hampden County,01108,42.1325813277817,-72.48830741185813,313282.16750000004,170.57249999999993
65bd4465-c3f5-8a2d-a932-2a2ac38802f2,1977-09-09,,999-29-1987,S99965788,X8992188X,Ms.,Casimira119,Yost751,,,S,white,nonhispanic,F,East Falmouth  Massachusetts  US,641 Mosciski Burg,Peabody,Massachusetts,Essex County,01960,42.539903027546764,-71.06043086723949,1780592.8014999996,656551.1684999999
33d4c389-96ca-a196-d9e3-f7c97a288001,1995-02-02,,999-70-1764,S99911634,X77457255X,Mrs.,Felice694,Hettinger594,,Glover433,M,white,nonhispanic,F,Lincoln  Massachusetts  US,570 Halvorson Loaf,Boston,Massachusetts,Suffolk County,02215,42.27808629777483,-71.10097569535166,667884.1060000001,50433.52399999999
74ee9f0d-c10f-7aef-dbc7-cd933d253356,2010-05-14,,999-22-7040,S99917274,,,Emery884,Koss676,,,,white,nonhispanic,M,Acushnet  Massachusetts  US,266 Turner Lodge Unit 33,Boston,Massachusetts,Suffolk County,02120,42.35609363006588,-71.02088108812912,50520.1845,19953.505499999996
13d0a4a0-fac3-1425-61c8-627d4d3c84f3,1984-07-12,,999-78-7411,S99934882,X5968058X,Ms.,Marilee479,Kuvalis369,,,S,white,nonhispanic,F,Marlborough  Massachusetts  US,937 Crona Parade,Medway,Massachusetts,Norfolk County,,42.15224055119554,-71.40773723547645,1477416.0800000003,27622.859999999997
61a62641-c21b-fcca-c678-c881a71ff94b,1966-05-26,1969-10-06,999-28-5139,,,,Pearly845,Auer97,,,,white,nonhispanic,F,Uxbridge  Massachusetts  US,215 Boyer Green Unit 0,North Andover,Massachusetts,Essex County,,42.6299907684522,-71.08581094226507,105561.21750000001,422.87250000000006
89499692-f296-13d3-f687-3fd9eafed683,2011-11-21,,999-77-1808,,,,Gayle448,Dooley940,,,,black,nonhispanic,F,Belmont  Massachusetts  US,581 Kris Forge Suite 2,Boston,Massachusetts,Suffolk County,02119,42.32707564674197,-71.02777728150127,376519.58,0.0
de07cb21-7453-1eec-5776-eb4591a777f2,1942-02-28,2025-06-04,999-79-5694,S99992700,X29094562X,Mr.,Raphael767,Baumbach677,,,M,white,nonhispanic,M,Springfield  Massachusetts  US,890 Rice Knoll Unit 55,Peabody,Massachusetts,Essex County,,42.5652275161185,-71.01342369224811,2008620.5700000003,81873.00999999998
f95487ed-068c-4eed-d87b-99697e2368c8,1942-04-21,1983-03-08,999-22-5747,S99938884,X86418284X,Mrs.,Hester117,Waters156,,VonRueden376,M,white,nonhispanic,F,Worcester  Massachusetts  US,198 Reilly Hollow Apt 53,Waltham,Massachusetts,Middlesex County,,42.33349158973944,-71.17618936539587,1857546.4294999999,116602.80049999998
8e6b2fe8-f50c-e976-5eea-5a9f2679d8b0,2003-03-31,,999-38-2531,S99968473,X53174175X,Ms.,Candice681,Moen819,,,,white,nonhispanic,F,Waltham  Massachusetts  US,596 Hilpert Ramp,Wilmington,Massachusetts,Middlesex County,01887,42.585905838384356,-71.16958430289029,976350.2550000001,2897.205
5a4b56a4-9c25-1fd9-f8b0-bcd6259ce7fa,2005-07-08,,999-52-9012,S99954124,X2727867X,Ms.,Alise864,Ward668,,,,white,nonhispanic,F,Brockton  Massachusetts  US,281 Nolan Parade Unit 77,Marblehead,Massachusetts,Essex County,,42.53546555707121,-70.85120173894845,630308.6375000001,73778.45249999998
8fb1131d-e264-5c25-14e7-f7950119068a,1980-06-24,,999-23-8533,S99951478,X13393023X,Mr.,Adán600,Hernandes724,,,M,white,hispanic,M,Mexico City  Mexico City  MX,517 Hodkiewicz Crossroad,Mansfield Center,Massachusetts,Bristol County,,42.02109476158421,-71.21727609568623,1136306.8225000002,360.54749999999984
3a9610fa-827b-e71b-ca37-e2b2699e2c72,1951-05-02,,999-58-2834,S99964232,X67371683X,Mrs.,Cassi819,Lesch175,,Harvey63,M,asian,nonhispanic,F,Springfield  Massachusetts  US,346 Morissette Highlands Suite 34,Somerville,Massachusetts,Middlesex County,02143,42.41419746194303,-71.15690035787951,2548001.602500002,69852.3275
3fe6e8e5-e088-1544-ae7a-3219b620674d,1966-05-26,,999-30-2438,S99951115,X3826120X,Mrs.,Edythe31,Skiles927,,Green467,M,white,nonhispanic,F,Boston  Massachusetts  US,595 Schaden Camp Unit 5,North Andover,Massachusetts,Essex County,,42.637693632613534,-71.12325965308743,1816536.827,253991.063
abb143de-7e0d-5612-1ab7-35627f29d0dd,2015-01-22,,999-33-7218,,,,Nicholas495,Schuppe920,,,,asian,nonhispanic,M,Lowell  Massachusetts  US,819 Schmidt Approach,Boston,Massachusetts,Suffolk County,02111,42.35467022532133,-71.06531556258558,35153.51,29780.979999999996
91c3d4b7-307b-00a7-662b-25ce08350ea3,1988-06-20,,999-30-5544,S99955070,X64964140X,Mr.,Pablo44,Madera340,,,M,white,hispanic,M,Carolina  Puerto Rico  PR,876 Trantow Junction Suite 3,Peabody,Massachusetts,Essex County,01960,42.53799605816164,-70.96423798277469,839707.4694999998,184915.97049999994
159303be-0920-288c-b0cb-17a6df49f2f9,1963-10-12,,999-93-7170,S99977156,X1899318X,Mr.,Hong136,Beer512,,,M,white,nonhispanic,M,Dracut  Massachusetts  US,798 Prohaska Street Apt 81,Concord,Massachusetts,Middlesex County,,42.47264995087459,-71.33266303459796,2491075.945,175402.725
10269938-33e2-457d-da71-cf73181bae6a,1942-02-28,,999-49-7927,S99982845,X57473377X,Mr.,Thurman577,Borer986,,,M,white,nonhispanic,M,Medway  Massachusetts  US,535 Lesch Fort Suite 22,Peabody,Massachusetts,Essex County,,42.501100336437524,-71.01429566668085,2109800.0915,100422.33850000001
e77d8a89-70d5-7f43-be40-9e1da89fa314,1976-12-29,,999-14-3184,S99940816,X67665597X,Mr.,Riley817,Stehr398,,,M,white,hispanic,M,Haverhill  Massachusetts  US,753 Crooks Estate,Brewster,Massachusetts,Barnstable County,02631,41.7423594750539,-70.09636230394675,1099130.0699999998,12515.879999999997
43958ae3-08a2-d198-377a-9ced38c5efcc,1942-04-21,,999-28-2214,S99960478,X14018499X,Mrs.,Trish512,Boyer713,,Zboncak558,M,white,nonhispanic,F,Westborough  Massachusetts  US,398 Grant Brook,Waltham,Massachusetts,Middlesex County,02451,42.36374553988521,-71.24684567908979,293940.7480000001,12180.312000000002
c67f113e-eb6a-d1b0-db34-560c97b934c4,1986-10-09,,999-51-6937,S99921284,X74675359X,Mr.,Merle11,Veum823,,,M,white,nonhispanic,M,Erving  Massachusetts  US,736 Wilkinson Course Suite 30,Northborough,Massachusetts,Worcester County,,42.276159936091524,-71.67405492084072,1291243.1099999999,1113.1199999999997
b6fead2e-5e23-10a6-ac6d-f816f51820c9,2013-03-04,,999-32-1403,,,,Sheldon401,Marks830,,,,other,nonhispanic,M,Chicopee  Massachusetts  US,603 Stehr View Unit 9,Springfield,Massachusetts,Hampden County,,42.08492503604551,-72.59115092779889,43474.6575,30488.492499999997
10341ccf-8fdb-ebab-ab59-9158a26f8af8,2005-11-08,,999-13-8266,S99937583,X83755017X,Ms.,Guillermina633,Rosario163,,,,white,hispanic,F,Ponce  Puerto Rico  PR,625 Fritsch Vale,Methuen,Massachusetts,Essex County,01844,42.734307871175886,-71.21571213487258,542795.815,472.75499999999994
cdcf08d0-2892-bb1d-1dc6-db732b20b20c,2015-01-14,2025-12-15,999-97-8643,,,,Evan94,Bruen238,,,,white,nonhispanic,F,Dartmouth  Massachusetts  US,652 Williamson Rue Apt 93,Brockton,Massachusetts,Plymouth County,02301,42.161737223492516,-70.98208472170788,244265.23999999996,206.21999999999997
13bf6126-8a5e-80b9-8fa4-0b6d7ad7d099,1984-03-06,,999-74-5985,S99973993,X89369247X,Mrs.,Carly657,Dibbert990,,Block661,M,asian,nonhispanic,F,Westfield  Massachusetts  US,192 Prosacco Quay Unit 46,Hamilton,Massachusetts,Essex County,,42.66319789147426,-70.87541984662953,1562957.256,179591.03399999999
00e57372-5476-3ccc-f11a-f830f7b0522f,2000-10-24,,999-97-1843,S99963310,X38583668X,Mr.,Eduardo902,Aguirre875,,,,white,hispanic,M,San Jose  San Jose  CR,393 Hagenes Loaf,Westminster,Massachusetts,Worcester County,,42.5740439462688,-71.86591870838264,643755.17,8576.699999999999
0e238eed-5cac-7b48-9440-dd8c8f9b39a7,1996-01-20,,999-11-8357,S99937197,X14896845X,Mrs.,Gerald181,Reichert620,,Rohan584,M,white,nonhispanic,F,Lynnfield  Massachusetts  US,241 Lind Common,Holden,Massachusetts,Worcester County,,42.32944475883855,-71.84840221183734,1959227.6290000002,324027.711
6612ebd7-fc2f-7993-7c06-563eda20ab44,2003-06-15,,999-26-9268,S99978605,X84036009X,Ms.,Willetta882,Kuhic920,,,,white,nonhispanic,F,Franklin  Massachusetts  US,137 Stroman Orchard,Revere,Massachusetts,Suffolk County,,42.43023225255166,-70.95777735402658,1360904.1875,2416.1324999999993
23cf6f02-fdfc-96a5-47d4-111b3d086348,2015-01-14,,999-70-1993,,,,Lasonya941,Cummings51,,,,white,nonhispanic,F,Somerville  Massachusetts  US,259 Jacobi Row Apt 89,Brockton,Massachusetts,Plymouth County,02301,42.03107275680524,-71.0602746233163,277660.65,0.0
8a3881b0-c2cc-6661-9c42-cccf616fadb9,1979-06-03,,999-10-1143,S99922002,X73151505X,Mrs.,Justin359,Abshire638,,Brown30,M,white,nonhispanic,F,Whitman  Massachusetts  US,691 Kling Gardens,Watertown,Massachusetts,Middlesex County,,42.32442838933167,-71.16536679601714,1400606.8065000002,370960.04349999997
4ea98ba2-83ef-e5b1-5702-94f20ee94918,1996-01-15,,999-67-6256,S99987429,X42569689X,Mr.,Lupe126,Herman763,,,M,white,nonhispanic,M,North Andover  Massachusetts  US,641 Gerlach Heights,Auburn,Massachusetts,Worcester County,,42.19255898374562,-71.85327322244787,867696.0599999999,42361.2
e1081ffd-08d2-781d-00f6-2dbf3a4d4262,1976-10-14,,999-85-7151,S99941305,X45446025X,Ms.,Magdalena964,Bonilla161,,,S,white,hispanic,F,Ponce  Puerto Rico  PR,412 Bins Drive,Reading,Massachusetts,Middlesex County,01801,42.52663330209895,-71.06935394250519,1411777.9064999998,486437.40349999996
97124d7c-9c59-95b2-77ef-1282ecac7dc5,2007-10-13,,999-85-6227,S99978001,,Mr.,Timmy68,Stamm704,,,,black,nonhispanic,M,Fitchburg  Massachusetts  US,740 Leffler Parade,Boston,Massachusetts,Suffolk County,02111,42.25443725078383,-71.06853478403693,454306.66500000004,1245.1949999999997
bff1237a-e1d1-a32b-532d-4e0a71104c5f,2017-05-20,,999-84-7395,,,,Nathan164,Volkman526,,,,white,nonhispanic,M,Lynn  Massachusetts  US,747 Graham Park Suite 45,Fitchburg,Massachusetts,Worcester County,,42.56372449092612,-71.8367371922183,19061.414999999997,11879.275
39d06e97-50f4-afc4-1a79-29e9bcc5d7a1,2008-11-13,,999-73-1638,S99921748,,,Adam631,Jones311,,,,black,nonhispanic,M,Amherst Center  Massachusetts  US,962 Dare Rapid,Quincy,Massachusetts,Norfolk County,02169,42.24448374153122,-71.03524461642562,1048741.1075,207.2924999999999
b2cb6713-7640-eed2-da1a-31ae09bcef04,1980-09-29,,999-68-4951,S99923687,X21947124X,Mrs.,Stormy472,Koelpin146,,Prosacco716,M,white,nonhispanic,F,Woburn  Massachusetts  US,275 Cormier Lock Apt 0,Malden,Massachusetts,Middlesex County,02155,42.387231137977565,-71.08149364258449,1569488.1850000005,636622.715
718f55b0-0830-4af5-1fd6-e22af53d74a0,1985-06-24,,999-34-4711,S99966407,X31848619X,Mr.,Roland928,Little434,,,M,white,nonhispanic,M,Rehoboth  Massachusetts  US,950 Hoppe Rapid Apt 45,Milford,Massachusetts,Worcester County,,42.14731202781953,-71.480864753398,1008711.8075,3227.9025
a2b764b1-fe62-19a1-d481-8e6ce8f87613,1954-06-11,,999-25-4134,S99958823,X12785349X,Ms.,Marquita692,Bogan287,,,S,white,nonhispanic,F,Boston  Massachusetts  US,1089 Hills Crossing,Franklin,Massachusetts,Norfolk County,,42.071708076787424,-71.37886138133659,2875432.1285,535283.3514999999
2d080a67-9410-2b7f-b1cb-a3fd2aa30360,1943-08-23,1999-01-19,999-41-5404,S99913942,X87050343X,Ms.,Melia148,Schoen8,,,S,white,nonhispanic,F,Taunton  Massachusetts  US,320 Luettgen Path Apt 84,Worcester,Massachusetts,Worcester County,01605,42.3910992351518,-71.78251220057307,2340416.8505000006,310271.28949999996
0bc39155-088d-be85-6814-b1745be7667c,1966-05-05,,999-59-1145,S99994498,X68527692X,Mrs.,Madeleine482,Leannon79,,Little434,M,black,nonhispanic,F,Norfolk  Massachusetts  US,746 Dibbert Byway Suite 45,Douglas,Massachusetts,Worcester County,,42.07899566056296,-71.77481345922725,1929710.4755,45084.534499999994
a2e5b165-c198-b631-54e8-e08e02106fb8,1984-08-23,,999-23-5078,S99999769,X68548950X,Mr.,Cedrick207,Bailey598,,,M,white,nonhispanic,M,Framingham  Massachusetts  US,375 Williamson Extension,Chicopee,Massachusetts,Hampden County,,42.12966368392585,-72.59229795940092,1018107.6725,1225.5074999999997
943d385e-4646-d5c0-8243-ab39b5db910c,1963-03-28,,999-50-5466,S99954879,X56172276X,Mr.,Minh326,Schroeder447,,,M,white,nonhispanic,M,Palmer  Massachusetts  US,204 Wiza Wynd,Hamilton,Massachusetts,Essex County,,42.58995030322449,-70.87837687834627,1618049.7524999997,2349.4274999999993
bdb5cb2b-522e-bf19-a38b-3626c3d4cb60,1995-04-01,2023-01-01,999-67-6773,S99927184,X48350702X,Mrs.,Melina208,Lemke654,,Huel628,M,white,nonhispanic,F,Wilbraham  Massachusetts  US,742 Marquardt Tunnel Suite 46,Boston,Massachusetts,Suffolk County,02131,42.37512797807342,-71.19589924866956,110872.55100000002,411166.859
bd1e70e0-75ec-ab5f-aad7-7a7f43aba287,1960-08-15,,999-45-2672,S99950809,X64833903X,Mrs.,Gabriela205,Rosado690,,Noriega353,M,white,hispanic,F,Santiago de los Caballeros  Santiago  DO,840 Stark Skyway,Blackstone,Massachusetts,Worcester County,,42.00701827445981,-71.5277019042701,2259315.886,37848.744
d57fd3ba-a40d-2de7-ff16-a3609f74b3c8,1982-11-25,,999-96-4791,S99983658,X16575763X,Mr.,Micah422,Reichert620,,,S,black,nonhispanic,M,Tewksbury  Massachusetts  US,132 Stiedemann Village Apt 21,Wareham,Massachusetts,Plymouth County,,41.80649582003457,-70.69762327267804,1487255.4675,199812.8925
828f2655-27f0-dc31-b620-a137b12812fb,1990-11-02,,999-68-2042,S99973242,X87664673X,Mrs.,Gabriella773,Muller251,,Kulas532,M,asian,nonhispanic,F,Hong Kong  Hong Kong Special Administrative Region  CN,378 Rohan Crossing,Dartmouth,Massachusetts,Bristol County,,41.60680201083799,-70.97674534363192,1573382.7550000001,143906.26499999998
06c11087-f76e-9787-1f13-2dd16b9f3a31,1981-11-03,,999-66-1884,S99988338,X34654024X,Mr.,Hyman89,Yundt842,,,M,white,nonhispanic,M,Watertown  Massachusetts  US,530 Bauch Well Apt 81,Boston,Massachusetts,Suffolk County,02134,42.30744114288125,-71.12754232371103,141771.70249999996,51712.3475
8abbdb13-7fc6-7af7-d216-8fe75612dd92,1988-01-27,,999-21-9311,S99921488,X82983177X,Mr.,Gordon377,Kohler843,,,S,white,nonhispanic,M,Littleton  Massachusetts  US,756 Will Trail Unit 35,Quincy,Massachusetts,Norfolk County,02169,42.218782439401295,-71.0498568885856,946366.0774999998,11767.3725
8f05fc57-d7c1-1749-3b55-175a73b823eb,1995-04-01,,999-39-9720,S99972775,X14952674X,Ms.,Twanna669,Block661,,,S,white,nonhispanic,F,Lynn  Massachusetts  US,677 Hirthe Frontage road,Boston,Massachusetts,Suffolk County,02199,42.29866554443463,-71.04476067737511,222408.60550000006,600196.8045
f14031d8-3978-2407-6afb-013ef50e97a8,1970-06-16,,999-54-5807,S99969512,X71574629X,Mr.,Al123,Hermann103,,,M,asian,nonhispanic,M,Haiphong  Kiến An  VN,734 D'Amore Trafficway,Bellingham,Massachusetts,Norfolk County,02019,42.114964228444705,-71.45852223311714,1415813.0775000004,12531.0225
ae2bbac4-6d22-d020-1e4b-c7ed4e9d5a77,1981-09-10,,999-20-8692,S99971766,X7564773X,Mrs.,Roselyn270,Tromp100,,Hudson301,M,asian,nonhispanic,F,Pittsfield  Massachusetts  US,974 Boyer Crossing Apt 39,Winthrop,Massachusetts,Suffolk County,02128,42.39827699947493,-70.9705499019461,1525618.3649999995,118234.635
3f4c4fb2-88d3-91cc-4216-6f48d1d7a364,1943-08-23,,999-37-4434,S99988905,X88871779X,Mrs.,Patrice780,Bauch723,,Fahey393,M,white,nonhispanic,F,Northampton  Massachusetts  US,172 Denesik Neck Apt 41,Worcester,Massachusetts,Worcester County,01603,42.25897066310184,-71.68495976788562,2654682.9790000003,455645.38100000005
58699c8d-23ba-d8be-9aa7-77707b522821,1985-12-29,,999-74-2349,S99913719,X68767980X,Mrs.,Detra426,Pacocha935,,Walker122,M,white,nonhispanic,F,Revere  Massachusetts  US,1043 O'Reilly Burg Suite 65,Taunton,Massachusetts,Bristol County,02718,41.94830815393307,-71.07713382207724,1553284.7745,901696.4455
e9f9d009-8a7d-b269-80bc-edc268b6dc3a,2025-11-22,,999-17-7912,,,,Alfred550,Zieme486,,,,white,nonhispanic,M,Fall River  Massachusetts  US,753 Cole Light Suite 68,Salem,Massachusetts,Essex County,01907,42.48989907877611,-70.88728928467901,22244.909999999996,0.0
bacb0960-e9bb-e23b-6a04-4c3d00e5185b,1998-04-14,,999-77-4429,S99917009,X49719817X,Mrs.,Earlean804,Ziemann98,,Kuhic920,M,black,hispanic,F,Richmond  Massachusetts  US,597 Ernser Row,Boston,Massachusetts,Suffolk County,,42.26712544891231,-71.12092044231294,739863.1810000001,205428.96899999998
aba98cbe-8738-bf3b-499a-3adf6aa02a49,1982-01-26,,999-44-9811,S99957199,X6232094X,Mrs.,Frances376,Green467,,Rogahn59,M,white,nonhispanic,F,Northborough  Massachusetts  US,689 Morar Bridge Suite 77,Boston,Massachusetts,Suffolk County,02163,42.260661674508,-71.15657498473776,1688815.4855,227068.06449999995
301a49b5-f5ff-7bf6-2622-53fe062ad3b2,1991-05-27,,999-38-3952,S99980472,X46249473X,Mr.,Guillermo498,Nitzsche158,,,M,asian,nonhispanic,M,Revere  Massachusetts  US,912 Bartell Divide,Weymouth,Massachusetts,Norfolk County,02189,42.23467743651173,-70.9514421622013,952001.9575,1179.2624999999998
b4630233-6e89-c9e1-d5bb-718ea64d2497,2001-06-28,,999-90-6985,S99980639,X87306341X,Mr.,Scott935,Barrows492,,,,white,nonhispanic,M,Upton  Massachusetts  US,763 Schumm Wynd,Rochester,Massachusetts,Plymouth County,,41.7756040676292,-70.81175215546202,629416.1625000001,20.137499999999932
523971b9-977d-2da8-053c-6bcf3073b805,1998-12-28,,999-92-9367,S99948168,X20784570X,Mr.,Joseph689,Simonis280,,,M,black,nonhispanic,M,Boylston  Massachusetts  US,296 Marks Road Unit 24,Revere,Massachusetts,Suffolk County,02151,42.388720039821095,-70.98383330293737,335595.42999999993,0.0
b3ad0d49-e5ee-3195-aae6-22409c8ceafc,1960-12-06,,999-20-5015,S99983037,X54189583X,Mrs.,Juana825,Rendón540,,Alvarez441,M,white,hispanic,F,San Jose  San Jose  CR,1022 Von Green,Millville,Massachusetts,Worcester County,,42.05965055883726,-71.58856387322004,1668469.855000001,21659.714999999997
c2d79c4c-405b-e465-6d80-2e2f5892f26d,1982-11-13,,999-94-9123,S99962815,X32421393X,Mr.,Jeffry142,Macejkovic424,,,S,black,hispanic,M,Blackstone  Massachusetts  US,232 Kirlin Route Unit 45,Wilbraham,Massachusetts,Hampden County,,42.077599335874375,-72.43892273502132,1892672.1474999997,45178.4625
138f0b69-2a59-3570-c142-e70476d6a84a,1979-01-11,,999-28-3464,S99962034,X56720056X,Ms.,Kanesha23,Dooley940,,,S,white,nonhispanic,F,South Amherst  Massachusetts  US,426 Green Knoll Apt 15,Fitchburg,Massachusetts,Worcester County,,42.587563338992176,-71.85172155005127,2374262.1424999996,63898.89750000001
1576ae8c-352d-2946-b92f-7f327103ac8c,1955-05-05,,999-97-6757,S99961066,X71533729X,Ms.,Hee424,Little434,,,S,white,nonhispanic,F,Sharon  Massachusetts  US,362 McLaughlin Street,Brockton,Massachusetts,Plymouth County,,42.0962965368538,-71.00347456975685,2137929.9525,353579.7875
250e6e2f-7914-aa6b-0c2b-a5c90abe44ec,1998-11-21,,999-76-9467,S99998761,X55061223X,Mrs.,Latasha666,Lindgren255,,Thompson596,M,white,nonhispanic,F,Dennis  Massachusetts  US,1030 Powlowski Alley,Pembroke,Massachusetts,Plymouth County,,42.05051249857055,-70.82716102159846,824376.662,235083.06799999997
7a7c1a44-bdef-425c-4b37-1211ed9744c8,2025-05-17,,999-63-2914,,,,Melvin857,Stamm704,,,,white,nonhispanic,M,Worcester  Massachusetts  US,312 Keeling Skyway,Lowell,Massachusetts,Middlesex County,01850,42.65568736485972,-71.251572882262,29610.75,0.0
f68e97ba-0134-d606-b100-23149afb75bd,1980-10-09,2004-03-04,999-93-8961,S99976858,X76323356X,Mr.,Dwight645,Goldner995,,,,white,nonhispanic,M,Boston  Massachusetts  US,567 Waelchi Tunnel Unit 64,Worcester,Massachusetts,Worcester County,01583,42.302808627756946,-71.80420528928335,727657.2100000001,997.5599999999997
af5c45af-7505-e423-9307-b1ea0cb50db5,1976-08-02,,999-68-1028,S99957462,X18056941X,Mr.,Theron432,Zieme486,,,M,white,nonhispanic,M,Worcester  Massachusetts  US,1099 Zieme Club,Peabody,Massachusetts,Essex County,01940,42.50223528232481,-71.00991545514177,1237267.4825000002,9870.4575
a177f2bd-1293-e19a-5dd3-e5e2d74cf1cf,2012-11-25,,999-99-3257,,,,Adelaide981,Dickens475,,,,white,nonhispanic,F,Raynham  Massachusetts  US,963 Jast Glen,Cambridge,Massachusetts,Middlesex County,02142,42.40093883387817,-71.17372429189024,334856.21749999997,712.9424999999998
b8d47a60-2adf-f534-b040-c7799fb0641e,2009-11-10,,999-98-9333,S99935327,,,Yahaira79,Kozey370,,,,white,nonhispanic,F,Westford  Massachusetts  US,691 Barton Fort Unit 96,Watertown,Massachusetts,Middlesex County,02472,42.40961527525529,-71.17944176428617,590254.85,0.0
614322ac-8e63-ae72-d77e-1a566a53b6b3,1980-10-09,1994-02-24,999-65-3447,,,,Quentin28,Turner526,,,,white,nonhispanic,M,Fitchburg  Massachusetts  US,897 Mitchell Bridge,Worcester,Massachusetts,Worcester County,01604,42.2518377610249,-71.82548839828323,372768.9725,28465.1175
2f2fda4f-37f8-2c84-c5c2-58fde4af7b91,2004-07-10,,999-61-4378,S99999710,X4024712X,Mr.,Tony646,Rogahn59,,,,white,nonhispanic,M,Plymouth  Massachusetts  US,320 Hackett Fort Suite 72,Sudbury,Massachusetts,Middlesex County,,42.340580835222234,-71.44823282673202,1289065.2175,174313.6125
a6993a45-5142-da8b-478c-64856b87aa3c,2001-02-08,,999-29-6849,S99941038,X83662631X,Ms.,Nakesha793,Frami345,,,,white,nonhispanic,F,Frankfurt  Hesse  DE,390 Walter Flat,Methuen,Massachusetts,Essex County,01841,42.73398971380479,-71.18852051611312,205481.221,99866.679
d9bb607c-3b57-2b07-d9f8-f83a5b325105,1993-02-11,,999-20-6981,S99960748,X12325943X,Mr.,José María211,Alarcón922,,,M,white,hispanic,M,Lima  Lima Province  PE,862 Stanton Lock Apt 71,Boston,Massachusetts,Suffolk County,02129,42.31236225339643,-71.04406803651885,106742.85250000001,50214.1975
db0459e4-b140-eca3-baf1-bbecf047aee2,1985-09-14,,999-28-2510,S99952364,X65512052X,Mr.,Emmanuel930,Little434,,,S,asian,nonhispanic,M,Beijing  Beijing Municipality  CN,781 Breitenberg Ranch Unit 83,Waltham,Massachusetts,Middlesex County,02451,42.32118229123991,-71.28558786941065,1008720.2849999999,286.6049999999999
8d3ee79b-914f-614e-edda-afa9fcde2112,1992-02-04,,999-65-8071,S99935828,X49894956X,Mr.,Rod343,Goyette777,,,M,hawaiian,nonhispanic,M,Needham  Massachusetts  US,546 Klocko Lodge,Duxbury,Massachusetts,Plymouth County,02332,42.035441644789714,-70.73152850289826,856225.1899999998,591.3899999999999
ba1f6c7c-a52c-b793-1052-fbe12868851b,2005-12-16,2020-08-02,999-39-2634,,,,Cornelius968,Hills818,,,,black,nonhispanic,M,Saugus  Massachusetts  US,958 Spencer Haven Apt 57,Scituate,Massachusetts,Plymouth County,,42.235713441462444,-70.78477525934932,380780.5,7.469999999999921
0218df27-0153-6616-d9a4-0aba787e5c5e,2001-05-31,,999-54-5805,S99994958,X49067842X,Mr.,Rogelio17,Feeney44,,,,white,nonhispanic,M,Pittsfield  Massachusetts  US,545 Orn Light,Ashland,Massachusetts,Middlesex County,,42.29916188684777,-71.4560037571254,616746.0725,1413.0074999999997
a5dd0944-0419-4e31-0750-5fa98908376c,1997-04-28,,999-42-7742,S99922986,X88628856X,Ms.,Juana825,Cornejo190,,,S,white,hispanic,F,Panama City  Panama  PA,910 Fisher Annex Unit 77,Boston,Massachusetts,Suffolk County,02111,42.2586279109613,-71.1033069266865,1795247.8975,283.9725
313ef44f-87f3-7cb6-c223-70060c23864a,1980-10-09,,999-74-1806,S99985184,X5808001X,Mr.,Sheldon401,Sawayn19,,,M,white,nonhispanic,M,Cambridge  Massachusetts  US,380 Gorczany Heights,Worcester,Massachusetts,Worcester County,01583,42.31592601103836,-71.85026152224886,1173822.7425,2759.3174999999997
2d72c025-cbba-4234-9531-0e8b3e90f94b,2023-09-22,,999-19-9864,,,,Eugene421,Bayer639,,,,black,nonhispanic,M,South Hadley  Massachusetts  US,377 Smitham Crossroad Suite 8,Bridgewater,Massachusetts,Plymouth County,02324,42.01826516308311,-71.02004960538407,74994.41,0.0
ef16114e-94b2-ebf5-b517-ab9402b7db22,2018-06-24,,999-89-2371,,,,Marshall526,McDermott739,,,,white,nonhispanic,M,Springfield  Massachusetts  US,741 Heaney Haven,Oxford,Massachusetts,Worcester County,01540,42.13335743689187,-71.87148622545112,197203.78,206.21999999999997
c242cf15-5f05-da3f-9cdf-43ee17d80ba9,2004-09-05,,999-96-3876,S99928425,X42764479X,Mr.,Mikel238,Fadel536,,,,white,nonhispanic,M,Brewster  Massachusetts  US,309 Denesik Fork Suite 72,North Adams,Massachusetts,Berkshire County,,42.67131838906597,-73.036862285845,1382193.8550000002,2458.095
56638326-d09a-df47-cce5-5ad69a3a5c43,2005-12-16,,999-89-6788,S99940086,X40105553X,Mr.,Terrence276,Graham902,,,,black,nonhispanic,M,Everett  Massachusetts  US,544 Haag Crossroad,Scituate,Massachusetts,Plymouth County,02066,42.158038585038554,-70.75784475694768,513916.6574999999,990.1724999999997
d035e051-7246-ea8d-9d92-29dfcc9b98fa,2017-05-10,,999-70-4247,,,,Marci572,Schumm995,,,,black,nonhispanic,F,Worcester  Massachusetts  US,328 Schowalter Ville,Springfield,Massachusetts,Hampden County,01118,42.13338581910406,-72.5465717242151,233280.33250000002,3522.2475
e5741fda-711a-69df-6746-a5d0e7a188a8,2012-01-05,,999-76-5020,,,,Napoleon578,Cartwright189,,,,white,nonhispanic,M,Arlington  Massachusetts  US,419 Buckridge Run,Andover,Massachusetts,Essex County,01810,42.61758408919469,-71.17847848430428,360413.04999999993,1470.6299999999999
91a0d951-f7c6-2267-96e4-b94c21cf6113,2004-10-10,,999-72-7825,S99998261,X75122168X,Mr.,Rocky100,Strosin214,,,,white,nonhispanic,M,Stoneham  Massachusetts  US,119 Cummings Haven Apt 8,Stoneham,Massachusetts,Middlesex County,,42.48292957392428,-71.0895810652477,510992.32999999996,1574.2199999999998
db3ee479-e19a-93c9-0230-8acf68d628c0,2011-01-18,,999-31-2097,,,,Blossom971,Tremblay80,,,,white,nonhispanic,F,Lexington  Massachusetts  US,743 Grimes Camp Unit 19,New Bedford,Massachusetts,Bristol County,02747,41.650673558628085,-70.94385092747353,909929.5375,1608.7424999999998
fe5f3014-db2b-c6e1-8087-4d505f1ea4fb,2015-04-22,,999-72-4617,,,,Frankie174,Howe413,,,,white,nonhispanic,M,Falmouth  Massachusetts  US,550 Ondricka Road,Ashland,Massachusetts,Middlesex County,,42.2487311742064,-71.48776396113327,278481.21749999997,477.4424999999999
9473b52a-6c00-c425-b9c9-95f655ef34bc,1945-03-30,2010-04-27,999-12-8264,S99915777,X31507501X,Mr.,Brett333,Littel644,,,M,white,nonhispanic,M,Milford  Massachusetts  US,105 O'Keefe Drive Unit 87,Falmouth,Massachusetts,Barnstable County,02540,41.61663042224226,-70.61769212045749,1625868.4585,14814.181500000017
f8e79c35-841b-3d2a-6156-0090487599b0,1952-06-21,2003-03-24,999-51-7639,S99927921,X46210131X,Mr.,Gale827,Kertzmann286,,,M,other,nonhispanic,M,Taunton  Massachusetts  US,785 Mayert Haven,South Hadley,Massachusetts,Hampshire County,,42.22227614808355,-72.53681412350026,1461454.7125000006,10803.307499999997
6972a2be-137b-b742-9229-588b4991296e,1978-03-21,,999-40-8925,S99933251,X38334515X,Mrs.,Rudy520,Stokes453,,Deckow585,M,hawaiian,nonhispanic,F,Hudson  Massachusetts  US,996 Veum Walk,Holliston,Massachusetts,Middlesex County,,42.155911930344615,-71.48180014917331,1551150.1675000004,206117.47249999997
e020ccd5-e928-54a1-1446-192a58af3c6b,1980-08-09,,999-53-6619,S99924202,X74221940X,Mr.,Williams176,Hahn503,,,M,white,hispanic,M,Wareham  Massachusetts  US,693 Klein Plaza,Westborough,Massachusetts,Worcester County,,42.311605554234596,-71.56816371086954,1143830.915,11824.964999999998
3adc88aa-3d1f-d23d-52b4-0b85b952a123,1979-06-10,,999-80-9615,S99974243,X82311029X,Mr.,Jessie665,Gerlach374,,,M,white,nonhispanic,M,Whitman  Massachusetts  US,866 Gusikowski Drive,Sutton,Massachusetts,Worcester County,,42.13362165989475,-71.71353671831717,1157557.6449999998,15720.404999999999
4b4a4b87-4606-6bb5-5880-1c5bd67517ef,2011-03-19,,999-65-7110,,,,Sonia106,Corona300,,,,white,hispanic,F,San Salvador  El Salvador  SV,438 O'Kon Glen Suite 84,Hardwick,Massachusetts,Worcester County,,42.37677888679504,-72.26634213622255,378711.6825,20.137499999999932
a5245aef-6981-539f-9171-c1e3c38d5137,1951-04-05,2026-04-26,999-60-4256,S99972990,X62914568X,Mr.,Lloyd546,Ledner144,,,S,white,nonhispanic,M,Westwood  Massachusetts  US,180 Hegmann Alley,Chicopee,Massachusetts,Hampden County,01013,42.143200312295335,-72.60682580864218,1840603.7320000005,59972.658
bedd75c7-c425-1cd3-371c-c0ff72812533,1980-09-25,,999-59-8779,S99953686,X84240034X,Mrs.,Cheryl605,Monahan736,,Little434,M,white,nonhispanic,F,Dedham  Massachusetts  US,518 Trantow Wynd Suite 77,Springfield,Massachusetts,Hampden County,01107,42.03905386668446,-72.6045863731008,3100502.0149999997,105707.805
4a399c53-4945-bfd5-c205-21728525311c,2023-05-03,,999-44-9612,,,,Jame231,Maggio310,,,,white,nonhispanic,M,Sutton  Massachusetts  US,360 Wolff Heights,Easton,Massachusetts,Bristol County,,42.07903003884446,-71.0778910016802,76211.04,0.0
738b23b0-c8b8-233a-a1a7-f63193445958,2024-02-26,,999-20-6979,,,,Kenyatta61,Berge125,,,,asian,nonhispanic,F,Middleborough  Massachusetts  US,267 Hahn Ramp Suite 89,Boston,Massachusetts,Suffolk County,02118,42.30229597054936,-71.02273517183683,70670.68,676.3199999999999
834b93c9-1506-2bf6-4da1-eb376ccca2f5,2020-11-06,,999-88-8678,,,,Valentine262,Balistreri607,,,,white,nonhispanic,M,Lynn  Massachusetts  US,583 Schaefer Vale,Kingston,Massachusetts,Plymouth County,,41.9689043654715,-70.7864149422782,159781.87,206.21999999999997
1db67cbf-eeab-83a5-13c8-a8e3425846e0,1998-08-16,,999-10-1879,S99910226,X51350729X,Mrs.,Alene865,Cremin516,,Dickens475,M,white,nonhispanic,F,New Bedford  Massachusetts  US,1046 Cummings Divide,Peabody,Massachusetts,Essex County,01940,42.526815801752036,-71.00174209848079,547420.625,11500.095
0e58f6dd-01b3-94fe-e559-27e43911b19b,1996-12-01,,999-21-8789,S99939724,X70564040X,Mr.,Clinton763,Brekke496,,,M,white,nonhispanic,M,Millbury  Massachusetts  US,852 Flatley Viaduct Suite 35,Pembroke,Massachusetts,Plymouth County,,42.10175334624663,-70.8421068217463,729353.5399999999,347.9699999999999
36aa112f-a4cb-d2bb-e67a-fd7308a60cc4,1964-07-12,,999-78-3155,S99935720,X17706116X,Mrs.,Charla27,Gleichner915,,Bechtelar572,M,white,nonhispanic,F,Franklin  Massachusetts  US,642 Ankunding Port,Waltham,Massachusetts,Middlesex County,02451,42.38324958226479,-71.14177307684427,2149796.090500001,398259.89949999994
7f53c19d-c072-74b6-c810-403c54776bff,1999-09-23,,999-36-6447,S99971523,X22668152X,Ms.,Vertie683,Dare640,,,,white,nonhispanic,F,Waltham  Massachusetts  US,365 Blanda Meadow Apt 80,Bridgewater,Massachusetts,Plymouth County,,41.994633402527384,-70.95038177270186,683728.3944999998,198518.17549999995
3a5313cc-ea81-b0ab-57c9-a0f0c972ff05,1952-06-21,,999-70-1458,S99975895,X73003307X,Mr.,Fausto876,Hills818,,,M,other,nonhispanic,M,Northborough  Massachusetts  US,286 Bergnaum Neck Suite 28,South Hadley,Massachusetts,Hampshire County,,42.28029946112816,-72.61688509388216,1810745.3210000005,19458.849000000006
6b8d49b6-05b7-e905-3ad2-d7670a334b93,1945-03-30,,999-96-3435,S99968768,X35731105X,Mr.,Edmundo94,Hamill307,,,S,white,nonhispanic,M,Westfield  Massachusetts  US,162 Jerde Tunnel,Falmouth,Massachusetts,Barnstable County,02540,41.579579373313386,-70.55581973198773,2829575.0015,48051.19850000001
23b71d86-adb1-5eec-6341-0ef73973e0ea,2026-03-24,,999-72-9234,,,,Herlinda751,Gerhold939,,,,white,nonhispanic,F,West Concord  Massachusetts  US,231 Johnson Overpass Apt 27,Kingston,Massachusetts,Plymouth County,,41.99187131256787,-70.72970369184426,11833.44,0.0
ea814eb3-36d6-9ed9-4cd6-4c31ceebab36,2026-02-16,,999-87-9186,,,,Rubin812,Konopelski743,,,,white,nonhispanic,M,Boston  Massachusetts  US,641 Barton Throughway Suite 92,Springfield,Massachusetts,Hampden County,01104,42.155131032563766,-72.60091555112456,1645.3980000000001,2762.562
a1e2a840-cdae-7c41-fb26-c41c084d8c39,2008-02-08,,999-35-1771,S99929654,,Ms.,Tiffany303,Emard19,,,,white,nonhispanic,F,Canton  Massachusetts  US,536 Runte Arcade Suite 42,Cambridge,Massachusetts,Middlesex County,02141,42.32668359312699,-71.08525273236346,456522.8580000001,193487.582
7aed1293-4196-4782-a0b5-4910945efd05,1951-04-05,2022-04-28,999-35-8379,S99965513,X86052991X,Mr.,Harley673,Bernhard322,,,S,white,nonhispanic,M,Boston  Massachusetts  US,359 Pollich Rest,Chicopee,Massachusetts,Hampden County,,42.217546165190164,-72.60294311821005,1858410.5175000003,357376.7325
a7edeeec-d487-a082-8744-11ef2eeab126,1963-12-12,,999-27-5524,S99999890,X84131146X,Mr.,Timoteo39,Magaña874,,,M,white,hispanic,M,Guatemala City  Guatemala  GT,138 Kub Bay Apt 98,Norton,Massachusetts,Bristol County,,41.94014192495965,-71.13591046416268,1621486.3075000003,722.0024999999999
9b2a289e-9812-b572-b059-31343fb14808,1957-09-24,,999-38-3459,S99968799,X38309675X,Mr.,Genaro214,Leuschke194,,,M,white,nonhispanic,M,Lowell  Massachusetts  US,751 Medhurst Overpass,Woburn,Massachusetts,Middlesex County,01801,42.51405715947092,-71.17987047794571,1602407.45,16427.329999999998
4f3b2cc5-e663-559f-0ecc-aa4d1ce99744,1959-07-02,,999-40-1810,S99934813,X31683966X,Mr.,Vaughn909,Huel628,,,S,white,nonhispanic,M,Sharon  Massachusetts  US,622 Larkin Extension,Fitchburg,Massachusetts,Worcester County,01420,42.61863665250446,-71.78780468381116,1680309.4800000004,7420.4
834dd508-c9ef-53e6-3290-55cde9fc1df0,1947-02-10,1995-03-27,999-33-2054,S99976986,X53658641X,Mrs.,Shandra823,Fritsch593,,Wisoky380,M,white,hispanic,F,Essex  Massachusetts  US,784 Bednar Trace,Boston,Massachusetts,Suffolk County,02109,42.28428356183502,-71.02344493982665,1610742.2055000004,216581.21449999997
c1db80e6-ed5e-cc5c-bf2e-4d774d773ae7,1994-05-28,,999-47-5500,S99918016,X24680340X,Mrs.,Eveline832,Labadie908,,Wiegand701,M,white,nonhispanic,F,Boston  Massachusetts  US,686 Gleichner Meadow Apt 54,New Bedford,Massachusetts,Bristol County,02745,41.50387899505738,-70.94176852125305,506853.505,1123037.8449999997
fd404778-4b07-0601-4b49-13e0f52c5255,1960-04-06,,999-34-6638,S99916451,X70572420X,Mr.,Hung902,Purdy2,,,M,white,nonhispanic,M,Brockton  Massachusetts  US,602 Kihn Club Unit 30,Cambridge,Massachusetts,Middlesex County,02141,42.33434669325029,-71.11191932936855,232657.219,253597.161
f6aa8bea-fa81-ed21-cbd1-ed718b7f45dc,2024-11-06,,999-30-8382,,,,Darcie474,Denesik803,,,,white,nonhispanic,F,Bellingham  Massachusetts  US,805 Spencer Arcade,Northborough,Massachusetts,Worcester County,,42.30635610364987,-71.68640779537093,48059.95,56.21999999999992
8418de4e-e642-f8d1-3af1-e1743e3527fc,2010-05-17,,999-73-8120,S99944862,,,Henry768,Torphy630,,,,white,nonhispanic,M,West Springfield  Massachusetts  US,973 Hodkiewicz Loaf Unit 14,Lawrence,Massachusetts,Essex County,01841,42.65643060552318,-71.1948080479307,817421.8499999999,0.0
12825e78-01be-0d86-0932-789d5d911df0,1978-04-09,,999-75-3806,S99985762,X72384115X,Mrs.,Jami235,Schinner682,,Thompson596,M,white,nonhispanic,F,Holyoke  Massachusetts  US,252 Marks Meadow Unit 64,Hamilton,Massachusetts,Essex County,,42.62447307172095,-70.83136807035298,2373347.6544999997,50865.4655
48fc5323-2e69-541f-a2d0-b5ca7d8d0213,1954-07-01,,999-81-7384,S99949281,X23165543X,Mr.,Howard613,Crona259,,,S,white,nonhispanic,M,Norwood  Massachusetts  US,303 Willms Overpass Suite 77,Medford,Massachusetts,Middlesex County,,42.43724207007178,-71.09847711395693,1865136.2709999995,50475.049
9bfe3ad7-61c5-da76-7c73-5ef6d83f8336,1951-04-05,,999-82-3464,S99969327,X36027958X,Mr.,Florencio463,Mertz280,,,M,white,nonhispanic,M,Littleton Common  Massachusetts  US,220 Lemke Street Apt 89,Chicopee,Massachusetts,Hampden County,01020,42.168483271181046,-72.5312940542042,1974796.5500000003,41422.69
d648a358-8ce2-6f73-85ba-1207e7beaca8,2001-10-03,,999-26-7382,S99915251,X74727026X,Mr.,Hai304,Kessler503,,,,white,nonhispanic,M,Holden  Massachusetts  US,348 Rempel Union,Somerville,Massachusetts,Middlesex County,02138,42.38663197982152,-71.15637664483653,670264.2749999999,71.80499999999985
d27d27eb-5bd0-39cc-e76c-3240f22a1357,2003-01-28,,999-30-3526,S99975538,X51314339X,Mr.,Van763,Senger904,,,,white,nonhispanic,M,Raynham  Massachusetts  US,510 Schroeder Ferry Suite 61,Salisbury,Massachusetts,Essex County,,42.81354153654081,-70.83666161262474,603057.7125,9128.4375
6efa4f7a-1efb-e90f-4865-21dcc5434750,1947-02-10,,999-16-8957,S99923607,X63548904X,Ms.,Shin962,Olson653,,,S,white,hispanic,F,Billerica  Massachusetts  US,639 D'Amore Neck Suite 22,Boston,Massachusetts,Suffolk County,02125,42.21233742709998,-71.17774786845419,2086517.5330000008,362783.78699999995
a328fbfc-bc0d-daf1-d547-548ea76e03c3,2019-08-13,,999-82-6153,,,,Doug189,Thiel172,,,,white,nonhispanic,M,Wilbraham  Massachusetts  US,155 Rempel Dam,Norfolk,Massachusetts,Norfolk County,,42.07613992234226,-71.29339037909985,167426.255,1390.845
7cd61017-de34-5d13-112f-d1aecfd6aee6,1945-12-14,2009-08-28,999-91-8528,S99945671,X78202242X,Mrs.,Jona712,Ullrich385,,Spinka232,M,white,nonhispanic,F,Palmer  Massachusetts  US,111 Littel Burg,Quincy,Massachusetts,Norfolk County,02186,42.27294644114336,-71.0398895138384,2377311.3235,194951.0665
8f77c7e9-f4cb-d384-e132-6d959c1d25ed,1978-03-05,,999-55-8339,S99933978,X5707756X,Mrs.,Pok428,Christiansen251,,Wolff180,M,white,nonhispanic,F,Boston  Massachusetts  US,120 Terry Mall,Quincy,Massachusetts,Norfolk County,02170,42.31586326785982,-71.05231530342182,1638150.4625000001,14773.327499999996
ab39e8a5-9d8c-099e-db37-b53db26041ff,1939-06-11,2010-10-10,999-85-9414,S99981198,X18334464X,Mr.,Wilbert25,Satterfield305,,,M,black,nonhispanic,M,Swansea  Massachusetts  US,785 Morar Ramp,Weymouth,Massachusetts,Norfolk County,02189,42.19533153923903,-70.97452130868052,1690282.5949999997,67656.95499999999
924d9cf3-1df7-4567-a695-1229a9a050e3,1992-04-20,,999-40-8379,S99963702,X84787348X,Mrs.,Abigail677,Bruen238,,Little434,M,white,nonhispanic,F,Dennis  Massachusetts  US,263 Johns Ferry,Pittsfield,Massachusetts,Berkshire County,01201,42.4624858694766,-73.22635868979842,1810526.8775,274972.6925
2ecd058a-4ac4-0bc6-ac59-69d73e13a1f8,1918-06-23,2018-08-31,999-95-9521,S99958073,X21274890X,Mrs.,Latrina689,Glover433,,Bauch723,M,white,nonhispanic,F,Ludlow  Massachusetts  US,696 Bode Skyway Unit 0,Marshfield,Massachusetts,Plymouth County,02050,42.09211001489031,-70.74798185978723,3027054.5445000012,603165.2454999996
87523f2f-c0e6-857b-64a4-4a15c6c80417,2021-02-23,,999-85-8072,,,,Lou594,Botsford977,,,,black,nonhispanic,M,Springfield  Massachusetts  US,806 Bednar Wynd Apt 54,North Attleborough,Massachusetts,Bristol County,,42.002462135264565,-71.33914687081419,136296.05,0.0
501c0b88-d650-2c53-38c6-8d2dd0d23239,1994-03-19,,999-11-9025,S99941088,X52875270X,Mrs.,Cathleen724,Schmitt836,,Blick895,M,white,nonhispanic,F,Hingham  Massachusetts  US,200 Legros Skyway,Easton,Massachusetts,Bristol County,,42.02668635586684,-71.13116101440814,1515205.9525000004,3141.5775
86b466cf-04da-1b8a-4047-f1ee3a05d64c,1990-01-07,,999-14-6520,S99932215,X39920379X,Mr.,Bert917,Weissnat378,,,S,white,nonhispanic,M,Marblehead  Massachusetts  US,997 Moore Stravenue,Braintree,Massachusetts,Norfolk County,02184,42.228099486547045,-71.00414257687333,782009.7399999999,579.6899999999997
15ff97c3-1d98-8854-2967-dd65752f0707,1994-04-16,,999-89-4085,S99926238,X61046402X,Mr.,Francis500,Ullrich385,,,M,asian,nonhispanic,M,Attleboro  Massachusetts  US,175 Jacobi Key Apt 80,Bellingham,Massachusetts,Norfolk County,,42.03321924721179,-71.51027768748526,793644.7299999999,0.0
886a4380-191d-a783-172b-9c49363629ea,1955-06-29,2004-09-06,999-60-1498,S99958022,X2702543X,Mrs.,Shae705,Mayert710,,Stoltenberg489,M,white,nonhispanic,F,Framingham  Massachusetts  US,561 Ondricka Junction,Ashland,Massachusetts,Middlesex County,,42.29023853453413,-71.49531233267925,2640890.9105000007,778177.6194999999
74554486-94dd-c79a-e47d-3ffdbf97beb4,1984-12-17,,999-73-3419,S99994072,X7519284X,Mr.,Vito638,Cormier289,,,M,asian,nonhispanic,M,Westfield  Massachusetts  US,494 Witting Manor,Boston,Massachusetts,Suffolk County,02151,42.33243236679598,-71.07186865080419,886886.9980000001,125213.00199999998
a47f503f-9955-017a-6ba4-c27b28fb6cc7,1979-10-03,,999-17-6001,S99928898,X49159230X,Mr.,Darell496,Treutel973,,,M,white,nonhispanic,M,Dracut  Massachusetts  US,233 Langosh Trafficway,Lawrence,Massachusetts,Essex County,,42.72763993283482,-71.14683377520254,1296894.445,881.7149999999999
7f2bcab5-841a-c775-83af-bafde9bd78a8,1945-12-14,1985-10-17,999-55-7476,S99990352,X83935933X,Ms.,Lilly908,Tillman293,,,S,white,nonhispanic,F,Brockton  Massachusetts  US,489 O'Keefe Lock Unit 58,Quincy,Massachusetts,Norfolk County,02171,42.31332074439296,-71.00574449149815,1730964.162,748412.6079999998
6870a78a-d7dc-72af-780a-394315e6726f,1939-06-11,,999-56-6461,S99935538,X17095152X,Mr.,Dorian295,Labadie908,,,M,black,nonhispanic,M,South Amherst  Massachusetts  US,931 Feest Crossroad,Weymouth,Massachusetts,Norfolk County,02189,42.2820475584216,-70.99167328334693,2074718.4385000004,173629.76149999994
914d71a9-92ff-85fc-03ed-6aa9e0d119b7,2002-07-04,,999-85-9818,S99951842,X82966545X,Ms.,Mónica985,Frías523,,,,black,hispanic,F,Wesley  Saint Andrew Parish  DM,419 Jast Union,Boston,Massachusetts,Suffolk County,02115,42.37473383614565,-71.10497422619963,645893.37,41164.42
7604bfff-71d0-1c52-f30f-0274773c6fbd,1986-04-02,,999-57-5706,S99967981,X32547912X,Mr.,Arden380,Howell947,,,M,white,nonhispanic,M,Yarmouth  Massachusetts  US,362 Kessler Viaduct,Middleton,Massachusetts,Essex County,,42.59757514777515,-70.95753546277776,984018.5650000002,344.4749999999998
70bb5894-b685-8bcc-b45b-bbd53c4734e6,2025-08-15,,999-82-9748,,,,Lesa839,Mosciski958,,,,white,nonhispanic,F,Newton  Massachusetts  US,288 Quitzon Street,Somerset,Massachusetts,Bristol County,02725,41.78373840302544,-71.19069898445733,23346.5225,2539.5675
6774a255-e7b4-4b39-f9c0-5086501a3db9,1943-07-01,,999-34-3018,S99918262,X8928631X,Mr.,Eduardo902,Villalpando154,,,S,white,hispanic,M,Kingston  Kingston  JM,180 Bauch Wall,Springfield,Massachusetts,Hampden County,01108,42.116333963477736,-72.52411000020899,2012036.3210000007,38677.09900000001
b55c3866-3be6-938d-5fce-e673add76a16,2022-03-14,,999-57-8739,,,,Adelaida985,Orn563,,,,white,nonhispanic,F,Boston  Massachusetts  US,717 Corkery Esplanade,West Springfield,Massachusetts,Hampden County,01089,42.081350198090234,-72.6895162825954,13990.84,6095.959999999999
9803b00f-0b65-2c26-930e-751c6669bc32,2007-06-30,,999-69-6443,S99980503,,Ms.,Genevive999,Denesik803,,,,white,nonhispanic,F,Holbrook  Massachusetts  US,745 Goodwin Meadow Unit 89,Sterling,Massachusetts,Worcester County,,42.435706100239834,-71.82550076139435,491894.50749999995,760.8524999999998
a698ff49-1a42-d0ee-9560-102d3b36b8cd,1990-06-30,,999-89-9583,S99915416,X85209X,Ms.,Dawn804,Lubowitz58,,,S,white,nonhispanic,F,Boxford  Massachusetts  US,501 Bashirian Flat,Winchester,Massachusetts,Middlesex County,,42.464518256459115,-71.13045318091987,1119421.3085,62159.811499999996
aa187267-224e-7100-40aa-9960a4d48ca5,1918-06-23,,999-81-9534,S99956340,X85201393X,Ms.,Lawanna610,Wintheiser220,,,S,white,nonhispanic,F,Westford  Massachusetts  US,342 Lubowitz Forge,Marshfield,Massachusetts,Plymouth County,02050,42.08564772663885,-70.72591042832167,3581366.6099999994,812148.19
5c731d9f-5c3d-ad06-cb96-bffe090365ab,1998-01-23,,999-13-2134,S99936130,X55953115X,Mr.,Rudolf736,Hoeger474,,,M,black,nonhispanic,M,Danvers  Massachusetts  US,325 Block Neck Unit 69,New Bedford,Massachusetts,Bristol County,02744,41.662608095904815,-70.94639032701633,1467897.1475,2549.3925
8212850d-acac-e7bf-26b9-72b4dcf52141,2010-09-28,,999-34-1459,,,,Alonso270,Bogisich202,,,,white,nonhispanic,M,Porto  Douro Litoral  PT,1075 Howell Byway Suite 85,Lynn,Massachusetts,Essex County,01902,42.5247226098016,-70.91772245739931,931487.1625,166.14749999999995
c3f6a829-ba57-ae68-022c-a324b7a7f1b0,1981-07-23,,999-91-1102,S99959536,X17250869X,Mr.,Zachary28,Blick895,,,M,black,nonhispanic,M,Boston  Massachusetts  US,490 Kunde Quay Suite 57,Pembroke,Massachusetts,Plymouth County,,42.039935573288005,-70.85073639768487,1140754.2449999999,3168.255
d1fd0773-009c-39a4-c863-902073f578d2,1924-09-15,1987-05-11,999-80-4275,S99932700,X36063498X,Mr.,Damian46,Walker122,,,M,white,nonhispanic,M,Westborough  Massachusetts  US,628 Wiza Orchard Unit 0,Dartmouth,Massachusetts,Bristol County,,41.57917486300175,-70.91908570352544,1617058.3725,5318.347499999998
07278776-561f-40e0-bd41-88d5cf547c2d,1991-05-27,,999-21-1101,S99928334,X14647144X,Mr.,Mohammad578,Pacocha935,,,M,white,nonhispanic,M,Boston  Massachusetts  US,778 Hayes Trailer Unit 36,Boston,Massachusetts,Suffolk County,02125,42.25659120538852,-71.10132656466114,895826.8224999998,3398.6474999999996
46c58a21-7f9c-281c-55bf-6ed5c2d2ab3a,1995-05-25,,999-68-3784,S99929290,X63525407X,Mr.,Rene434,Lehner980,,,M,white,nonhispanic,M,Scituate  Massachusetts  US,1039 Rau Crossing,Boston,Massachusetts,Suffolk County,02152,42.30364958327642,-71.05977419831407,582209.6924999999,2447.7674999999995
b0ef64d1-fba5-4998-0304-021f45d6629f,1955-06-29,2016-06-06,999-27-7523,S99915544,X48747404X,Mrs.,Winter723,Hackett68,,Harvey63,M,white,nonhispanic,F,Scituate  Massachusetts  US,938 Tremblay Rapid,Ashland,Massachusetts,Middlesex County,,42.2572409802372,-71.47258252476892,1774206.9634999996,515586.66650000005
45a839b3-e712-b7c6-6b6c-58928c960e4f,1981-09-12,,999-92-3133,S99954444,X75357194X,Mrs.,Chang901,Jacobs452,,Barton704,M,white,nonhispanic,F,Boston  Massachusetts  US,592 Jerde Passage Suite 74,Reading,Massachusetts,Middlesex County,01801,42.571374141600565,-71.10932648026072,2756236.0200000005,377857.0
dd28bd88-1b41-a0ef-6e07-86c6619dc10f,1945-12-14,,999-16-8964,S99951733,X26606114X,Ms.,Shan714,Smith67,,,S,white,nonhispanic,F,Rutland  Massachusetts  US,421 Bayer Lane,Quincy,Massachusetts,Norfolk County,,42.207132476748434,-71.05045025627162,2969258.2260000007,299777.34400000004
893b8a57-2a7d-ff81-30f7-a22ba3113c26,1953-06-25,,999-24-3217,S99987744,X47853501X,Mrs.,Fannie183,Gutkowski940,,Stamm704,M,white,nonhispanic,F,New Bedford  Massachusetts  US,989 Bartell Light Apt 34,Newbury,Massachusetts,Essex County,,42.76415432502252,-70.90194775741557,2149518.2530000005,606455.7969999999
d0032bf2-f10a-6227-0af4-8570702c25c6,1977-07-01,,999-58-5436,S99978456,X19903502X,Mrs.,Emmaline88,Kreiger457,,Trantow673,M,white,nonhispanic,F,Springfield  Massachusetts  US,156 Dach Street Suite 22,Auburn,Massachusetts,Worcester County,,42.217861168881534,-71.86750350646209,1320363.665,62316.075000000004
d8a86fa1-2727-89b3-5e5f-1304d08f6db9,1975-11-23,,999-41-4900,S99935630,X65853531X,Mr.,Emerson869,Wiegand701,,,S,white,nonhispanic,M,West Springfield  Massachusetts  US,533 Deckow View Suite 55,Pittsfield,Massachusetts,Berkshire County,,42.48837496536012,-73.30530578089262,1878174.3224999998,17732.677499999998
7c4ba76c-dabb-f943-39c6-f3ca1b481880,1958-12-09,2008-01-08,999-51-8890,S99974315,X86027901X,Mr.,Clinton763,McGlynn426,,,M,asian,nonhispanic,M,Woburn  Massachusetts  US,409 Gutkowski Mews Apt 91,Cambridge,Massachusetts,Middlesex County,02141,42.39996106237606,-71.07347898205603,1355409.4925000002,9553.987500000001
e01a68fd-125d-d325-2f29-02e7849b8572,1999-10-01,,999-59-9008,S99941283,X27193731X,Ms.,Corrine68,Kreiger457,,,,white,nonhispanic,F,Tewksbury  Massachusetts  US,878 Zemlak Promenade Unit 7,Newbury,Massachusetts,Essex County,,42.74533285699005,-70.8584537059008,1838820.8949999998,1586.0849999999998
ddada820-5ca3-adc0-67af-b326ac3dbb56,1996-04-18,,999-59-2405,S99960876,X66241901X,Mrs.,Sylvie540,Brakus656,,Waters156,M,white,nonhispanic,F,Woburn  Massachusetts  US,1065 Hayes Forge Unit 66,Rochester,Massachusetts,Plymouth County,,41.724107558380254,-70.80904456299777,976446.6949999998,82615.125
a6d40999-bd21-f9d1-808c-4e51468923a2,1992-08-31,,999-94-2844,S99918563,X75932817X,Mr.,Arnold338,Krajcik437,,,M,white,nonhispanic,M,Fiskdale  Massachusetts  US,479 Pfannerstill Bridge,Harwich,Massachusetts,Barnstable County,,41.697960538372044,-70.0701860641952,989103.6,547111.62
28461938-2d84-7c89-4547-5423c599a82f,1994-11-21,,999-15-3233,S99922684,X74404090X,Mrs.,Kathryne752,Hayes766,,Kuphal363,M,white,nonhispanic,F,Newton  Massachusetts  US,465 Larson Parade Apt 89,Andover,Massachusetts,Essex County,01810,42.61193565859685,-71.18700809499924,1247736.6214999997,269855.64849999995
fd5d0861-0812-3fec-3d6b-44d291c319ad,1955-06-29,,999-18-2951,S99959139,X55813556X,Ms.,Beula159,Koch169,,,S,white,nonhispanic,F,Falmouth  Massachusetts  US,249 Kerluke Neck,Ashland,Massachusetts,Middlesex County,,42.28281472764796,-71.44787840354658,2464633.129,615417.3109999999
8ef3fd48-327b-5f56-e24f-6acc31f48378,2003-06-14,,999-92-2486,S99973176,X68398220X,Mr.,Isaiah615,Hammes673,,,,white,nonhispanic,M,Beverly  Massachusetts  US,692 Spinka Mall Suite 33,Worcester,Massachusetts,Worcester County,01609,42.2356248725146,-71.80230065152799,1361465.3825,978.3675
7e44d3b4-e91a-fc4b-6f2f-1fc921e21420,1983-10-16,,999-60-9776,S99965203,X12014871X,Mr.,Jesús825,Gaona896,,,M,white,hispanic,M,Roseau  Saint George  DM,973 Streich Dam,Raynham,Massachusetts,Bristol County,,41.937406267712824,-71.06497683510514,1086641.2999999998,1482.4199999999998
68f0b3fe-2f20-e097-af6a-c851a4e55f52,1947-10-05,,999-41-6554,S99919438,X42363842X,Mr.,Wayne846,Huels583,,,M,white,nonhispanic,M,Danvers  Massachusetts  US,172 Kuphal Meadow Unit 34,Harwich,Massachusetts,Barnstable County,,41.67867583459113,-70.11884922784577,2026025.4940000006,94456.53600000001
46a9a863-c2bf-56bc-621e-a8824e17adc3,1967-05-04,,999-93-3402,S99931916,X71065889X,Mr.,Deandre599,Bednar518,,,M,black,nonhispanic,M,Fitchburg  Massachusetts  US,997 McDermott Brook Suite 38,Brockton,Massachusetts,Plymouth County,02302,42.03831088802086,-71.03844568470466,1497085.8825000005,19554.427499999998
21702140-8022-c41c-8c20-78cffa89638c,1958-12-09,,999-79-5279,S99974764,X88375397X,Mr.,Gordon377,Medhurst46,,,M,asian,nonhispanic,M,Bedford  Massachusetts  US,381 Turner Corner,Cambridge,Massachusetts,Middlesex County,02139,42.405883417425066,-71.09820491404919,1662327.6375000007,12103.4325
aa8ae8ed-716c-b494-868c-62b9cd744343,2025-09-22,,999-20-5831,,,,Fernando603,Lockman863,,,,white,nonhispanic,M,Cambridge  Massachusetts  US,428 Block Course Suite 31,Lakeville,Massachusetts,Plymouth County,,41.82395190893979,-70.94673200950648,25498.969999999998,0.0
1575c31f-cc08-df0f-ff11-9e464b881329,2013-07-07,,999-40-7272,,,,Janelle257,Ledner144,,,,white,nonhispanic,F,Freetown  Massachusetts  US,505 Lockman Light Suite 40,Boston,Massachusetts,Suffolk County,02122,42.24723255787715,-71.14878258254168,328240.8175,1053.2624999999998
356f54d4-ddd4-9b74-957b-96d7e0d11ffb,2010-08-24,,999-63-4724,,,,Idalia306,Marquardt819,,,,white,nonhispanic,F,Pittsfield  Massachusetts  US,909 Dare Extension,Longmeadow,Massachusetts,Hampden County,01106,42.00918791361666,-72.52707388085508,294802.2925,9270.727499999999
d2e952bd-454a-89eb-0fc0-4d419000ef47,2022-05-19,,999-23-5289,,,,Jeanne553,Leffler128,,,,white,nonhispanic,F,Somerset  Massachusetts  US,921 Carter Park,Dartmouth,Massachusetts,Bristol County,,41.566327078300674,-70.99341388415694,116057.35,206.21999999999997
759777cd-ae7b-b6c2-cf65-b77a8e4e1c9b,2004-11-23,,999-78-5749,S99990958,X33899318X,Mr.,Gerry91,Steuber698,,,,white,nonhispanic,M,Milford  Massachusetts  US,117 Paucek Bridge,Lynn,Massachusetts,Essex County,01901,42.56126191660183,-71.01165217309878,66850.39799999999,20134.641999999996
a5f53a4f-e097-f112-d20a-894f001d5bdd,1956-07-14,,999-79-7196,S99935088,X61932180X,Mr.,Sal878,Volkman526,,,S,white,nonhispanic,M,Lowell  Massachusetts  US,1053 Gleason Route Unit 10,Boston,Massachusetts,Suffolk County,02125,42.33633906286851,-71.10116927457054,1095291.1774999995,16379.602499999997
0a0da018-10ee-5cd6-a393-b1bf39defcb3,1979-11-02,,999-42-9189,S99974908,X57133834X,Mr.,Rob341,Greenfelder433,,,M,white,nonhispanic,M,Sudbury  Massachusetts  US,885 Marvin Vista,Holden,Massachusetts,Worcester County,,42.339768710513184,-71.88645854540559,1221377.9574999996,1964.4225
f180d03c-7448-5a48-7e4d-6be685941c3b,2009-03-19,,999-51-6570,S99960039,,,Tressa150,Parker433,,,,white,nonhispanic,F,Lowell  Massachusetts  US,618 Block Meadow Unit 60,Stoughton,Massachusetts,Norfolk County,,42.07289712173205,-71.11702349087103,448977.4475,3196.4924999999994
dad4800d-58f8-a6bf-9179-a0b76cf833d9,2007-11-29,,999-44-2007,S99993146,,Mr.,Scot349,Mertz280,,,,white,nonhispanic,M,North Attleborough  Massachusetts  US,211 Haley Knoll Unit 47,East Brookfield,Massachusetts,Worcester County,01515,42.2587609896792,-72.02912827014616,466199.9199999999,1759.47
05976a84-aecc-0155-814f-be0c043fc2ef,1969-06-30,,999-23-3787,S99981653,X67081898X,Mr.,Bob965,Dickens475,,,M,black,nonhispanic,M,Webster  Massachusetts  US,535 Pouros Highlands,Milton,Massachusetts,Norfolk County,02186,42.211253662423964,-71.06885088277204,696785.4834999999,423914.76649999997
61f21f5d-c324-70cb-9056-897dc181586d,1987-12-10,,999-41-1448,S99937302,X20373567X,Mrs.,Kenisha791,Waelchi213,,Hayes766,M,white,nonhispanic,F,Sterling  Massachusetts  US,122 Muller Promenade,Pembroke,Massachusetts,Plymouth County,,42.10636745550299,-70.78100338769558,1171758.8625,594513.4074999999
c2fae324-d2a5-b0a3-1171-8e78dae88a03,1989-07-28,,999-74-1318,S99969332,X36871942X,Mrs.,Silvia880,Porras535,,Ruelas156,M,white,hispanic,F,Bayamon  Puerto Rico  PR,668 Collins Crossing,Grafton,Massachusetts,Worcester County,,42.16180311769246,-71.68088981315125,1239419.6634999998,478543.9365
2f4d92eb-974c-4c26-9ec2-6a4eb9dcaee6,1969-05-13,,999-79-3705,S99926564,X59747439X,Mrs.,Hermina428,O'Hara248,,Zemlak964,M,white,nonhispanic,F,North Reading  Massachusetts  US,367 Bauch Corner Unit 28,Springfield,Massachusetts,Hampden County,01119,42.12146335103815,-72.53309511167453,1608938.3700000008,25806.809999999998
00f3a55e-cb17-d908-611b-a905353c1067,1960-11-29,1971-08-17,999-29-6044,,,,Ernesto186,Wuckert783,,,,black,nonhispanic,M,Norton Center  Massachusetts  US,963 Tremblay Plaza,Sharon,Massachusetts,Norfolk County,,42.086889117997494,-71.16775513559998,370384.45999999996,0.0
ef0b7da9-9009-9fa6-ac0c-04a2e3582711,1958-08-20,,999-98-3443,S99989927,X18042945X,Ms.,Yasuko490,Ratke343,,,S,white,nonhispanic,F,Tewksbury  Massachusetts  US,158 Cormier Crossing,Stoughton,Massachusetts,Norfolk County,,42.13726693966641,-71.11069901292248,2280512.2879999997,178933.282
60086c43-d65c-46b0-4630-5c765abbfd0a,1993-10-21,2015-12-24,999-19-8069,S99947930,X59489642X,Ms.,Takako793,Hodkiewicz467,,,,white,nonhispanic,F,Shrewsbury  Massachusetts  US,662 White Crossing Suite 51,Methuen,Massachusetts,Essex County,,42.69490763384476,-71.18271942830859,729072.659,79005.401
c15ac2ca-6cf6-1501-bb0f-d13788b75cd0,2008-09-18,,999-89-2361,S99939119,,,Shanna635,Kovacek682,,,,white,nonhispanic,F,Barnstable  Massachusetts  US,1057 Murray Byway Apt 42,Andover,Massachusetts,Essex County,01810,42.59958544398068,-71.2067373501075,1233449.575,2943.015
0078f446-f102-1a1a-a53b-8c906a911fe6,2002-07-25,,999-37-9534,S99982446,X44478632X,Ms.,Erminia669,Lesch175,,,,white,nonhispanic,F,Stoughton  Massachusetts  US,237 Hintz Extension,Boston,Massachusetts,Suffolk County,02131,42.34140786322834,-71.00632465414142,756539.6975,3403.6724999999997
57c64ac8-622f-02a2-c2fc-cf5c7481cacd,1960-05-13,2025-04-28,999-97-2177,S99986593,X8347716X,Mr.,Nick779,Aufderhar910,,,M,white,nonhispanic,M,Holliston  Massachusetts  US,896 McLaughlin Path,Ashland,Massachusetts,Middlesex County,,42.298129012200384,-71.47570802723268,1696058.1200000006,17621.31
8a85f814-241e-4d90-7811-39caa7c0f886,1993-10-21,,999-11-7887,S99931472,X72093896X,Ms.,Caroyln232,Waters156,,,S,white,nonhispanic,F,North Scituate  Massachusetts  US,134 Hills Stravenue Apt 91,Methuen,Massachusetts,Essex County,01844,42.73540057495488,-71.18918536965667,1241380.6905,254045.84949999998
6a37648a-f818-52b0-e105-2c9115e91df2,1962-05-26,,999-69-5494,S99956532,X6936126X,Mrs.,Margarete324,Conn188,,McGlynn426,M,white,nonhispanic,F,Andover  Massachusetts  US,624 Kilback Mall Unit 41,South Yarmouth,Massachusetts,Barnstable County,02664,41.66992863463157,-70.18970306870108,2005086.9555000009,32630.4145
d76ec40f-0ce0-f1f9-f182-0126623a5333,1960-11-29,,999-76-9595,S99934535,X24005040X,Mr.,Minh326,Cummerata161,,,M,black,nonhispanic,M,Plymouth  Massachusetts  US,1072 Mayer Dale Suite 42,Sharon,Massachusetts,Norfolk County,02067,42.08974383562616,-71.16107424514739,1667434.1650000005,75081.46500000001
f2dcdb4c-daa3-5d7c-fe7e-f924e3a7cc52,2007-09-19,,999-38-4121,S99949002,,Ms.,Giuseppina753,Graham902,,,,white,nonhispanic,F,Abington  Massachusetts  US,606 Bartell Rest,Leominster,Massachusetts,Worcester County,,42.52394708786366,-71.79734450960119,450483.40249999997,980.8874999999999
8037a266-b4c9-a846-4e45-a6c3387615b6,1942-06-27,2009-08-08,999-83-4926,S99955507,X19750594X,Mr.,Antony83,Casper496,,,M,white,nonhispanic,M,Brockton  Massachusetts  US,1067 Prosacco Road Suite 24,Boston,Massachusetts,Suffolk County,02125,42.35851842896935,-71.09449204436179,1774136.4959999996,61745.964
52f8e15b-01b9-3743-27b4-e46d248b08a7,2012-09-20,,999-66-2960,,,,Kylee806,Dibbert990,,,,white,nonhispanic,F,Taunton  Massachusetts  US,1072 Kub Overpass,Haverhill,Massachusetts,Essex County,,42.8116795224491,-71.05058523676992,44304.3195,24592.070499999998
25ecfa6f-48cc-1136-9866-97e85bc3033f,1984-07-30,,999-31-3435,S99981151,X31639061X,Ms.,Mitchell808,Walsh511,,,S,white,nonhispanic,F,Grafton  Massachusetts  US,233 Kautzer Road,Duxbury,Massachusetts,Plymouth County,,41.999036175001415,-70.70886878776547,1463916.4099999997,259145.45
2dc5dd9c-9d01-5e9b-dd18-d1599c96a7d3,1970-12-22,,999-64-5488,S99940729,X21918818X,Mr.,Gerardo48,Watsica258,,,M,white,nonhispanic,M,Dunstable  Massachusetts  US,321 Jenkins Hollow,Attleboro,Massachusetts,Bristol County,,41.96089091704558,-71.28188136488068,1537684.5975000001,13233.9825
ae4639f0-ce05-5461-aaed-3d93ccaf8430,1966-03-10,,999-34-3739,S99944789,X81438128X,Mr.,Franklyn361,Walter473,,,M,white,nonhispanic,M,Mansfield  Massachusetts  US,427 Hoppe Club Apt 50,Boston,Massachusetts,Suffolk County,02132,42.36015706226959,-71.02922932882663,2016153.985,1227.4349999999997
c18b188b-6934-f17f-e699-83c135c25ecb,1960-05-13,,999-71-3666,S99992224,X42651726X,Mr.,Geraldo282,Feest103,,,S,white,nonhispanic,M,West Newbury  Massachusetts  US,170 Casper Crossing Apt 0,Ashland,Massachusetts,Middlesex County,,42.294746777837126,-71.5075078468121,1640844.9529999995,2256.957
a3269b40-8fbe-e598-7231-427cbceb07af,2006-08-20,,999-15-1428,S99967865,,Ms.,Brandy18,Macejkovic424,,,,white,nonhispanic,F,Middleborough  Massachusetts  US,1070 Lind Highlands,Ware,Massachusetts,Hampshire County,,42.25905612461659,-72.32208911816718,506368.1575,10719.2325
2707cb60-8fa7-9ad3-4bdd-0e2b2f530df5,2022-04-15,,999-69-2385,,,,Conrad619,Kirlin939,,,,white,nonhispanic,M,Mattapoisett  Massachusetts  US,226 Schiller Terrace Unit 39,Fitchburg,Massachusetts,Worcester County,01420,42.56709518211227,-71.83763594774003,114932.34999999999,484.55999999999995
6ec74680-b40c-0863-1031-062ed195ab9e,1949-12-20,,999-60-1930,S99992295,X280460X,Mrs.,Marni913,Fritsch593,,Halvorson124,M,white,nonhispanic,F,Upton  Massachusetts  US,940 Hyatt Heights,Lawrence,Massachusetts,Essex County,01841,42.67521443468599,-71.18000711522183,341720.9160000001,1042167.404
ab28e4ae-a8f8-a087-6a54-00e5d8df3d8a,1997-12-10,,999-64-7224,S99921587,X14688670X,Mr.,Max124,Collins926,,,M,white,nonhispanic,M,Ashland  Massachusetts  US,659 Gleason Ville Suite 61,South Hadley,Massachusetts,Hampshire County,,42.22286258053099,-72.57202811671264,723313.6900000001,10280.460000000001
832c9922-5af9-7549-ce48-477fc9f52b1d,1958-03-13,,999-98-2060,S99956232,X13881950X,Mrs.,Cathie710,Auer97,,Wolff180,M,white,nonhispanic,F,Worcester  Massachusetts  US,404 Runolfsson Green,Somerville,Massachusetts,Middlesex County,02138,42.398582845297945,-71.12168444268585,1709621.253,156502.37699999998
3128497e-7488-3905-abd8-48956439a39c,1942-06-27,,999-89-2138,S99968774,X85432940X,Mr.,Jacinto644,Schuppe920,,,M,white,nonhispanic,M,Arlington  Massachusetts  US,259 Bosco Key Apt 1,Boston,Massachusetts,Suffolk County,02120,42.34176565379469,-71.12258224181315,1998262.1984999995,36618.08149999999
352059f6-6694-34fa-28cd-eecd2ca0847e,1948-10-13,,999-40-2113,S99966405,X80766097X,Mrs.,Crysta430,Moore224,,Howe413,M,white,nonhispanic,F,Wareham  Massachusetts  US,297 Kreiger Overpass,Williamstown,Massachusetts,Berkshire County,,42.66517963134639,-73.24022256184186,1985407.5414999998,180348.51849999998
0637d839-180e-e1f4-e9ad-f008da1d2871,1924-09-15,,999-70-3886,S99995559,X6238340X,Mr.,Byron202,Jerde200,,,M,white,nonhispanic,M,Randolph  Massachusetts  US,1037 Kling Crossing Unit 30,Dartmouth,Massachusetts,Bristol County,,41.55967598869371,-70.93259820220446,2.6810778495E7,14632.095
